rlcPacketLossDl:vector ExtClientServerExample.gnb.cellularNic.rlc.um (#0 - test-0-20250830-13:43:36-16472),
0.234,0
0.25,0
0.251,0
0.266,0
0.267,0
0.282,0
0.297,0
0.299,0
0.314,0
0.32,0
0.321,0
0.322,0
0.323,0
0.325,0
0.33,0
0.333,0
0.337,0
0.34,0
0.343,0
0.345,0
0.347,0
0.352,0
0.353,0
0.354,0
0.355,0
0.357,0
0.36,0
0.361,0
0.362,0
0.363,0
0.365,0
0.367,0
0.368,0
0.37,0
0.371,0
0.372,0
0.373,0
0.375,0
0.376,0
0.377,0
0.378,0
0.379,0
0.381,0
0.383,0
0.384,0
0.386,0
0.387,0
0.388,0
0.389,0
0.39,0
0.391,0
0.393,0
0.395,0
0.397,0
0.398,0
0.399,0
0.4,0
0.401,0
0.403,0
0.411,0
0.412,0
0.414,0
0.415,0
0.417,0
0.418,0
0.419,0
0.422,0
0.423,0
0.424,0
0.425,0
0.426,0
0.427,0
0.428,0
0.429,0
0.43,0
0.431,0
0.432,0
0.433,0
0.434,0
0.435,0
0.436,0
0.437,0
0.438,0
0.446,0
0.449,0
0.45,0
0.451,0
0.452,0
0.453,0
0.454,0
0.455,0
0.456,0
0.457,0
0.458,0
0.459,0
0.46,0
0.461,0
0.462,0
0.463,0
0.464,0
0.465,0
0.466,0
0.467,0
0.468,0
0.469,0
0.47,0
0.471,0
0.472,0
0.473,0
0.474,0
0.475,0
0.476,0
0.477,0
0.478,0
0.479,0
0.48,0
0.481,0
0.482,0
0.483,0
0.484,0
0.485,0
0.486,0
0.487,0
0.488,0
0.489,0
0.49,0
0.491,0
0.492,0
0.497,0
0.498,0
0.499,0
0.5,0
0.501,0
0.502,0
0.503,0
0.504,0
0.505,0
0.506,0
0.507,0
0.508,0
0.509,0
0.51,0
0.511,0
0.512,0
0.513,0
0.514,0
0.515,0
0.516,0
0.517,0
0.518,0
0.519,0
0.52,0
0.521,0
0.522,0
0.523,0
0.524,0
0.526,0
0.527,0
0.53,0
0.531,0
0.532,0
0.533,0
0.534,0
0.535,0
0.536,0
0.537,0
0.538,0
0.539,0
0.54,0
0.541,0
0.542,0
0.543,0
0.544,0
0.545,0
0.546,0
0.547,0
0.548,0
0.549,0
0.55,0
0.551,0
0.552,0
0.553,0
0.554,0
0.555,0
0.556,0
0.557,0
0.558,0
0.559,0
0.56,0
0.564,0
0.565,0
0.566,0
0.567,0
0.568,0
0.569,0
0.57,0
0.571,0
0.572,0
0.573,0
0.574,0
0.575,0
0.576,0
0.577,0
0.578,0
0.579,0
0.58,0
0.581,0
0.582,0
0.583,0
0.584,0
0.585,0
0.586,0
0.587,0
0.588,0
0.589,0
0.59,0
0.591,0
0.592,0
0.593,0
0.594,0
0.595,0
0.599,0
0.6,0
0.601,0
0.602,0
0.603,0
0.604,0
0.605,0
0.606,0
0.607,0
0.608,0
0.609,0
0.61,0
0.611,0
0.612,0
0.613,0
0.614,0
0.615,0
0.616,0
0.617,0
0.618,0
0.619,0
0.62,0
0.621,0
0.622,0
0.623,0
0.624,0
0.625,0
0.626,0
0.63,0
0.631,0
0.632,0
0.633,0
0.634,0
0.635,0
0.636,0
0.637,0
0.638,0
0.639,0
0.64,0
0.641,0
0.642,0
0.643,0
0.644,0
0.645,0
0.646,0
0.647,0
0.648,0
0.649,0
0.65,0
0.651,0
0.652,0
0.653,0
0.654,0
0.655,0
0.656,0
0.658,0
0.664,0
0.665,0
0.666,0
0.667,0
0.668,0
0.669,0
0.67,0
0.671,0
0.672,0
0.673,0
0.674,0
0.675,0
0.676,0
0.677,0
0.678,0
0.679,0
0.68,0
0.681,0
0.682,0
0.683,0
0.684,0
0.685,0
0.686,0
0.687,0
0.688,0
0.689,0
0.69,0
0.691,0
0.692,0
0.693,0
0.694,0
0.696,0
0.698,0
0.699,0
0.7,0
0.701,0
0.702,0
0.703,0
0.704,0
0.705,0
0.706,0
0.707,0
0.708,0
0.709,0
0.71,0
0.711,0
0.712,0
0.713,0
0.714,0
0.715,0
0.716,0
0.717,0
0.718,0
0.719,0
0.72,0
0.721,0
0.722,0
0.723,0
0.724,0
0.725,0
0.726,0
0.727,0
0.728,0
0.729,0
0.73,0
0.731,0
0.732,0
0.733,0
0.734,0
0.735,0
0.736,0
0.737,0
0.738,0
0.739,0
0.74,0
0.741,0
0.742,0
0.743,0
0.744,0
0.745,0
0.746,0
0.747,0
0.748,0
0.749,0
0.75,0
0.751,0
0.752,0
0.753,0
0.754,0
0.755,0
0.756,0
0.757,0
0.758,0
0.759,0
0.76,0
0.761,0
0.762,0
0.763,0
0.764,0
0.765,0
0.766,0
0.767,0
0.768,0
0.769,0
0.77,0
0.771,0
0.772,0
0.773,0
0.774,0
0.775,0
0.776,0
0.777,0
0.778,0
0.779,0
0.78,0
0.781,0
0.782,0
0.783,0
0.784,0
0.785,0
0.786,0
0.787,0
0.788,0
0.789,0
0.79,0
0.791,0
0.792,0
0.793,0
0.794,0
0.795,0
0.796,0
0.797,0
0.798,0
0.799,0
0.8,0
0.801,0
0.802,0
0.803,0
0.804,0
0.805,0
0.806,0
0.807,0
0.808,0
0.809,0
0.81,0
0.811,0
0.812,0
0.813,0
0.814,0
0.815,0
0.816,0
0.817,0
0.818,0
0.819,0
0.82,0
0.821,0
0.822,0
0.823,0
0.824,0
0.825,0
0.826,0
0.827,0
0.828,0
0.829,0
0.83,0
0.831,0
0.832,0
0.833,0
0.834,0
0.835,0
0.836,0
0.837,0
0.838,0
0.839,0
0.84,0
0.841,0
0.842,0
0.843,0
0.844,0
0.845,0
0.846,0
0.847,0
0.848,0
0.849,0
0.85,0
0.851,0
0.852,0
0.853,0
0.854,0
0.855,0
0.856,0
0.857,0
0.858,0
0.859,0
0.86,0
0.861,0
0.862,0
0.863,0
0.864,0
0.865,0
0.866,0
0.867,0
0.868,0
0.869,0
0.87,0
0.871,0
0.872,0
0.873,0
0.874,0
0.875,0
0.876,0
0.877,0
0.878,0
0.879,0
0.88,0
0.881,0
0.882,0
0.883,0
0.884,0
0.885,0
0.886,0
0.887,0
0.888,0
0.889,0
0.89,0
0.891,0
0.892,0
0.893,0
0.894,0
0.895,0
0.896,0
0.897,0
0.898,0
0.899,0
0.9,0
0.901,0
0.902,0
0.903,0
0.904,0
0.905,0
0.906,0
0.907,0
0.908,0
0.909,0
0.91,0
0.911,0
0.912,0
0.913,0
0.914,0
0.915,0
0.916,0
0.917,0
0.918,0
0.919,0
0.92,0
0.921,0
0.922,0
0.923,0
0.924,0
0.925,0
0.926,0
0.927,0
0.928,0
0.929,0
0.93,0
0.931,0
0.932,0
0.933,0
0.934,0
0.935,0
0.936,0
0.937,0
0.938,0
0.939,0
0.94,0
0.941,0
0.942,0
0.943,0
0.944,0
0.945,0
0.946,0
0.947,0
0.948,0
0.949,0
0.95,0
0.951,0
0.952,0
0.953,0
0.954,0
0.955,0
0.956,0
0.957,0
0.958,0
0.959,0
0.96,0
0.961,0
0.962,0
0.963,0
0.964,0
0.965,0
0.966,0
0.967,0
0.968,0
0.969,0
0.97,0
0.971,0
0.972,0
0.973,0
0.974,0
0.975,0
0.976,0
0.977,0
0.978,0
0.979,0
0.98,0
0.981,0
0.982,0
0.983,0
0.984,0
0.985,0
0.986,0
0.987,0
0.988,0
0.989,0
0.99,0
0.991,0
0.992,0
0.993,0
0.994,0
0.995,0
0.996,0
0.997,0
0.998,0
0.999,0
1,0
1.001,0
1.002,0
1.003,0
1.004,0
1.005,0
1.006,0
1.007,0
1.008,0
1.009,0
1.01,0
1.011,0
1.012,0
1.013,0
1.014,0
1.015,0
1.016,0
1.017,0
1.018,0
1.019,0
1.02,0
1.021,0
1.022,0
1.023,0
1.024,0
1.025,0
1.026,0
1.027,0
1.028,0
1.029,0
1.03,0
1.031,0
1.032,0
1.033,0
1.034,0
1.035,0
1.036,0
1.037,0
1.038,0
1.039,0
1.04,0
1.041,0
1.042,0
1.043,0
1.044,0
1.045,0
1.046,0
1.047,0
1.048,0
1.049,0
1.05,0
1.051,0
1.052,0
1.053,0
1.054,0
1.055,0
1.056,0
1.057,0
1.058,0
1.059,0
1.06,0
1.061,0
1.062,0
1.063,0
1.064,0
1.065,0
1.066,0
1.067,0
1.068,0
1.069,0
1.07,0
1.071,0
1.072,0
1.073,0
1.074,0
1.075,0
1.076,0
1.077,0
1.078,0
1.079,0
1.08,0
1.081,0
1.082,0
1.083,0
1.084,0
1.085,0
1.086,0
1.087,0
1.088,0
1.089,0
1.09,0
1.091,0
1.092,0
1.093,0
1.094,0
1.095,0
1.096,0
1.097,0
1.098,0
1.099,0
1.1,0
1.101,0
1.102,0
1.103,0
1.104,0
1.105,0
1.106,0
1.107,0
1.108,0
1.109,0
1.11,0
1.111,0
1.112,0
1.113,0
1.114,0
1.115,0
1.116,0
1.117,0
1.118,0
1.119,0
1.12,0
1.121,0
1.122,0
1.123,0
1.124,0
1.125,0
1.126,0
1.127,0
1.128,0
1.129,0
1.13,0
1.131,0
1.132,0
1.133,0
1.134,0
1.135,0
1.136,0
1.137,0
1.138,0
1.139,0
1.14,0
1.141,0
1.142,0
1.143,0
1.144,0
1.145,0
1.146,0
1.147,0
1.148,0
1.149,0
1.15,0
1.151,0
1.152,0
1.153,0
1.154,0
1.155,0
1.156,0
1.157,0
1.158,0
1.159,0
1.16,0
1.161,0
1.162,0
1.163,0
1.164,0
1.165,0
1.166,0
1.167,0
1.168,0
1.169,0
1.17,0
1.171,0
1.172,0
1.173,0
1.174,0
1.175,0
1.176,0
1.177,0
1.178,0
1.179,0
1.18,0
1.181,0
1.182,0
1.183,0
1.184,0
1.185,0
1.186,0
1.187,0
1.188,0
1.189,0
1.19,0
1.191,0
1.192,0
1.193,0
1.194,0
1.195,0
1.196,0
1.197,0
1.198,0
1.199,0
1.2,0
1.201,0
1.203,0
1.204,0
1.205,0
1.206,0
1.207,0
1.208,0
1.209,0
1.21,0
1.211,0
1.212,0
1.213,0
1.214,0
1.215,0
1.216,0
1.217,0
1.218,0
1.219,0
1.22,0
1.221,0
1.222,0
1.223,0
1.224,0
1.225,0
1.226,0
1.227,0
1.228,0
1.229,0
1.23,0
1.231,0
1.232,0
1.233,0
1.234,0
1.235,0
1.236,0
1.237,0
1.238,0
1.239,0
1.24,0
1.241,0
1.242,0
1.243,0
1.244,0
1.245,0
1.246,0
1.247,0
1.248,0
1.249,0
1.25,0
1.251,0
1.252,0
1.253,0
1.254,0
1.255,0
1.256,0
1.257,0
1.258,0
1.259,0
1.26,0
1.261,0
1.262,0
1.263,0
1.264,0
1.265,0
1.266,0
1.267,0
1.268,0
1.269,0
1.27,0
1.271,0
1.272,0
1.273,0
1.274,0
1.275,0
1.276,0
1.277,0
1.278,0
1.279,0
1.28,0
1.281,0
1.282,0
1.283,0
1.284,0
1.285,0
1.286,0
1.288,0
1.289,0
1.29,0
1.291,0
1.292,0
1.293,0
1.294,0
1.295,0
1.296,0
1.297,0
1.298,0
1.299,0
1.3,0
1.301,0
1.302,0
1.303,0
1.304,0
1.305,0
1.306,0
1.307,0
1.308,0
1.309,0
1.31,0
1.311,0
1.312,0
1.313,0
1.314,0
1.315,0
1.316,0
1.317,0
1.318,0
1.319,0
1.32,0
1.321,0
1.322,0
1.323,0
1.324,0
1.325,0
1.326,0
1.327,0
1.328,0
1.329,0
1.33,0
1.331,0
1.332,0
1.333,0
1.334,0
1.335,0
1.336,0
1.337,0
1.338,0
1.339,0
1.34,0
1.341,0
1.342,0
1.343,0
1.344,0
1.345,0
1.346,0
1.347,0
1.348,0
1.349,0
1.35,0
1.351,0
1.352,0
1.353,0
1.354,0
1.355,0
1.356,0
1.357,0
1.358,0
1.359,0
1.36,0
1.361,0
1.362,0
1.363,0
1.364,0
1.365,0
1.366,0
1.367,0
1.368,0
1.369,0
1.37,0
1.371,0
1.372,0
1.373,0
1.374,0
1.375,0
1.376,0
1.377,0
1.378,0
1.379,0
1.38,0
1.381,0
1.382,0
1.383,0
1.384,0
1.385,0
1.386,0
1.387,0
1.388,0
1.389,0
1.39,0
1.391,0
1.392,0
1.393,0
1.394,0
1.395,0
1.396,0
1.397,0
1.398,0
1.399,0
1.4,0
1.401,0
1.402,0
1.403,0
1.404,0
1.405,0
1.406,0
1.407,0
1.408,0
1.409,0
1.41,0
1.411,0
1.412,0
1.413,0
1.414,0
1.415,0
1.416,0
1.417,0
1.418,0
1.419,0
1.42,0
1.421,0
1.422,0
1.423,0
1.424,0
1.425,0
1.426,0
1.427,0
1.428,0
1.429,0
1.43,0
1.431,0
1.432,0
1.433,0
1.434,0
1.435,0
1.436,0
1.437,0
1.438,0
1.439,0
1.44,0
1.441,0
1.442,0
1.443,0
1.444,0
1.445,0
1.446,0
1.447,0
1.448,0
1.449,0
1.45,0
1.451,0
1.452,0
1.453,0
1.454,0
1.455,0
1.456,0
1.457,0
1.458,0
1.459,0
1.46,0
1.461,0
1.462,0
1.463,0
1.464,0
1.465,0
1.466,0
1.467,0
1.468,0
1.469,0
1.47,0
1.471,0
1.472,0
1.473,0
1.474,0
1.475,0
1.476,0
1.477,0
1.478,0
1.479,0
1.48,0
1.481,0
1.482,0
1.483,0
1.484,0
1.485,0
1.486,0
1.487,0
1.488,0
1.489,0
1.49,0
1.491,0
1.492,0
1.493,0
1.494,0
1.495,0
1.496,0
1.497,0
1.498,0
1.499,0
1.5,0
1.501,0
1.502,0
1.503,0
1.504,0
1.505,0
1.506,0
1.507,0
1.508,0
1.509,0
1.51,0
1.511,0
1.512,0
1.513,0
1.514,0
1.515,0
1.516,0
1.517,0
1.518,0
1.519,0
1.52,0
1.521,0
1.522,0
1.523,0
1.524,0
1.525,0
1.526,0
1.527,0
1.528,0
1.529,0
1.53,0
1.531,0
1.532,0
1.533,0
1.534,0
1.535,0
1.536,0
1.537,0
1.538,0
1.539,0
1.54,0
1.541,0
1.542,0
1.543,0
1.544,0
1.545,0
1.546,0
1.547,0
1.548,0
1.549,0
1.55,0
1.551,0
1.552,0
1.553,0
1.554,0
1.555,0
1.556,0
1.557,0
1.558,0
1.559,0
1.56,0
1.561,0
1.562,0
1.563,0
1.564,0
1.565,0
1.566,0
1.567,0
1.568,0
1.569,0
1.57,0
1.571,0
1.572,0
1.573,0
1.574,0
1.575,0
1.576,0
1.577,0
1.578,0
1.579,0
1.58,0
1.581,0
1.582,0
1.583,0
1.584,0
1.585,0
1.586,0
1.587,0
1.588,0
1.589,0
1.59,0
1.591,0
1.592,0
1.593,0
1.594,0
1.595,0
1.596,0
1.597,0
1.598,0
1.599,0
1.6,0
1.601,0
1.602,0
1.603,0
1.604,0
1.605,0
1.606,0
1.607,0
1.608,0
1.609,0
1.61,0
1.611,0
1.612,0
1.613,0
1.614,0
1.615,0
1.616,0
1.617,0
1.618,0
1.619,0
1.62,0
1.621,0
1.622,0
1.623,0
1.624,0
1.625,0
1.626,0
1.627,0
1.628,0
1.629,0
1.63,0
1.631,0
1.632,0
1.633,0
1.634,0
1.635,0
1.636,0
1.637,0
1.638,0
1.639,0
1.64,0
1.641,0
1.642,0
1.643,0
1.644,0
1.645,0
1.646,0
1.647,0
1.648,0
1.649,0
1.65,0
1.651,0
1.652,0
1.653,0
1.654,0
1.655,0
1.656,0
1.657,0
1.658,0
1.659,0
1.66,0
1.661,0
1.662,0
1.663,0
1.664,0
1.665,0
1.666,0
1.667,0
1.668,0
1.669,0
1.67,0
1.671,0
1.672,0
1.673,0
1.674,0
1.675,0
1.676,0
1.677,0
1.678,0
1.679,0
1.68,0
1.681,0
1.682,0
1.683,0
1.684,0
1.685,0
1.686,0
1.687,0
1.688,0
1.689,0
1.69,0
1.691,0
1.692,0
1.693,0
1.694,0
1.695,0
1.696,0
1.697,0
1.698,0
1.699,0
1.7,0
1.701,0
1.702,0
1.703,0
1.704,0
1.705,0
1.706,0
1.707,0
1.708,0
1.709,0
1.71,0
1.711,0
1.712,0
1.713,0
1.714,0
1.715,0
1.716,0
1.717,0
1.718,0
1.719,0
1.72,0
1.721,0
1.722,0
1.723,0
1.724,0
1.725,0
1.726,0
1.727,0
1.728,0
1.729,0
1.73,0
1.731,0
1.732,0
1.733,0
1.734,0
1.735,0
1.736,0
1.737,0
1.738,0
1.739,0
1.74,0
1.741,0
1.742,0
1.743,0
1.744,0
1.745,0
1.746,0
1.747,0
1.748,0
1.749,0
1.75,0
1.751,0
1.752,0
1.753,0
1.754,0
1.755,0
1.756,0
1.757,0
1.758,0
1.759,0
1.76,0
1.761,0
1.762,0
1.763,0
1.764,0
1.765,0
1.766,0
1.767,0
1.768,0
1.769,0
1.77,0
1.771,0
1.772,0
1.773,0
1.774,0
1.775,0
1.776,0
1.777,0
1.778,0
1.779,0
1.78,0
1.781,0
1.782,0
1.783,0
1.784,0
1.785,0
1.786,0
1.787,0
1.788,0
1.789,0
1.79,0
1.791,0
1.792,0
1.793,0
1.794,0
1.795,0
1.796,0
1.797,0
1.798,0
1.799,0
1.8,0
1.801,0
1.802,0
1.803,0
1.804,0
1.805,0
1.806,0
1.807,0
1.808,0
1.809,0
1.81,0
1.811,0
1.812,0
1.813,0
1.814,0
1.815,0
1.816,0
1.817,0
1.818,0
1.819,0
1.82,0
1.821,0
1.822,0
1.823,0
1.824,0
1.825,0
1.826,0
1.827,0
1.828,0
1.829,0
1.83,0
1.831,0
1.832,0
1.833,0
1.834,0
1.835,0
1.836,0
1.837,0
1.838,0
1.839,0
1.84,0
1.841,0
1.842,0
1.843,0
1.844,0
1.845,0
1.846,0
1.847,0
1.848,0
1.849,0
1.85,0
1.851,0
1.852,0
1.853,0
1.854,0
1.855,0
1.856,0
1.857,0
1.858,0
1.859,0
1.86,0
1.861,0
1.862,0
1.863,0
1.864,0
1.865,0
1.866,0
1.867,0
1.868,0
1.869,0
1.87,0
1.871,0
1.872,0
1.873,0
1.874,0
1.875,0
1.876,0
1.877,0
1.878,0
1.879,0
1.88,0
1.881,0
1.882,0
1.883,0
1.884,0
1.885,0
1.886,0
1.887,0
1.888,0
1.889,0
1.89,0
1.891,0
1.892,0
1.893,0
1.894,0
1.895,0
1.896,0
1.897,0
1.898,0
1.899,0
1.9,0
1.901,0
1.902,0
1.903,0
1.904,0
1.905,0
1.906,0
1.907,0
1.908,0
1.909,0
1.91,0
1.911,0
1.912,0
1.913,0
1.914,0
1.915,0
1.916,0
1.917,0
1.918,0
1.919,0
1.92,0
1.921,0
1.922,0
1.923,0
1.924,0
1.925,0
1.926,0
1.927,0
1.928,0
1.929,0
1.93,0
1.931,0
1.932,0
1.933,0
1.934,0
1.935,0
1.936,0
1.937,0
1.938,0
1.939,0
1.94,0
1.941,0
1.942,0
1.943,0
1.944,0
1.945,0
1.946,0
1.947,0
1.948,0
1.949,0
1.95,0
1.951,0
1.952,0
1.953,0
1.954,0
1.955,0
1.956,0
1.957,0
1.958,0
1.959,0
1.96,0
1.961,0
1.962,0
1.963,0
1.964,0
1.965,0
1.966,0
1.967,0
1.968,0
1.969,0
1.97,0
1.971,0
1.972,0
1.973,0
1.974,0
1.975,0
1.976,0
1.977,0
1.978,0
1.979,0
1.98,0
1.981,0
1.982,0
1.983,0
1.984,0
1.985,0
1.986,0
1.987,0
1.988,0
1.989,0
1.99,0
1.991,0
1.992,0
1.993,0
1.994,0
1.995,0
1.996,0
1.997,0
1.998,0
1.999,0
2,0
2.001,0
2.002,0
2.003,0
2.004,0
2.005,0
2.006,0
2.007,0
2.008,0
2.009,0
2.01,0
2.011,0
2.012,0
2.013,0
2.014,0
2.015,0
2.016,0
2.017,0
2.018,0
2.019,0
2.02,0
2.021,0
2.022,0
2.023,0
2.024,0
2.025,0
2.026,0
2.027,0
2.028,0
2.029,0
2.03,0
2.031,0
2.032,0
2.033,0
2.034,0
2.035,0
2.036,0
2.037,0
2.038,0
2.039,0
2.04,0
2.041,0
2.042,0
2.043,0
2.044,0
2.045,0
2.046,0
2.047,0
2.048,0
2.049,0
2.05,0
2.051,0
2.052,0
2.053,0
2.054,0
2.055,0
2.056,0
2.057,0
2.058,0
2.059,0
2.06,0
2.061,0
2.062,0
2.063,0
2.064,0
2.065,0
2.066,0
2.067,0
2.068,0
2.069,0
2.07,0
2.071,0
2.072,0
2.073,0
2.074,0
2.075,0
2.076,0
2.077,0
2.078,0
2.079,0
2.08,0
2.081,0
2.082,0
2.083,0
2.084,0
2.085,0
2.086,0
2.087,0
2.088,0
2.089,0
2.09,0
2.091,0
2.092,0
2.093,0
2.094,0
2.095,0
2.096,0
2.097,0
2.098,0
2.099,0
2.1,0
2.101,0
2.102,0
2.103,0
2.104,0
2.105,0
2.106,0
2.107,0
2.108,0
2.109,0
2.11,0
2.111,0
2.112,0
2.113,0
2.114,0
2.115,0
2.116,0
2.117,0
2.118,0
2.119,0
2.12,0
2.121,0
2.122,0
2.123,0
2.124,0
2.125,0
2.126,0
2.127,0
2.128,0
2.129,0
2.13,0
2.131,0
2.132,0
2.133,0
2.134,0
2.135,0
2.136,0
2.137,0
2.138,0
2.139,0
2.14,0
2.141,0
2.142,0
2.143,0
2.144,0
2.145,0
2.146,0
2.147,0
2.148,0
2.149,0
2.15,0
2.151,0
2.152,0
2.153,0
2.154,0
2.155,0
2.156,0
2.157,0
2.158,0
2.159,0
2.16,0
2.161,0
2.162,0
2.163,0
2.164,0
2.165,0
2.166,0
2.167,0
2.168,0
2.169,0
2.17,0
2.171,0
2.172,0
2.173,0
2.174,0
2.175,0
2.176,0
2.177,0
2.178,0
2.179,0
2.18,0
2.181,0
2.182,0
2.183,0
2.184,0
2.185,0
2.186,0
2.187,0
2.188,0
2.189,0
2.19,0
2.191,0
2.192,0
2.193,0
2.194,0
2.195,0
2.196,0
2.197,0
2.198,0
2.199,0
2.2,0
2.201,0
2.202,0
2.203,0
2.204,0
2.205,0
2.206,0
2.207,0
2.208,0
2.209,0
2.21,0
2.211,0
2.212,0
2.213,0
2.214,0
2.215,0
2.216,0
2.217,0
2.218,0
2.219,0
2.22,0
2.221,0
2.222,0
2.223,0
2.224,0
2.225,0
2.226,0
2.227,0
2.228,0
2.229,0
2.23,0
2.231,0
2.232,0
2.233,0
2.234,0
2.235,0
2.236,0
2.237,0
2.238,0
2.239,0
2.24,0
2.241,0
2.242,0
2.243,0
2.244,0
2.245,0
2.246,0
2.247,0
2.248,0
2.249,0
2.25,0
2.251,0
2.252,0
2.253,0
2.254,0
2.255,0
2.256,0
2.257,0
2.258,0
2.259,0
2.26,0
2.261,0
2.262,0
2.263,0
2.264,0
2.265,0
2.266,0
2.267,0
2.268,0
2.269,0
2.27,0
2.271,0
2.272,0
2.273,0
2.274,0
2.275,0
2.276,0
2.277,0
2.278,0
2.279,0
2.28,0
2.281,0
2.282,0
2.283,0
2.284,0
2.285,0
2.286,0
2.287,0
2.288,0
2.289,0
2.29,0
2.291,0
2.292,0
2.293,0
2.294,0
2.295,0
2.296,0
2.297,0
2.298,0
2.299,0
2.3,0
2.301,0
2.302,0
2.303,0
2.304,0
2.305,0
2.306,0
2.307,0
2.308,0
2.309,0
2.31,0
2.311,0
2.312,0
2.313,0
2.314,0
2.315,0
2.316,0
2.317,0
2.318,0
2.319,0
2.32,0
2.321,0
2.322,0
2.323,0
2.324,0
2.325,0
2.326,0
2.327,0
2.328,0
2.329,0
2.33,0
2.331,0
2.332,0
2.333,0
2.334,0
2.335,0
2.336,0
2.337,0
2.338,0
2.339,0
2.34,0
2.341,0
2.342,0
2.343,0
2.344,0
2.345,0
2.346,0
2.347,0
2.348,0
2.349,0
2.35,0
2.351,0
2.352,0
2.353,0
2.354,0
2.355,0
2.356,0
2.357,0
2.358,0
2.359,0
2.36,0
2.361,0
2.362,0
2.363,0
2.364,0
2.365,0
2.366,0
2.367,0
2.368,0
2.369,0
2.37,0
2.371,0
2.372,0
2.373,0
2.374,0
2.375,0
2.376,0
2.377,0
2.378,0
2.379,0
2.38,0
2.381,0
2.382,0
2.383,0
2.384,0
2.385,0
2.386,0
2.387,0
2.388,0
2.389,0
2.39,0
2.391,0
2.392,0
2.393,0
2.394,0
2.395,0
2.396,0
2.397,0
2.398,0
2.399,0
2.4,0
2.401,0
2.402,0
2.403,0
2.404,0
2.405,0
2.406,0
2.407,0
2.408,0
2.409,0
2.41,0
2.411,0
2.412,0
2.413,0
2.414,0
2.415,0
2.416,0
2.417,0
2.418,0
2.419,0
2.42,0
2.421,0
2.422,0
2.423,0
2.424,0
2.425,0
2.426,0
2.427,0
2.428,0
2.429,0
2.43,0
2.431,0
2.432,0
2.433,0
2.434,0
2.435,0
2.436,0
2.437,0
2.438,0
2.439,0
2.44,0
2.441,0
2.442,0
2.443,0
2.444,0
2.445,0
2.446,0
2.447,0
2.448,0
2.449,0
2.45,0
2.451,0
2.452,0
2.453,0
2.454,0
2.455,0
2.456,0
2.457,0
2.458,0
2.459,0
2.46,0
2.461,0
2.462,0
2.463,0
2.464,0
2.465,0
2.466,0
2.467,0
2.468,0
2.469,0
2.47,0
2.471,0
2.472,0
2.473,0
2.474,0
2.475,0
2.476,0
2.4768728838,1
2.477,0
2.478,0
2.479,0
2.48,0
2.481,0
2.482,0
2.483,0
2.484,0
2.485,0
2.486,0
2.487,0
2.488,0
2.489,0
2.49,0
2.491,0
2.492,0
2.493,0
2.494,0
2.495,0
2.496,0
2.497,0
2.498,0
2.499,0
2.5,0
2.501,0
2.502,0
2.503,0
2.504,0
2.505,0
2.506,0
2.507,0
2.508,0
2.509,0
2.51,0
2.511,0
2.512,0
2.513,0
2.514,0
2.515,0
2.516,0
2.517,0
2.518,0
2.519,0
2.52,0
2.521,0
2.522,0
2.523,0
2.524,0
2.525,0
2.526,0
2.527,0
2.528,0
2.529,0
2.53,0
2.531,0
2.532,0
2.533,0
2.534,0
2.535,0
2.536,0
2.537,0
2.538,0
2.539,0
2.54,0
2.541,0
2.542,0
2.543,0
2.544,0
2.545,0
2.546,0
2.547,0
2.548,0
2.549,0
2.55,0
2.551,0
2.552,0
2.553,0
2.554,0
2.555,0
2.556,0
2.557,0
2.558,0
2.559,0
2.56,0
2.561,0
2.562,0
2.563,0
2.564,0
2.565,0
2.566,0
2.567,0
2.568,0
2.569,0
2.57,0
2.571,0
2.572,0
2.573,0
2.574,0
2.575,0
2.576,0
2.577,0
2.5775604278,1
2.578,0
2.579,0
2.58,0
2.581,0
2.582,0
2.583,0
2.584,0
2.585,0
2.586,0
2.587,0
2.588,0
2.589,0
2.59,0
2.591,0
2.592,0
2.593,0
2.594,0
2.595,0
2.596,0
2.597,0
2.598,0
2.599,0
2.6,0
2.601,0
2.602,0
2.603,0
2.604,0
2.605,0
2.606,0
2.607,0
2.608,0
2.609,0
2.61,0
2.611,0
2.612,0
2.613,0
2.614,0
2.615,0
2.616,0
2.617,0
2.618,0
2.619,0
2.62,0
2.621,0
2.622,0
2.623,0
2.624,0
2.625,0
2.626,0
2.627,0
2.628,0
2.629,0
2.63,0
2.631,0
2.632,0
2.633,0
2.634,0
2.635,0
2.636,0
2.637,0
2.638,0
2.639,0
2.64,0
2.641,0
2.642,0
2.643,0
2.644,0
2.645,0
2.646,0
2.647,0
2.6479069508,1
2.648,0
2.649,0
2.65,0
2.651,0
2.652,0
2.653,0
2.654,0
2.655,0
2.656,0
2.657,0
2.658,0
2.659,0
2.66,0
2.661,0
2.662,0
2.663,0
2.664,0
2.665,0
2.666,0
2.667,0
2.668,0
2.669,0
2.67,0
2.671,0
2.672,0
2.673,0
2.674,0
2.675,0
2.676,0
2.677,0
2.678,0
2.679,0
2.68,0
2.681,0
2.682,0
2.683,0
2.684,0
2.685,0
2.686,0
2.687,0
2.688,0
2.689,0
2.69,0
2.691,0
2.692,0
2.693,0
2.694,0
2.695,0
2.696,0
2.697,0
2.698,0
2.699,0
2.7,0
2.701,0
2.702,0
2.703,0
2.704,0
2.705,0
2.706,0
2.7064701008,1
2.707,0
2.708,0
2.709,0
2.71,0
2.711,0
2.712,0
2.713,0
2.714,0
2.715,0
2.716,0
2.717,0
2.718,0
2.719,0
2.72,0
2.721,0
2.722,0
2.723,0
2.724,0
2.725,0
2.726,0
2.727,0
2.728,0
2.729,0
2.73,0
2.731,0
2.732,0
2.733,0
2.734,0
2.735,0
2.736,0
2.737,0
2.738,0
2.739,0
2.74,0
2.741,0
2.742,0
2.743,0
2.744,0
2.745,0
2.746,0
2.747,0
2.748,0
2.749,0
2.75,0
2.751,0
2.752,0
2.753,0
2.754,0
2.755,0
2.7553532568,1
2.756,0
2.757,0
2.758,0
2.759,0
2.76,0
2.761,0
2.762,0
2.763,0
2.764,0
2.765,0
2.766,0
2.767,0
2.768,0
2.769,0
2.77,0
2.771,0
2.772,0
2.773,0
2.774,0
2.775,0
2.776,0
2.777,0
2.778,0
2.779,0
2.78,0
2.781,0
2.782,0
2.783,0
2.784,0
2.785,0
2.786,0
2.787,0
2.788,0
2.789,0
2.79,0
2.791,0
2.792,0
2.793,0
2.794,0
2.795,0
2.796,0
2.797,0
2.798,0
2.799,0
2.8,0
2.8004355498,1
2.801,0
2.802,0
2.803,0
2.804,0
2.805,0
2.806,0
2.807,0
2.808,0
2.809,0
2.81,0
2.811,0
2.812,0
2.813,0
2.814,0
2.815,0
2.816,0
2.817,0
2.818,0
2.819,0
2.82,0
2.821,0
2.822,0
2.823,0
2.824,0
2.825,0
2.826,0
2.827,0
2.828,0
2.829,0
2.83,0
2.831,0
2.832,0
2.833,0
2.834,0
2.835,0
2.836,0
2.837,0
2.838,0
2.839,0
2.84,0
2.841,0
2.8416415798,1
2.842,0
2.843,0
2.844,0
2.845,0
2.846,0
2.847,0
2.848,0
2.849,0
2.85,0
2.851,0
2.852,0
2.853,0
2.854,0
2.855,0
2.856,0
2.857,0
2.858,0
2.859,0
2.86,0
2.861,0
2.862,0
2.863,0
2.864,0
2.865,0
2.866,0
2.867,0
2.868,0
2.869,0
2.87,0
2.871,0
2.872,0
2.873,0
2.874,0
2.875,0
2.876,0
2.877,0
2.878,0
2.8789542908,1
2.879,0
2.88,0
2.881,0
2.882,0
2.883,0
2.884,0
2.885,0
2.886,0
2.887,0
2.888,0
2.889,0
2.89,0
2.891,0
2.892,0
2.893,0
2.894,0
2.895,0
2.896,0
2.897,0
2.898,0
2.899,0
2.9,0
2.901,0
2.902,0
2.903,0
2.904,0
2.905,0
2.906,0
2.907,0
2.908,0
2.909,0
2.91,0
2.911,0
2.912,0
2.913,0
2.914,0
2.915,0
2.9153463768,1
2.916,0
2.917,0
2.918,0
2.919,0
2.92,0
2.921,0
2.922,0
2.923,0
2.924,0
2.925,0
2.926,0
2.927,0
2.928,0
2.929,0
2.93,0
2.931,0
2.932,0
2.933,0
2.934,0
2.935,0
2.936,0
2.937,0
2.938,0
2.939,0
2.94,0
2.941,0
2.942,0
2.943,0
2.944,0
2.945,0
2.946,0
2.947,0
2.948,0
2.9482979538,1
2.949,0
2.95,0
2.951,0
2.952,0
2.953,0
2.954,0
2.955,0
2.956,0
2.957,0
2.958,0
2.959,0
2.96,0
2.961,0
2.962,0
2.963,0
2.964,0
2.965,0
2.966,0
2.967,0
2.968,0
2.969,0
2.97,0
2.971,0
2.972,0
2.973,0
2.974,0
2.975,0
2.976,0
2.977,0
2.978,0
2.979,0
2.98,0
2.981,0
2.9812988468,1
2.982,0
2.983,0
2.984,0
2.985,0
2.986,0
2.987,0
2.988,0
2.989,0
2.99,0
2.991,0
2.992,0
2.993,0
2.994,0
2.995,0
2.996,0
2.997,0
2.998,0
2.999,0
3,0
3.001,0
3.002,0
3.003,0
3.004,0
3.005,0
3.006,0
3.007,0
3.008,0
3.009,0
3.0093527908,1
3.01,0
3.011,0
3.012,0
3.013,0
3.014,0
3.015,0
3.016,0
3.017,0
3.018,0
3.019,0
3.02,0
3.021,0
3.022,0
3.023,0
3.024,0
3.025,0
3.026,0
3.027,0
3.028,0
3.029,0
3.03,0
3.031,0
3.032,0
3.033,0
3.034,0
3.035,0
3.036,0
3.037,0
3.038,0
3.0383810328,1
3.039,0
3.04,0
3.041,0
3.042,0
3.043,0
3.044,0
3.045,0
3.046,0
3.047,0
3.048,0
3.049,0
3.05,0
3.051,0
3.052,0
3.053,0
3.054,0
3.055,0
3.056,0
3.057,0
3.058,0
3.059,0
3.06,0
3.061,0
3.062,0
3.063,0
3.064,0
3.065,0
3.0657421498,1
3.066,0
3.067,0
3.068,0
3.069,0
3.07,0
3.071,0
3.072,0
3.073,0
3.074,0
3.075,0
3.076,0
3.077,0
3.078,0
3.079,0
3.08,0
3.081,0
3.082,0
3.083,0
3.084,0
3.085,0
3.086,0
3.087,0
3.088,0
3.089,0
3.09,0
3.091,0
3.092,0
3.0925956468,1
3.093,0
3.094,0
3.095,0
3.096,0
3.097,0
3.098,0
3.099,0
3.1,0
3.101,0
3.102,0
3.103,0
3.104,0
3.105,0
3.106,0
3.107,0
3.108,0
3.109,0
3.11,0
3.111,0
3.112,0
3.113,0
3.114,0
3.115,0
3.116,0
3.117,0
3.118,0
3.1186065358,1
3.119,0
3.12,0
3.121,0
3.122,0
3.123,0
3.124,0
3.125,0
3.126,0
3.127,0
3.128,0
3.129,0
3.13,0
3.131,0
3.132,0
3.133,0
3.134,0
3.135,0
3.136,0
3.137,0
3.138,0
3.139,0
3.14,0
3.141,0
3.142,0
3.143,0
3.1433047428,1
3.144,0
3.145,0
3.146,0
3.147,0
3.148,0
3.149,0
3.15,0
3.151,0
3.152,0
3.153,0
3.154,0
3.155,0
3.156,0
3.157,0
3.158,0
3.159,0
3.16,0
3.161,0
3.162,0
3.163,0
3.164,0
3.165,0
3.166,0
3.167,0
3.168,0
3.1684291698,1
3.169,0
3.17,0
3.171,0
3.172,0
3.173,0
3.174,0
3.175,0
3.176,0
3.177,0
3.178,0
3.179,0
3.18,0
3.181,0
3.182,0
3.183,0
3.184,0
3.185,0
3.186,0
3.187,0
3.188,0
3.189,0
3.19,0
3.191,0
3.1915645538,1
3.192,0
3.193,0
3.194,0
3.195,0
3.196,0
3.197,0
3.198,0
3.199,0
3.2,0
3.201,0
3.202,0
3.203,0
3.204,0
3.205,0
3.206,0
3.207,0
3.208,0
3.209,0
3.21,0
3.211,0
3.212,0
3.213,0
3.214,0
3.2143297998,1
3.215,0
3.216,0
3.217,0
3.218,0
3.219,0
3.22,0
3.221,0
3.222,0
3.223,0
3.224,0
3.225,0
3.226,0
3.227,0
3.228,0
3.229,0
3.23,0
3.231,0
3.232,0
3.233,0
3.234,0
3.235,0
3.236,0
3.2369686868,1
3.237,0
3.238,0
3.239,0
3.24,0
3.241,0
3.242,0
3.243,0
3.244,0
3.245,0
3.246,0
3.247,0
3.248,0
3.249,0
3.25,0
3.251,0
3.252,0
3.253,0
3.254,0
3.255,0
3.256,0
3.257,0
3.258,0
3.2582881878,1
3.259,0
3.26,0
3.261,0
3.262,0
3.263,0
3.264,0
3.265,0
3.266,0
3.267,0
3.268,0
3.269,0
3.27,0
3.271,0
3.272,0
3.273,0
3.274,0
3.275,0
3.276,0
3.277,0
3.278,0
3.279,0
3.2795986868,1
3.28,0
3.281,0
3.282,0
3.283,0
3.284,0
3.285,0
3.286,0
3.287,0
3.288,0
3.289,0
3.29,0
3.291,0
3.292,0
3.293,0
3.294,0
3.295,0
3.296,0
3.297,0
3.298,0
3.299,0
3.3,0
3.3004244648,1
3.301,0
3.302,0
3.303,0
3.304,0
3.305,0
3.306,0
3.307,0
3.308,0
3.309,0
3.31,0
3.311,0
3.312,0
3.313,0
3.314,0
3.315,0
3.316,0
3.317,0
3.318,0
3.319,0
3.32,0
3.321,0
3.322,0
3.3223748798,1
3.323,0
3.324,0
3.325,0
3.326,0
3.327,0
3.328,0
3.329,0
3.33,0
3.331,0
3.332,0
3.333,0
3.334,0
3.335,0
3.336,0
3.337,0
3.338,0
3.339,0
3.34,0
3.3409403028,1
3.341,0
3.342,0
3.343,0
3.344,0
3.345,0
3.346,0
3.347,0
3.348,0
3.349,0
3.35,0
3.351,0
3.352,0
3.353,0
3.354,0
3.355,0
3.356,0
3.357,0
3.358,0
3.359,0
3.36,0
3.3604719938,1
3.361,0
3.362,0
3.363,0
3.364,0
3.365,0
3.366,0
3.367,0
3.368,0
3.369,0
3.37,0
3.371,0
3.372,0
3.373,0
3.374,0
3.375,0
3.376,0
3.377,0
3.378,0
3.379,0
3.3798276348,1
3.38,0
3.381,0
3.382,0
3.383,0
3.384,0
3.385,0
3.386,0
3.387,0
3.388,0
3.389,0
3.39,0
3.391,0
3.392,0
3.393,0
3.394,0
3.395,0
3.396,0
3.397,0
3.398,0
3.399,0
3.3992936258,1
3.4,0
3.401,0
3.402,0
3.403,0
3.404,0
3.405,0
3.406,0
3.407,0
3.408,0
3.409,0
3.41,0
3.411,0
3.412,0
3.413,0
3.414,0
3.415,0
3.416,0
3.417,0
3.4172233508,1
3.418,0
3.419,0
3.42,0
3.421,0
3.422,0
3.423,0
3.424,0
3.425,0
3.426,0
3.427,0
3.428,0
3.429,0
3.43,0
3.431,0
3.432,0
3.433,0
3.434,0
3.435,0
3.4354979498,1
3.436,0
3.437,0
3.438,0
3.439,0
3.44,0
3.441,0
3.442,0
3.443,0
3.444,0
3.445,0
3.446,0
3.447,0
3.448,0
3.449,0
3.45,0
3.451,0
3.452,0
3.453,0
3.454,0
3.4542983898,1
3.455,0
3.456,0
3.457,0
3.458,0
3.459,0
3.46,0
3.461,0
3.462,0
3.463,0
3.464,0
3.465,0
3.466,0
3.467,0
3.468,0
3.469,0
3.47,0
3.471,0
3.4713540358,1
3.472,0
3.473,0
3.474,0
3.475,0
3.476,0
3.477,0
3.478,0
3.479,0
3.48,0
3.481,0
3.482,0
3.483,0
3.484,0
3.485,0
3.486,0
3.487,0
3.488,0
3.4886629658,1
3.489,0
3.49,0
3.491,0
3.492,0
3.493,0
3.494,0
3.495,0
3.496,0
3.497,0
3.498,0
3.499,0
3.5,0
3.501,0
3.502,0
3.503,0
3.504,0
3.505,0
3.5057093768,1
3.506,0
3.507,0
3.508,0
3.509,0
3.51,0
3.511,0
3.512,0
3.513,0
3.514,0
3.515,0
3.516,0
3.517,0
3.518,0
3.519,0
3.52,0
3.521,0
3.522,0
3.5226151658,1
3.523,0
3.524,0
3.525,0
3.526,0
3.527,0
3.528,0
3.529,0
3.53,0
3.531,0
3.532,0
3.533,0
3.534,0
3.535,0
3.536,0
3.537,0
3.538,0
3.539,0
3.5394405448,1
3.54,0
3.541,0
3.542,0
3.543,0
3.544,0
3.545,0
3.546,0
3.547,0
3.548,0
3.549,0
3.55,0
3.551,0
3.552,0
3.553,0
3.554,0
3.555,0
3.5557383298,1
3.556,0
3.557,0
3.558,0
3.559,0
3.56,0
3.561,0
3.562,0
3.563,0
3.564,0
3.565,0
3.566,0
3.567,0
3.568,0
3.569,0
3.57,0
3.571,0
3.572,0
3.5723588168,1
3.573,0
3.574,0
3.575,0
3.576,0
3.577,0
3.578,0
3.579,0
3.58,0
3.581,0
3.582,0
3.583,0
3.584,0
3.585,0
3.586,0
3.587,0
3.5879099448,1
3.588,0
3.589,0
3.59,0
3.591,0
3.592,0
3.593,0
3.594,0
3.595,0
3.596,0
3.597,0
3.598,0
3.599,0
3.6,0
3.601,0
3.602,0
3.603,0
3.6039119158,1
3.604,0
3.605,0
3.606,0
3.607,0
3.608,0
3.609,0
3.61,0
3.611,0
3.612,0
3.613,0
3.614,0
3.615,0
3.616,0
3.617,0
3.618,0
3.619,0
3.6195047108,1
3.62,0
3.621,0
3.622,0
3.623,0
3.624,0
3.625,0
3.626,0
3.627,0
3.628,0
3.629,0
3.63,0
3.631,0
3.632,0
3.633,0
3.634,0
3.6347295748,1
3.635,0
3.636,0
3.637,0
3.638,0
3.639,0
3.64,0
3.641,0
3.642,0
3.643,0
3.644,0
3.645,0
3.646,0
3.647,0
3.648,0
3.649,0
3.65,0
3.651,0
3.652,0
3.6523443688,1
3.653,0
3.654,0
3.655,0
3.656,0
3.657,0
3.658,0
3.659,0
3.66,0
3.661,0
3.662,0
3.663,0
3.664,0
3.665,0
3.6654895198,1
3.666,0
3.667,0
3.668,0
3.669,0
3.67,0
3.671,0
3.672,0
3.673,0
3.674,0
3.675,0
3.676,0
3.677,0
3.678,0
3.679,0
3.6799393728,1
3.68,0
3.681,0
3.682,0
3.683,0
3.684,0
3.685,0
3.686,0
3.687,0
3.688,0
3.689,0
3.69,0
3.691,0
3.692,0
3.693,0
3.694,0
3.695,0
3.696,0
3.6964940648,1
3.697,0
3.698,0
3.699,0
3.7,0
3.701,0
3.702,0
3.703,0
3.704,0
3.705,0
3.706,0
3.707,0
3.708,0
3.709,0
3.7095399438,1
3.71,0
3.711,0
3.712,0
3.713,0
3.714,0
3.715,0
3.716,0
3.717,0
3.718,0
3.719,0
3.72,0
3.721,0
3.722,0
3.723,0
3.7237287758,1
3.724,0
3.725,0
3.726,0
3.727,0
3.728,0
3.729,0
3.73,0
3.731,0
3.732,0
3.733,0
3.734,0
3.735,0
3.736,0
3.737,0
3.738,0
3.739,0
3.74,0
3.7402278288,1
3.741,0
3.742,0
3.743,0
3.744,0
3.745,0
3.746,0
3.747,0
3.748,0
3.749,0
3.75,0
3.751,0
3.752,0
3.7523663338,1
3.753,0
3.754,0
3.755,0
3.756,0
3.757,0
3.758,0
3.759,0
3.76,0
3.761,0
3.762,0
3.763,0
3.764,0
3.765,0
3.766,0
3.7664968558,1
3.767,0
3.768,0
3.769,0
3.77,0
3.771,0
3.772,0
3.773,0
3.774,0
3.775,0
3.776,0
3.777,0
3.778,0
3.779,0
3.78,0
3.7803104988,1
3.781,0
3.782,0
3.783,0
3.784,0
3.785,0
3.786,0
3.787,0
3.788,0
3.789,0
3.79,0
3.791,0
3.792,0
3.793,0
3.794,0
3.795,0
3.7953640758,1
3.796,0
3.797,0
3.798,0
3.799,0
3.8,0
3.801,0
3.802,0
3.803,0
3.804,0
3.805,0
3.806,0
3.807,0
3.8076129678,1
3.808,0
3.809,0
3.81,0
3.811,0
3.812,0
3.813,0
3.814,0
3.815,0
3.816,0
3.817,0
3.818,0
3.819,0
3.82,0
3.821,0
3.8212957028,1
3.822,0
3.823,0
3.824,0
3.825,0
3.826,0
3.827,0
3.828,0
3.829,0
3.83,0
3.831,0
3.832,0
3.833,0
3.834,0
3.835,0
3.8353001548,1
3.836,0
3.837,0
3.838,0
3.839,0
3.84,0
3.841,0
3.842,0
3.843,0
3.844,0
3.845,0
3.846,0
3.847,0
3.8477232558,1
3.848,0
3.849,0
3.85,0
3.851,0
3.852,0
3.853,0
3.854,0
3.855,0
3.856,0
3.857,0
3.858,0
3.859,0
3.86,0
3.861,0
3.8612518688,1
3.862,0
3.863,0
3.864,0
3.865,0
3.866,0
3.867,0
3.868,0
3.869,0
3.87,0
3.871,0
3.872,0
3.873,0
3.8736315388,1
3.874,0
3.875,0
3.876,0
3.877,0
3.878,0
3.879,0
3.88,0
3.881,0
3.882,0
3.883,0
3.884,0
3.885,0
3.886,0
3.8865886398,1
3.887,0
3.888,0
3.889,0
3.89,0
3.891,0
3.892,0
3.893,0
3.894,0
3.895,0
3.896,0
3.897,0
3.898,0
3.899,0
3.8993658768,1
3.9,0
3.901,0
3.902,0
3.903,0
3.904,0
3.905,0
3.906,0
3.907,0
3.908,0
3.909,0
3.91,0
3.911,0
3.912,0
3.9123251738,1
3.913,0
3.914,0
3.915,0
3.916,0
3.917,0
3.918,0
3.919,0
3.92,0
3.921,0
3.922,0
3.923,0
3.924,0
3.9245974598,1
3.925,0
3.926,0
3.927,0
3.928,0
3.929,0
3.93,0
3.931,0
3.932,0
3.933,0
3.934,0
3.935,0
3.936,0
3.937,0
3.938,0
3.9382728108,1
3.939,0
3.94,0
3.941,0
3.942,0
3.943,0
3.944,0
3.945,0
3.946,0
3.947,0
3.948,0
3.949,0
3.9497574218,1
3.95,0
3.951,0
3.952,0
3.953,0
3.954,0
3.955,0
3.956,0
3.957,0
3.958,0
3.959,0
3.96,0
3.961,0
3.9618044478,1
3.962,0
3.963,0
3.964,0
3.965,0
3.966,0
3.967,0
3.968,0
3.969,0
3.97,0
3.971,0
3.972,0
3.973,0
3.974,0
3.9745005318,1
3.975,0
3.976,0
3.977,0
3.978,0
3.979,0
3.98,0
3.981,0
3.982,0
3.983,0
3.984,0
3.985,0
3.986,0
3.9865537898,1
3.987,0
3.988,0
3.989,0
3.99,0
3.991,0
3.992,0
3.993,0
3.994,0
3.995,0
3.996,0
3.997,0
3.998,0
3.9982669658,1
3.999,0
4,0
4.001,0
4.002,0
4.003,0
4.004,0
4.005,0
4.006,0
4.007,0
4.008,0
4.009,0
4.01,0
4.0104324488,1
4.011,0
4.012,0
4.013,0
4.014,0
4.015,0
4.016,0
4.017,0
4.018,0
4.019,0
4.02,0
4.021,0
4.022,0
4.0224049968,1
4.023,0
4.024,0
4.025,0
4.026,0
4.027,0
4.028,0
4.029,0
4.03,0
4.031,0
4.032,0
4.033,0
4.0337809828,1
4.034,0
4.035,0
4.036,0
4.037,0
4.038,0
4.039,0
4.04,0
4.041,0
4.042,0
4.043,0
4.044,0
4.045,0
4.0457316438,1
4.046,0
4.047,0
4.048,0
4.049,0
4.05,0
4.051,0
4.052,0
4.053,0
4.054,0
4.055,0
4.056,0
4.057,0
4.058,0
4.059,0
4.0593634368,1
4.06,0
4.061,0
4.062,0
4.063,0
4.064,0
4.065,0
4.066,0
4.067,0
4.068,0
4.069,0
4.07,0
4.0706648048,1
4.071,0
4.072,0
4.073,0
4.074,0
4.075,0
4.076,0
4.077,0
4.078,0
4.079,0
4.08,0
4.081,0
4.082,0
4.0827817538,1
4.083,0
4.084,0
4.085,0
4.086,0
4.087,0
4.088,0
4.089,0
4.09,0
4.091,0
4.0916699478,1
4.092,0
4.093,0
4.094,0
4.095,0
4.096,0
4.097,0
4.098,0
4.099,0
4.1,0
4.101,0
4.102,0
4.103,0
4.104,0
4.1048893798,1
4.105,0
4.106,0
4.107,0
4.108,0
4.109,0
4.11,0
4.111,0
4.112,0
4.113,0
4.114,0
4.1149745528,1
4.115,0
4.116,0
4.117,0
4.118,0
4.119,0
4.12,0
4.121,0
4.122,0
4.123,0
4.124,0
4.125,0
4.1253117738,1
4.126,0
4.127,0
4.128,0
4.129,0
4.13,0
4.131,0
4.132,0
4.133,0
4.134,0
4.135,0
4.136,0
4.1364929578,1
4.137,0
4.138,0
4.139,0
4.14,0
4.141,0
4.142,0
4.143,0
4.144,0
4.145,0
4.146,0
4.147,0
4.1477728008,1
4.148,0
4.149,0
4.15,0
4.151,0
4.152,0
4.153,0
4.154,0
4.155,0
4.156,0
4.157,0
4.158,0
4.1584738378,1
4.159,0
4.16,0
4.161,0
4.162,0
4.163,0
4.164,0
4.165,0
4.166,0
4.167,0
4.168,0
4.169,0
4.1694015048,1
4.17,0
4.171,0
4.172,0
4.173,0
4.174,0
4.175,0
4.176,0
4.177,0
4.178,0
4.179,0
4.18,0
4.1805834778,1
4.181,0
4.182,0
4.183,0
4.184,0
4.185,0
4.186,0
4.187,0
4.188,0
4.189,0
4.19,0
4.191,0
4.1915729808,1
4.192,0
4.193,0
4.194,0
4.195,0
4.196,0
4.197,0
4.198,0
4.199,0
4.2,0
4.201,0
4.202,0
4.2026911328,1
4.203,0
4.204,0
4.205,0
4.206,0
4.207,0
4.208,0
4.209,0
4.21,0
4.211,0
4.212,0
4.213,0
4.2134658098,1
4.214,0
4.215,0
4.216,0
4.217,0
4.218,0
4.219,0
4.22,0
4.221,0
4.222,0
4.223,0
4.224,0
4.2244999328,1
4.225,0
4.226,0
4.227,0
4.228,0
4.229,0
4.23,0
4.231,0
4.232,0
4.233,0
4.234,0
4.235,0
4.2355350598,1
4.236,0
4.237,0
4.238,0
4.239,0
4.24,0
4.241,0
4.242,0
4.243,0
4.244,0
4.245,0
4.246,0
4.2467851498,1
4.247,0
4.248,0
4.249,0
4.25,0
4.251,0
4.252,0
4.253,0
4.254,0
4.2546308448,1
4.255,0
4.256,0
4.257,0
4.258,0
4.259,0
4.26,0
4.261,0
4.262,0
4.263,0
4.264,0
4.2648453758,1
4.265,0
4.266,0
4.267,0
4.268,0
4.269,0
4.27,0
4.271,0
4.272,0
4.273,0
4.274,0
4.275,0
4.2753860388,1
4.276,0
4.277,0
4.278,0
4.279,0
4.28,0
4.281,0
4.282,0
4.283,0
4.284,0
4.285,0
4.2855016858,1
4.286,0
4.287,0
4.288,0
4.289,0
4.29,0
4.291,0
4.292,0
4.293,0
4.294,0
4.295,0
4.2957248768,1
4.296,0
4.297,0
4.298,0
4.299,0
4.3,0
4.301,0
4.302,0
4.303,0
4.304,0
4.305,0
4.3058158808,1
4.306,0
4.307,0
4.308,0
4.309,0
4.31,0
4.311,0
4.312,0
4.313,0
4.314,0
4.315,0
4.3158970578,1
4.316,0
4.317,0
4.318,0
4.319,0
4.32,0
4.321,0
4.322,0
4.323,0
4.324,0
4.325,0
4.3259828218,1
4.326,0
4.327,0
4.328,0
4.329,0
4.33,0
4.331,0
4.332,0
4.333,0
4.334,0
4.335,0
4.336,0
4.3363659968,1
4.337,0
4.338,0
4.339,0
4.34,0
4.341,0
4.342,0
4.343,0
4.344,0
4.345,0
4.346,0
4.3462534238,1
4.347,0
4.348,0
4.349,0
4.35,0
4.351,0
4.352,0
4.353,0
4.354,0
4.355,0
4.356,0
4.3563580308,1
4.357,0
4.358,0
4.359,0
4.36,0
4.361,0
4.362,0
4.363,0
4.364,0
4.365,0
4.366,0
4.367,0
4.3674733188,1
4.368,0
4.369,0
4.37,0
4.371,0
4.372,0
4.373,0
4.374,0
4.375,0
4.3754093448,1
4.376,0
4.377,0
4.378,0
4.379,0
4.38,0
4.381,0
4.382,0
4.383,0
4.384,0
4.385,0
4.3853736138,1
4.386,0
4.387,0
4.388,0
4.389,0
4.39,0
4.391,0
4.392,0
4.393,0
4.394,0
4.395,0
4.3952742358,1
4.396,0
4.397,0
4.398,0
4.399,0
4.4,0
4.401,0
4.402,0
4.403,0
4.404,0
4.4047803718,1
4.405,0
4.406,0
4.407,0
4.408,0
4.409,0
4.41,0
4.411,0
4.412,0
4.413,0
4.414,0
4.4145864618,1
4.415,0
4.416,0
4.417,0
4.418,0
4.419,0
4.42,0
4.421,0
4.422,0
4.423,0
4.4239570408,1
4.424,0
4.425,0
4.426,0
4.427,0
4.428,0
4.429,0
4.43,0
4.431,0
4.432,0
4.433,0
4.4336073728,1
4.434,0
4.435,0
4.436,0
4.437,0
4.438,0
4.439,0
4.44,0
4.441,0
4.442,0
4.443,0
4.444,0
4.4445918318,1
4.445,0
4.446,0
4.447,0
4.448,0
4.449,0
4.45,0
4.451,0
4.452,0
4.4525354698,1
4.453,0
4.454,0
4.455,0
4.456,0
4.457,0
4.458,0
4.459,0
4.46,0
4.461,0
4.4618741958,1
4.462,0
4.463,0
4.464,0
4.465,0
4.466,0
4.467,0
4.468,0
4.469,0
4.47,0
4.471,0
4.4714288428,1
4.472,0
4.473,0
4.474,0
4.475,0
4.476,0
4.477,0
4.478,0
4.479,0
4.48,0
4.4804751528,1
4.481,0
4.482,0
4.483,0
4.484,0
4.485,0
4.486,0
4.487,0
4.488,0
4.489,0
4.4897482628,1
4.49,0
4.491,0
4.492,0
4.493,0
4.494,0
4.495,0
4.496,0
4.497,0
4.498,0
4.499,0
4.4995072378,1
4.5,0
4.501,0
4.502,0
4.503,0
4.504,0
4.505,0
4.506,0
4.507,0
4.508,0
4.509,0
4.51,0
4.5105999788,1
4.511,0
4.512,0
4.513,0
4.514,0
4.515,0
4.516,0
4.517,0
4.5172583428,1
4.518,0
4.519,0
4.52,0
4.521,0
4.522,0
4.523,0
4.524,0
4.525,0
4.526,0
4.5264801968,1
4.527,0
4.528,0
4.529,0
4.53,0
4.531,0
4.532,0
4.533,0
4.534,0
4.535,0
4.5357474588,1
4.536,0
4.537,0
4.538,0
4.539,0
4.54,0
4.541,0
4.542,0
4.543,0
4.544,0
4.5445100518,1
4.545,0
4.546,0
4.547,0
4.548,0
4.549,0
4.55,0
4.551,0
4.552,0
4.553,0
4.554,0
4.5543434498,1
4.555,0
4.556,0
4.557,0
4.558,0
4.559,0
4.56,0
4.561,0
4.562,0
4.5627152688,1
4.563,0
4.564,0
4.565,0
4.566,0
4.567,0
4.568,0
4.569,0
4.57,0
4.571,0
4.5715630238,1
4.572,0
4.573,0
4.574,0
4.575,0
4.576,0
4.577,0
4.578,0
4.579,0
4.58,0
4.5803320598,1
4.581,0
4.582,0
4.583,0
4.584,0
4.585,0
4.586,0
4.587,0
4.588,0
4.589,0
4.5892570628,1
4.59,0
4.591,0
4.592,0
4.593,0
4.594,0
4.595,0
4.596,0
4.597,0
4.598,0
4.5983837398,1
4.599,0
4.6,0
4.601,0
4.602,0
4.603,0
4.604,0
4.605,0
4.606,0
4.607,0
4.608,0
4.609,0
4.6093014968,1
4.61,0
4.611,0
4.612,0
4.613,0
4.614,0
4.615,0
4.6156208808,1
4.616,0
4.617,0
4.618,0
4.619,0
4.62,0
4.621,0
4.622,0
4.623,0
4.624,0
4.6246511918,1
4.625,0
4.626,0
4.627,0
4.628,0
4.629,0
4.63,0
4.631,0
4.632,0
4.633,0
4.6334819248,1
4.634,0
4.635,0
4.636,0
4.637,0
4.638,0
4.639,0
4.64,0
4.641,0
4.642,0
4.6424474608,1
4.643,0
4.644,0
4.645,0
4.646,0
4.647,0
4.648,0
4.649,0
4.65,0
4.6503858338,1
4.651,0
4.652,0
4.653,0
4.654,0
4.655,0
4.656,0
4.657,0
4.658,0
4.659,0
4.6593531518,1
4.66,0
4.661,0
4.662,0
4.663,0
4.664,0
4.665,0
4.666,0
4.667,0
4.6675879218,1
4.668,0
4.669,0
4.67,0
4.671,0
4.672,0
4.673,0
4.674,0
4.675,0
4.676,0
4.6761960788,1
4.677,0
4.678,0
4.679,0
4.68,0
4.681,0
4.682,0
4.683,0
4.684,0
4.685,0
4.686,0
4.6865104038,1
4.687,0
4.688,0
4.689,0
4.69,0
4.691,0
4.692,0
4.693,0
4.6932272988,1
4.694,0
4.695,0
4.696,0
4.697,0
4.698,0
4.699,0
4.7,0
4.701,0
4.7015212618,1
4.702,0
4.703,0
4.704,0
4.705,0
4.706,0
4.707,0
4.708,0
4.709,0
4.71,0
4.7102042998,1
4.711,0
4.712,0
4.713,0
4.714,0
4.715,0
4.716,0
4.717,0
4.718,0
4.719,0
4.7194016468,1
4.72,0
4.721,0
4.722,0
4.723,0
4.724,0
4.725,0
4.726,0
4.7269055438,1
4.727,0
4.728,0
4.729,0
4.73,0
4.731,0
4.732,0
4.733,0
4.734,0
4.735,0
4.7353504528,1
4.736,0
4.737,0
4.738,0
4.739,0
4.74,0
4.741,0
4.742,0
4.743,0
4.7436034208,1
4.744,0
4.745,0
4.746,0
4.747,0
4.748,0
4.749,0
4.75,0
4.751,0
4.752,0
4.7524659898,1
4.753,0
4.754,0
4.755,0
4.756,0
4.757,0
4.758,0
4.759,0
4.7598763038,1
4.76,0
4.761,0
4.762,0
4.763,0
4.764,0
4.765,0
4.766,0
4.767,0
4.768,0
4.7682755348,1
4.769,0
4.77,0
4.771,0
4.772,0
4.773,0
4.774,0
4.775,0
4.776,0
4.7764989568,1
4.777,0
4.778,0
4.779,0
4.78,0
4.781,0
4.782,0
4.783,0
4.784,0
4.785,0
4.7853717228,1
4.786,0
4.787,0
4.788,0
4.789,0
4.79,0
4.791,0
4.792,0
4.7928129038,1
4.793,0
4.794,0
4.795,0
4.796,0
4.797,0
4.798,0
4.799,0
4.8,0
4.8007636038,1
4.801,0
4.802,0
4.803,0
4.804,0
4.805,0
4.806,0
4.807,0
4.808,0
4.8087722658,1
4.809,0
4.81,0
4.811,0
4.812,0
4.813,0
4.814,0
4.815,0
4.816,0
4.817,0
4.818,0
4.8183331488,1
4.819,0
4.82,0
4.821,0
4.822,0
4.823,0
4.824,0
4.8248944568,1
4.825,0
4.826,0
4.827,0
4.828,0
4.829,0
4.83,0
4.831,0
4.832,0
4.833,0
4.8333772318,1
4.834,0
4.835,0
4.836,0
4.837,0
4.838,0
4.839,0
4.84,0
4.841,0
4.8412526428,1
4.842,0
4.843,0
4.844,0
4.845,0
4.846,0
4.847,0
4.848,0
4.8488006468,1
4.849,0
4.85,0
4.851,0
4.852,0
4.853,0
4.854,0
4.855,0
4.856,0
4.8567319708,1
4.857,0
4.858,0
4.859,0
4.86,0
4.861,0
4.862,0
4.863,0
4.864,0
4.8648484558,1
4.865,0
4.866,0
4.867,0
4.868,0
4.869,0
4.87,0
4.871,0
4.872,0
4.873,0
4.8734771128,1
4.874,0
4.875,0
4.876,0
4.877,0
4.878,0
4.879,0
4.88,0
4.8804905748,1
4.881,0
4.882,0
4.883,0
4.884,0
4.885,0
4.886,0
4.887,0
4.888,0
4.8882594068,1
4.889,0
4.89,0
4.891,0
4.892,0
4.893,0
4.894,0
4.895,0
4.8959986938,1
4.896,0
4.897,0
4.898,0
4.899,0
4.9,0
4.901,0
4.902,0
4.903,0
4.9039466338,1
4.904,0
4.905,0
4.906,0
4.907,0
4.908,0
4.909,0
4.91,0
4.911,0
4.9117013638,1
4.912,0
4.913,0
4.914,0
4.915,0
4.916,0
4.917,0
4.918,0
4.919,0
4.9193508018,1
4.92,0
4.921,0
4.922,0
4.923,0
4.924,0
4.925,0
4.926,0
4.927,0
4.928,0
4.9284752188,1
4.929,0
4.93,0
4.931,0
4.932,0
4.933,0
4.934,0
4.9347717908,1
4.935,0
4.936,0
4.937,0
4.938,0
4.939,0
4.94,0
4.941,0
4.942,0
4.9425587938,1
4.943,0
4.944,0
4.945,0
4.946,0
4.947,0
4.948,0
4.949,0
4.95,0
4.9503962298,1
4.951,0
4.952,0
4.953,0
4.954,0
4.955,0
4.956,0
4.957,0
4.9577594048,1
4.958,0
4.959,0
4.96,0
4.961,0
4.962,0
4.963,0
4.964,0
4.965,0
4.9653173988,1
4.966,0
4.967,0
4.968,0
4.969,0
4.97,0
4.971,0
4.972,0
4.973,0
4.9731984668,1
4.974,0
4.975,0
4.976,0
4.977,0
4.978,0
4.979,0
4.98,0
4.9806325648,1
4.981,0
4.982,0
4.983,0
4.984,0
4.985,0
4.986,0
4.987,0
4.9879541108,1
4.988,0
4.989,0
4.99,0
4.991,0
4.992,0
4.993,0
4.994,0
4.995,0
4.9955674928,1
4.996,0
4.997,0
4.998,0
4.999,0
5,0
5.001,0
5.002,0
5.003,0
5.004,0
5.005,0
5.0054777278,1
5.006,0
5.007,0
5.008,0
5.009,0
5.01,0
5.0104407638,1
5.011,0
5.012,0
5.013,0
5.014,0
5.015,0
5.016,0
5.017,0
5.0179121978,1
5.018,0
5.019,0
5.02,0
5.021,0
5.022,0
5.023,0
5.024,0
5.025,0
5.026,0
5.027,0
5.0275702058,1
5.028,0
5.029,0
5.03,0
5.031,0
5.032,0
5.033,0
5.0336087908,1
5.034,0
5.035,0
5.036,0
5.037,0
5.038,0
5.039,0
5.04,0
5.0402329878,1
5.041,0
5.042,0
5.043,0
5.044,0
5.045,0
5.046,0
5.047,0
5.048,0
5.0488739478,1
5.049,0
5.05,0
5.051,0
5.052,0
5.053,0
5.054,0
5.055,0
5.0552825838,1
5.056,0
5.057,0
5.058,0
5.059,0
5.06,0
5.061,0
5.062,0
5.0623277388,1
5.063,0
5.064,0
5.065,0
5.066,0
5.067,0
5.068,0
5.069,0
5.07,0
5.071,0
5.0716477248,1
5.072,0
5.073,0
5.074,0
5.075,0
5.076,0
5.0768196178,1
5.077,0
5.078,0
5.079,0
5.08,0
5.081,0
5.082,0
5.083,0
5.084,0
5.0843250498,1
5.085,0
5.086,0
5.087,0
5.088,0
5.089,0
5.09,0
5.091,0
5.092,0
5.093,0
5.0935647838,1
5.094,0
5.095,0
5.096,0
5.097,0
5.098,0
5.0986339578,1
5.099,0
5.1,0
5.101,0
5.102,0
5.103,0
5.104,0
5.105,0
5.1059408798,1
5.106,0
5.107,0
5.108,0
5.109,0
5.11,0
5.111,0
5.112,0
5.113,0
5.114,0
5.115,0
5.1153656808,1
5.116,0
5.117,0
5.118,0
5.119,0
5.12,0
5.1203926718,1
5.121,0
5.122,0
5.123,0
5.124,0
5.125,0
5.126,0
5.127,0
5.1276063448,1
5.128,0
5.129,0
5.13,0
5.131,0
5.132,0
5.133,0
5.134,0
5.1344083758,1
5.135,0
5.136,0
5.137,0
5.138,0
5.139,0
5.14,0
5.141,0
5.1418113368,1
5.142,0
5.143,0
5.144,0
5.145,0
5.146,0
5.147,0
5.148,0
5.1489665128,1
5.149,0
5.15,0
5.151,0
5.152,0
5.153,0
5.154,0
5.155,0
5.1559463058,1
5.156,0
5.157,0
5.158,0
5.159,0
5.16,0
5.161,0
5.162,0
5.163,0
5.1632244988,1
5.164,0
5.165,0
5.166,0
5.167,0
5.168,0
5.169,0
5.17,0
5.1707122208,1
5.171,0
5.172,0
5.173,0
5.174,0
5.175,0
5.176,0
5.1769608708,1
5.177,0
5.178,0
5.179,0
5.18,0
5.181,0
5.182,0
5.183,0
5.184,0
5.1845890038,1
5.185,0
5.186,0
5.187,0
5.188,0
5.189,0
5.19,0
5.191,0
5.192,0
5.1924202908,1
5.193,0
5.194,0
5.195,0
5.196,0
5.197,0
5.198,0
5.1982273518,1
5.199,0
5.2,0
5.201,0
5.202,0
5.203,0
5.204,0
5.2049865608,1
5.205,0
5.206,0
5.207,0
5.208,0
5.209,0
5.21,0
5.211,0
5.2119026268,1
5.212,0
5.213,0
5.214,0
5.215,0
5.216,0
5.217,0
5.218,0
5.2188201278,1
5.219,0
5.22,0
5.221,0
5.222,0
5.223,0
5.224,0
5.225,0
5.2258108168,1
5.226,0
5.227,0
5.228,0
5.229,0
5.23,0
5.231,0
5.232,0
5.2325651228,1
5.233,0
5.234,0
5.235,0
5.236,0
5.237,0
5.238,0
5.239,0
5.2397396818,1
5.24,0
5.241,0
5.242,0
5.243,0
5.244,0
5.245,0
5.246,0
5.247,0
5.2474244368,1
5.248,0
5.249,0
5.25,0
5.251,0
5.252,0
5.253,0
5.2532810978,1
5.254,0
5.255,0
5.256,0
5.257,0
5.258,0
5.259,0
5.26,0
5.2603737368,1
5.261,0
5.262,0
5.263,0
5.264,0
5.265,0
5.266,0
5.267,0
5.268,0
5.269,0
5.2693437108,1
5.27,0
5.271,0
5.272,0
5.273,0
5.2738223988,1
5.274,0
5.275,0
5.276,0
5.277,0
5.278,0
5.279,0
5.28,0
5.2807689168,1
5.281,0
5.282,0
5.283,0
5.284,0
5.285,0
5.286,0
5.287,0
5.2872994568,1
5.288,0
5.289,0
5.29,0
5.291,0
5.292,0
5.293,0
5.294,0
5.2946113018,1
5.295,0
5.296,0
5.297,0
5.298,0
5.299,0
5.3,0
5.301,0
5.302,0
5.3025718158,1
5.303,0
5.304,0
5.305,0
5.306,0
5.307,0
5.3076692128,1
5.308,0
5.309,0
5.31,0
5.311,0
5.312,0
5.313,0
5.314,0
5.3143805898,1
5.315,0
5.316,0
5.317,0
5.318,0
5.319,0
5.32,0
5.3209553138,1
5.321,0
5.322,0
5.323,0
5.324,0
5.325,0
5.326,0
5.327,0
5.3276907168,1
5.328,0
5.329,0
5.33,0
5.331,0
5.332,0
5.333,0
5.334,0
5.335,0
5.3354846878,1
5.336,0
5.337,0
5.338,0
5.339,0
5.34,0
5.341,0
5.3413216818,1
5.342,0
5.343,0
5.344,0
5.345,0
5.346,0
5.347,0
5.3475999298,1
5.348,0
5.349,0
5.35,0
5.351,0
5.352,0
5.353,0
5.354,0
5.3543629358,1
5.355,0
5.356,0
5.357,0
5.358,0
5.359,0
5.36,0
5.3609954818,1
5.361,0
5.362,0
5.363,0
5.364,0
5.365,0
5.366,0
5.367,0
5.368,0
5.3685483118,1
5.369,0
5.37,0
5.371,0
5.372,0
5.373,0
5.3739637438,1
5.374,0
5.375,0
5.376,0
5.377,0
5.378,0
5.379,0
5.38,0
5.3807487968,1
5.381,0
5.382,0
5.383,0
5.384,0
5.385,0
5.386,0
5.387,0
5.3872334208,1
5.388,0
5.389,0
5.39,0
5.391,0
5.392,0
5.393,0
5.3936502938,1
5.394,0
5.395,0
5.396,0
5.397,0
5.398,0
5.399,0
5.4,0
5.401,0
5.4015407668,1
5.402,0
5.403,0
5.404,0
5.405,0
5.406,0
5.4067256218,1
5.407,0
5.408,0
5.409,0
5.41,0
5.411,0
5.412,0
5.413,0
5.4133592158,1
5.414,0
5.415,0
5.416,0
5.417,0
5.418,0
5.419,0
5.4197329048,1
5.42,0
5.421,0
5.422,0
5.423,0
5.424,0
5.425,0
5.426,0
5.4266736898,1
5.427,0
5.428,0
5.429,0
5.43,0
5.431,0
5.432,0
5.433,0
5.434,0
5.4345183078,1
5.435,0
5.436,0
5.437,0
5.438,0
5.439,0
5.4393004988,1
5.44,0
5.441,0
5.442,0
5.443,0
5.444,0
5.445,0
5.4453805658,1
5.446,0
5.447,0
5.448,0
5.449,0
5.45,0
5.451,0
5.4519893028,1
5.452,0
5.453,0
5.454,0
5.455,0
5.456,0
5.457,0
5.458,0
5.4582300488,1
5.459,0
5.46,0
5.461,0
5.462,0
5.463,0
5.464,0
5.4647292598,1
5.465,0
5.466,0
5.467,0
5.468,0
5.469,0
5.47,0
5.471,0
5.4713611778,1
5.472,0
5.473,0
5.474,0
5.475,0
5.476,0
5.477,0
5.478,0
5.4783443208,1
5.479,0
5.48,0
5.481,0
5.482,0
5.483,0
5.4837361528,1
5.484,0
5.485,0
5.486,0
5.487,0
5.488,0
5.489,0
5.49,0
5.4904750408,1
5.491,0
5.492,0
5.493,0
5.494,0
5.495,0
5.496,0
5.4963252258,1
5.497,0
5.498,0
5.499,0
5.5,0
5.501,0
5.502,0
5.5028026788,1
5.503,0
5.504,0
5.505,0
5.506,0
5.507,0
5.508,0
5.5088971708,1
5.509,0
5.51,0
5.511,0
5.512,0
5.513,0
5.514,0
5.515,0
5.5154992418,1
5.516,0
5.517,0
5.518,0
5.519,0
5.52,0
5.521,0
5.522,0
5.5224835348,1
5.523,0
5.524,0
5.525,0
5.526,0
5.527,0
5.5278038238,1
5.528,0
5.529,0
5.53,0
5.531,0
5.532,0
5.533,0
5.5339837388,1
5.534,0
5.535,0
5.536,0
5.537,0
5.538,0
5.539,0
5.54,0
5.5404860678,1
5.541,0
5.542,0
5.543,0
5.544,0
5.545,0
5.546,0
5.5466062818,1
5.547,0
5.548,0
5.549,0
5.55,0
5.551,0
5.552,0
5.5527888858,1
5.553,0
5.554,0
5.555,0
5.556,0
5.557,0
5.558,0
5.5588916558,1
5.559,0
5.56,0
5.561,0
5.562,0
5.563,0
5.564,0
5.565,0
5.566,0
5.5663551958,1
5.567,0
5.568,0
5.569,0
5.57,0
5.571,0
5.5712823718,1
5.572,0
5.573,0
5.574,0
5.575,0
5.576,0
5.577,0
5.5777435168,1
5.578,0
5.579,0
5.58,0
5.581,0
5.582,0
5.583,0
5.5837520758,1
5.584,0
5.585,0
5.586,0
5.587,0
5.588,0
5.589,0
5.5897766248,1
5.59,0
5.591,0
5.592,0
5.593,0
5.594,0
5.595,0
5.5958677258,1
5.596,0
5.597,0
5.598,0
5.599,0
5.6,0
5.601,0
5.602,0
5.6025522428,1
5.603,0
5.604,0
5.605,0
5.606,0
5.607,0
5.608,0
5.609,0
5.61,0
5.6103391958,1
5.611,0
5.612,0
5.613,0
5.614,0
5.6143743298,1
5.615,0
5.616,0
5.617,0
5.618,0
5.619,0
5.62,0
5.621,0
5.6213106508,1
5.622,0
5.623,0
5.624,0
5.625,0
5.626,0
5.6263594568,1
5.627,0
5.628,0
5.629,0
5.63,0
5.631,0
5.632,0
5.6326008668,1
5.633,0
5.634,0
5.635,0
5.636,0
5.637,0
5.638,0
5.6387333728,1
5.639,0
5.64,0
5.641,0
5.642,0
5.643,0
5.644,0
5.6449562528,1
5.645,0
5.646,0
5.647,0
5.648,0
5.649,0
5.65,0
5.6505699138,1
5.651,0
5.652,0
5.653,0
5.654,0
5.655,0
5.656,0
5.6565625328,1
5.657,0
5.658,0
5.659,0
5.66,0
5.661,0
5.662,0
5.6627544598,1
5.663,0
5.664,0
5.665,0
5.666,0
5.667,0
5.668,0
5.6688425028,1
5.669,0
5.67,0
5.671,0
5.672,0
5.673,0
5.674,0
5.675,0
5.676,0
5.6763171498,1
5.677,0
5.678,0
5.679,0
5.68,0
5.6805990718,1
5.681,0
5.682,0
5.683,0
5.684,0
5.685,0
5.686,0
5.687,0
5.6879838528,1
5.688,0
5.689,0
5.69,0
5.691,0
5.692,0
5.6925743698,1
5.693,0
5.694,0
5.695,0
5.696,0
5.697,0
5.698,0
5.6988019648,1
5.699,0
5.7,0
5.701,0
5.702,0
5.703,0
5.704,0
5.7044810068,1
5.705,0
5.706,0
5.707,0
5.708,0
5.709,0
5.71,0
5.7103793788,1
5.711,0
5.712,0
5.713,0
5.714,0
5.715,0
5.716,0
5.7165556978,1
5.717,0
5.718,0
5.719,0
5.72,0
5.721,0
5.722,0
5.7224924078,1
5.723,0
5.724,0
5.725,0
5.726,0
5.727,0
5.728,0
5.7283111868,1
5.729,0
5.73,0
5.731,0
5.732,0
5.733,0
5.7338250378,1
5.734,0
5.735,0
5.736,0
5.737,0
5.738,0
5.739,0
5.7399285218,1
5.74,0
5.741,0
5.742,0
5.743,0
5.744,0
5.745,0
5.7456639198,1
5.746,0
5.747,0
5.748,0
5.749,0
5.75,0
5.751,0
5.752,0
5.753,0
5.7533545028,1
5.754,0
5.755,0
5.756,0
5.757,0
5.7572135128,1
5.758,0
5.759,0
5.76,0
5.761,0
5.762,0
5.763,0
5.764,0
5.7646805458,1
5.765,0
5.766,0
5.767,0
5.768,0
5.769,0
5.7693811268,1
5.77,0
5.771,0
5.772,0
5.773,0
5.774,0
5.775,0
5.7756051388,1
5.776,0
5.777,0
5.778,0
5.779,0
5.78,0
5.7806876528,1
5.781,0
5.782,0
5.783,0
5.784,0
5.785,0
5.786,0
5.7864009498,1
5.787,0
5.788,0
5.789,0
5.79,0
5.791,0
5.792,0
5.7924691038,1
5.793,0
5.794,0
5.795,0
5.796,0
5.797,0
5.7979972678,1
5.798,0
5.799,0
5.8,0
5.801,0
5.802,0
5.803,0
5.8037795858,1
5.804,0
5.805,0
5.806,0
5.807,0
5.808,0
5.809,0
5.8095053938,1
5.81,0
5.811,0
5.812,0
5.813,0
5.814,0
5.815,0
5.8153118078,1
5.816,0
5.817,0
5.818,0
5.819,0
5.82,0
5.821,0
5.8212187158,1
5.822,0
5.823,0
5.824,0
5.825,0
5.826,0
5.8265839928,1
5.827,0
5.828,0
5.829,0
5.83,0
5.831,0
5.832,0
5.8324297128,1
5.833,0
5.834,0
5.835,0
5.836,0
5.837,0
5.838,0
5.8383264338,1
5.839,0
5.84,0
5.841,0
5.842,0
5.843,0
5.8438926268,1
5.844,0
5.845,0
5.846,0
5.847,0
5.848,0
5.849,0
5.8496067478,1
5.85,0
5.851,0
5.852,0
5.853,0
5.854,0
5.855,0
5.8557310138,1
5.856,0
5.857,0
5.858,0
5.859,0
5.86,0
5.8607582918,1
5.861,0
5.862,0
5.863,0
5.864,0
5.865,0
5.866,0
5.8666126078,1
5.867,0
5.868,0
5.869,0
5.87,0
5.871,0
5.872,0
5.873,0
5.874,0
5.8744694638,1
5.875,0
5.876,0
5.877,0
5.8778043908,1
5.878,0
5.879,0
5.88,0
5.881,0
5.882,0
5.883,0
5.884,0
5.885,0
5.8853734898,1
5.886,0
5.887,0
5.888,0
5.8889949448,1
5.889,0
5.89,0
5.891,0
5.892,0
5.893,0
5.894,0
5.895,0
5.896,0
5.8963653448,1
5.897,0
5.898,0
5.899,0
5.9,0
5.9003898848,1
5.901,0
5.902,0
5.903,0
5.904,0
5.905,0
5.906,0
5.907,0
5.9075446948,1
5.908,0
5.909,0
5.91,0
5.911,0
5.9113824698,1
5.912,0
5.913,0
5.914,0
5.915,0
5.916,0
5.917,0
5.918,0
5.9183741938,1
5.919,0
5.92,0
5.921,0
5.922,0
5.9225229118,1
5.923,0
5.924,0
5.925,0
5.926,0
5.927,0
5.928,0
5.929,0
5.9294684918,1
5.93,0
5.931,0
5.932,0
5.933,0
5.9339048988,1
5.934,0
5.935,0
5.936,0
5.937,0
5.938,0
5.939,0
5.94,0
5.9404415248,1
5.941,0
5.942,0
5.943,0
5.944,0
5.9448096368,1
5.945,0
5.946,0
5.947,0
5.948,0
5.949,0
5.95,0
5.951,0
5.9515173208,1
5.952,0
5.953,0
5.954,0
5.955,0
5.956,0
5.9562376468,1
5.957,0
5.958,0
5.959,0
5.96,0
5.961,0
5.962,0
5.9622983608,1
5.963,0
5.964,0
5.965,0
5.966,0
5.9668569708,1
5.967,0
5.968,0
5.969,0
5.97,0
5.971,0
5.972,0
5.973,0
5.9734331778,1
5.974,0
5.975,0
5.976,0
5.977,0
5.9779022998,1
5.978,0
5.979,0
5.98,0
5.981,0
5.982,0
5.983,0
5.984,0
5.9845226318,1
5.985,0
5.986,0
5.987,0
5.988,0
5.9888706258,1
5.989,0
5.99,0
5.991,0
5.992,0
5.993,0
5.994,0
5.995,0
5.9954910368,1
5.996,0
5.997,0
5.998,0
5.999,0
5.9997596988,1
6,0
6.001,0
6.002,0
6.003,0
6.004,0
6.005,0
6.006,0
6.0064428478,1
6.007,0
6.008,0
6.009,0
6.01,0
6.0105662538,1
6.011,0
6.012,0
6.013,0
6.014,0
6.015,0
6.016,0
6.017,0
6.0174523688,1
6.018,0
6.019,0
6.02,0
6.021,0
6.0216299238,1
6.022,0
6.023,0
6.024,0
6.025,0
6.026,0
6.027,0
6.028,0
6.0282990068,1
6.029,0
6.03,0
6.031,0
6.032,0
6.0323165138,1
6.033,0
6.034,0
6.035,0
6.036,0
6.037,0
6.038,0
6.039,0
6.0394096658,1
6.04,0
6.041,0
6.042,0
6.043,0
6.0433181258,1
6.044,0
6.045,0
6.046,0
6.047,0
6.048,0
6.049,0
6.05,0
6.0505487238,1
6.051,0
6.052,0
6.053,0
6.0538609808,1
6.054,0
6.055,0
6.056,0
6.057,0
6.058,0
6.059,0
6.06,0
6.061,0
6.0614815298,1
6.062,0
6.063,0
6.064,0
6.0647503168,1
6.065,0
6.066,0
6.067,0
6.068,0
6.069,0
6.0698791748,1
6.07,0
6.071,0
6.072,0
6.073,0
6.074,0
6.075,0
6.0757472198,1
6.076,0
6.077,0
6.078,0
6.079,0
6.08,0
6.0807468258,1
6.081,0
6.082,0
6.083,0
6.084,0
6.085,0
6.086,0
6.087,0
6.0879487748,1
6.088,0
6.089,0
6.09,0
6.091,0
6.092,0
6.093,0
6.094,0
6.095,0
6.0955543468,1
6.096,0
6.0966557908,1
6.097,0
6.098,0
6.099,0
6.1,0
6.101,0
6.102,0
6.1022638898,1
6.103,0
6.104,0
6.105,0
6.106,0
6.107,0
6.1074070118,1
6.108,0
6.109,0
6.11,0
6.111,0
6.112,0
6.1124667528,1
6.113,0
6.114,0
6.115,0
6.116,0
6.117,0
6.118,0
6.119,0
6.12,0
6.1204256798,1
6.121,0
6.122,0
6.123,0
6.1234235558,1
6.124,0
6.125,0
6.126,0
6.127,0
6.128,0
6.1283503398,1
6.129,0
6.13,0
6.131,0
6.132,0
6.133,0
6.1334866318,1
6.134,0
6.135,0
6.136,0
6.137,0
6.138,0
6.1387573558,1
6.139,0
6.14,0
6.141,0
6.142,0
6.143,0
6.1439846958,1
6.144,0
6.145,0
6.146,0
6.147,0
6.148,0
6.149,0
6.1492905548,1
6.15,0
6.151,0
6.152,0
6.153,0
6.154,0
6.1545420518,1
6.155,0
6.156,0
6.157,0
6.158,0
6.159,0
6.16,0
6.161,0
6.1611805068,1
6.162,0
6.163,0
6.164,0
6.165,0
6.1652945448,1
6.166,0
6.167,0
6.168,0
6.169,0
6.17,0
6.171,0
6.1718444918,1
6.172,0
6.173,0
6.174,0
6.175,0
6.1753532388,1
6.176,0
6.177,0
6.178,0
6.179,0
6.18,0
6.181,0
6.182,0
6.1823266848,1
6.183,0
6.184,0
6.185,0
6.1859718608,1
6.186,0
6.187,0
6.188,0
6.189,0
6.19,0
6.191,0
6.192,0
6.193,0
6.1937224298,1
6.194,0
6.195,0
6.196,0
6.1968126548,1
6.197,0
6.198,0
6.199,0
6.2,0
6.201,0
6.2014061528,1
6.202,0
6.203,0
6.204,0
6.205,0
6.206,0
6.2065785918,1
6.207,0
6.208,0
6.209,0
6.21,0
6.211,0
6.2118695608,1
6.212,0
6.213,0
6.214,0
6.215,0
6.216,0
6.2167824818,1
6.217,0
6.218,0
6.219,0
6.22,0
6.221,0
6.2218617968,1
6.222,0
6.223,0
6.224,0
6.225,0
6.226,0
6.227,0
6.2274625588,1
6.228,0
6.229,0
6.23,0
6.231,0
6.232,0
6.2325343138,1
6.233,0
6.234,0
6.235,0
6.236,0
6.237,0
6.2375776438,1
6.238,0
6.239,0
6.24,0
6.241,0
6.242,0
6.2425921128,1
6.243,0
6.244,0
6.245,0
6.246,0
6.247,0
6.248,0
6.249,0
6.25,0
6.2509119748,1
6.251,0
6.252,0
6.253,0
6.2536577168,1
6.254,0
6.255,0
6.256,0
6.257,0
6.258,0
6.259,0
6.2595123078,1
6.26,0
6.261,0
6.262,0
6.2628574828,1
6.263,0
6.264,0
6.265,0
6.266,0
6.267,0
6.268,0
6.269,0
6.2692587648,1
6.27,0
6.271,0
6.272,0
6.273,0
6.2734779158,1
6.274,0
6.275,0
6.276,0
6.277,0
6.278,0
6.2783975378,1
6.279,0
6.28,0
6.281,0
6.282,0
6.283,0
6.2834919218,1
6.284,0
6.285,0
6.286,0
6.287,0
6.288,0
6.2882911968,1
6.289,0
6.29,0
6.291,0
6.292,0
6.293,0
6.2934624508,1
6.294,0
6.295,0
6.296,0
6.297,0
6.298,0
6.2982249468,1
6.299,0
6.3,0
6.301,0
6.302,0
6.303,0
6.3037180688,1
6.304,0
6.305,0
6.306,0
6.307,0
6.308,0
6.3084660918,1
6.309,0
6.31,0
6.311,0
6.312,0
6.313,0
6.314,0
6.3143987808,1
6.315,0
6.316,0
6.317,0
6.318,0
6.3184119948,1
6.319,0
6.32,0
6.321,0
6.322,0
6.323,0
6.324,0
6.325,0
6.3257120978,1
6.326,0
6.327,0
6.328,0
6.3287360838,1
6.329,0
6.33,0
6.331,0
6.332,0
6.333,0
6.3335294818,1
6.334,0
6.335,0
6.336,0
6.337,0
6.338,0
6.3385143178,1
6.339,0
6.34,0
6.341,0
6.342,0
6.343,0
6.3435732708,1
6.344,0
6.345,0
6.346,0
6.347,0
6.348,0
6.3484853888,1
6.349,0
6.35,0
6.351,0
6.352,0
6.353,0
6.3535993928,1
6.354,0
6.355,0
6.356,0
6.357,0
6.358,0
6.3588197698,1
6.359,0
6.36,0
6.361,0
6.362,0
6.363,0
6.3633712858,1
6.364,0
6.365,0
6.366,0
6.367,0
6.368,0
6.369,0
6.3696838268,1
6.37,0
6.371,0
6.372,0
6.373,0
6.3734483418,1
6.374,0
6.375,0
6.376,0
6.377,0
6.378,0
6.379,0
6.38,0
6.3804415008,1
6.381,0
6.382,0
6.383,0
6.3837448858,1
6.384,0
6.385,0
6.386,0
6.387,0
6.388,0
6.3884899798,1
6.389,0
6.39,0
6.391,0
6.392,0
6.393,0
6.3934150678,1
6.394,0
6.395,0
6.396,0
6.397,0
6.3979384768,1
6.398,0
6.399,0
6.4,0
6.401,0
6.402,0
6.4028074948,1
6.403,0
6.404,0
6.405,0
6.406,0
6.407,0
6.4078213418,1
6.408,0
6.409,0
6.41,0
6.411,0
6.412,0
6.4129601388,1
6.413,0
6.414,0
6.415,0
6.416,0
6.417,0
6.4177014448,1
6.418,0
6.419,0
6.42,0
6.421,0
6.422,0
6.423,0
6.4239719518,1
6.424,0
6.425,0
6.426,0
6.427,0
6.4276743698,1
6.428,0
6.429,0
6.43,0
6.431,0
6.432,0
6.4325373478,1
6.433,0
6.434,0
6.435,0
6.436,0
6.437,0
6.4374376528,1
6.438,0
6.439,0
6.44,0
6.441,0
6.4419129778,1
6.442,0
6.443,0
6.444,0
6.445,0
6.446,0
6.4466979438,1
6.447,0
6.448,0
6.449,0
6.45,0
6.451,0
6.4516210478,1
6.452,0
6.453,0
6.454,0
6.455,0
6.456,0
6.457,0
6.4575063328,1
6.458,0
6.459,0
6.46,0
6.461,0
6.4614355178,1
6.462,0
6.463,0
6.464,0
6.465,0
6.466,0
6.467,0
6.468,0
6.4683069388,1
6.469,0
6.47,0
6.4709580818,1
6.471,0
6.472,0
6.473,0
6.474,0
6.475,0
6.4759623978,1
6.476,0
6.477,0
6.478,0
6.479,0
6.48,0
6.4807623528,1
6.481,0
6.482,0
6.483,0
6.484,0
6.485,0
6.4853656108,1
6.486,0
6.487,0
6.488,0
6.489,0
6.49,0
6.491,0
6.492,0
6.4927789678,1
6.493,0
6.494,0
6.495,0
6.496,0
6.497,0
6.498,0
6.499,0
6.5,0
6.501,0
6.5015859148,1
6.502,0
6.5022624198,1
6.503,0
6.504,0
6.5046081508,1
6.505,0
6.506,0
6.507,0
6.508,0
6.509,0
6.5096413578,1
6.51,0
6.511,0
6.512,0
6.513,0
6.514,0
6.5144185238,1
6.515,0
6.516,0
6.517,0
6.518,0
6.519,0
6.5192539128,1
6.52,0
6.521,0
6.522,0
6.523,0
6.5237339748,1
6.524,0
6.525,0
6.526,0
6.527,0
6.528,0
6.529,0
6.53,0
6.5302881258,1
6.531,0
6.532,0
6.533,0
6.5333526158,1
6.534,0
6.535,0
6.536,0
6.537,0
6.538,0
6.539,0
6.54,0
6.5408682258,1
6.541,0
6.542,0
6.5427350908,1
6.543,0
6.544,0
6.545,0
6.546,0
6.547,0
6.5476266558,1
6.548,0
6.549,0
6.55,0
6.551,0
6.552,0
6.5524547318,1
6.553,0
6.554,0
6.555,0
6.556,0
6.557,0
6.5573397458,1
6.558,0
6.559,0
6.56,0
6.561,0
6.562,0
6.5624458828,1
6.563,0
6.564,0
6.565,0
6.566,0
6.5665416718,1
6.567,0
6.568,0
6.569,0
6.57,0
6.571,0
6.572,0
6.573,0
6.5737664338,1
6.574,0
6.575,0
6.5759724078,1
6.576,0
6.577,0
6.578,0
6.579,0
6.58,0
6.5808326348,1
6.581,0
6.582,0
6.583,0
6.584,0
6.585,0
6.5855025408,1
6.586,0
6.587,0
6.588,0
6.589,0
6.59,0
6.5902513118,1
6.591,0
6.592,0
6.593,0
6.594,0
6.595,0
6.5954667198,1
6.596,0
6.597,0
6.598,0
6.599,0
6.5996109628,1
6.6,0
6.601,0
6.602,0
6.603,0
6.604,0
6.605,0
6.606,0
6.6064214078,1
6.607,0
6.608,0
6.6089660708,1
6.609,0
6.61,0
6.611,0
6.612,0
6.613,0
6.6135399128,1
6.614,0
6.615,0
6.616,0
6.617,0
6.618,0
6.6184335388,1
6.619,0
6.62,0
6.621,0
6.622,0
6.6229901088,1
6.623,0
6.624,0
6.625,0
6.626,0
6.627,0
6.628,0
6.6287232218,1
6.629,0
6.63,0
6.631,0
6.632,0
6.6325643638,1
6.633,0
6.634,0
6.635,0
6.636,0
6.6366867558,1
6.637,0
6.638,0
6.639,0
6.64,0
6.641,0
6.6413391358,1
6.642,0
6.643,0
6.644,0
6.645,0
6.646,0
6.6463561418,1
6.647,0
6.648,0
6.649,0
6.65,0
6.6506771818,1
6.651,0
6.652,0
6.653,0
6.654,0
6.655,0
6.6555507008,1
6.656,0
6.657,0
6.658,0
6.659,0
6.66,0
6.661,0
6.6615454498,1
6.662,0
6.663,0
6.664,0
6.6646908348,1
6.665,0
6.666,0
6.667,0
6.668,0
6.669,0
6.6694078388,1
6.67,0
6.671,0
6.672,0
6.673,0
6.6739433888,1
6.674,0
6.675,0
6.676,0
6.677,0
6.678,0
6.6784091868,1
6.679,0
6.68,0
6.681,0
6.682,0
6.683,0
6.6835030478,1
6.684,0
6.685,0
6.686,0
6.687,0
6.6876863718,1
6.688,0
6.689,0
6.69,0
6.691,0
6.692,0
6.693,0
6.694,0
6.6944194438,1
6.695,0
6.696,0
6.6967442698,1
6.697,0
6.698,0
6.699,0
6.7,0
6.701,0
6.7013248458,1
6.702,0
6.703,0
6.704,0
6.705,0
6.7058858458,1
6.706,0
6.707,0
6.708,0
6.709,0
6.71,0
6.7103845958,1
6.711,0
6.712,0
6.713,0
6.714,0
6.715,0
6.716,0
6.7167758868,1
6.717,0
6.718,0
6.719,0
6.7198068178,1
6.72,0
6.721,0
6.722,0
6.723,0
6.724,0
6.7242362308,1
6.725,0
6.726,0
6.727,0
6.728,0
6.7286047788,1
6.729,0
6.73,0
6.731,0
6.732,0
6.733,0
6.7333261488,1
6.734,0
6.735,0
6.736,0
6.737,0
6.738,0
6.7384795908,1
6.739,0
6.74,0
6.741,0
6.742,0
6.7423073638,1
6.743,0
6.744,0
6.745,0
6.746,0
6.7469505758,1
6.747,0
6.748,0
6.749,0
6.75,0
6.751,0
6.7513044768,1
6.752,0
6.753,0
6.754,0
6.755,0
6.7559935018,1
6.756,0
6.757,0
6.758,0
6.759,0
6.76,0
6.7608587268,1
6.761,0
6.762,0
6.763,0
6.764,0
6.765,0
6.7653141698,1
6.766,0
6.767,0
6.768,0
6.769,0
6.77,0
6.771,0
6.7714443738,1
6.772,0
6.773,0
6.7739633338,1
6.774,0
6.775,0
6.776,0
6.777,0
6.778,0
6.7786370128,1
6.779,0
6.78,0
6.781,0
6.782,0
6.7829480738,1
6.783,0
6.784,0
6.785,0
6.786,0
6.787,0
6.7874362068,1
6.788,0
6.789,0
6.79,0
6.791,0
6.792,0
6.793,0
6.7938499818,1
6.794,0
6.795,0
6.796,0
6.7969743798,1
6.797,0
6.798,0
6.799,0
6.8,0
6.801,0
6.8012901918,1
6.802,0
6.803,0
6.804,0
6.805,0
6.8053867688,1
6.806,0
6.807,0
6.808,0
6.809,0
6.8097235548,1
6.81,0
6.811,0
6.812,0
6.813,0
6.814,0
6.815,0
6.8154697198,1
6.816,0
6.817,0
6.818,0
6.8187713438,1
6.819,0
6.82,0
6.821,0
6.822,0
6.823,0
6.8233404018,1
6.824,0
6.825,0
6.826,0
6.827,0
6.8277724178,1
6.828,0
6.829,0
6.83,0
6.831,0
6.832,0
6.8322297988,1
6.833,0
6.834,0
6.835,0
6.836,0
6.837,0
6.8374398368,1
6.838,0
6.839,0
6.84,0
6.8409058918,1
6.841,0
6.842,0
6.843,0
6.844,0
6.845,0
6.8452688888,1
6.846,0
6.847,0
6.848,0
6.849,0
6.8497493928,1
6.85,0
6.851,0
6.852,0
6.853,0
6.854,0
6.855,0
6.8556379188,1
6.856,0
6.857,0
6.858,0
6.859,0
6.86,0
6.8606619348,1
6.861,0
6.862,0
6.863,0
6.8633899278,1
6.864,0
6.865,0
6.866,0
6.867,0
6.8675487198,1
6.868,0
6.869,0
6.87,0
6.871,0
6.8718700208,1
6.872,0
6.873,0
6.874,0
6.875,0
6.876,0
6.8763164208,1
6.877,0
6.878,0
6.879,0
6.88,0
6.881,0
6.8815212638,1
6.882,0
6.883,0
6.884,0
6.885,0
6.8853106928,1
6.886,0
6.887,0
6.888,0
6.889,0
6.8895148638,1
6.89,0
6.891,0
6.892,0
6.893,0
6.8938275918,1
6.894,0
6.895,0
6.896,0
6.897,0
6.898,0
6.8984005408,1
6.899,0
6.9,0
6.901,0
6.902,0
6.903,0
6.9035096518,1
6.904,0
6.905,0
6.906,0
6.9069066078,1
6.907,0
6.908,0
6.909,0
6.91,0
6.911,0
6.9114120658,1
6.912,0
6.913,0
6.914,0
6.915,0
6.9158245348,1
6.916,0
6.917,0
6.918,0
6.919,0
6.92,0
6.9203430018,1
6.921,0
6.922,0
6.923,0
6.924,0
6.925,0
6.9256855288,1
6.926,0
6.927,0
6.928,0
6.9287854458,1
6.929,0
6.93,0
6.931,0
6.932,0
6.933,0
6.9333424428,1
6.934,0
6.935,0
6.936,0
6.937,0
6.9374757658,1
6.938,0
6.939,0
6.94,0
6.941,0
6.9418098998,1
6.942,0
6.943,0
6.944,0
6.945,0
6.946,0
6.947,0
6.9475898998,1
6.948,0
6.949,0
6.95,0
6.9505955878,1
6.951,0
6.952,0
6.953,0
6.954,0
6.9547595658,1
6.955,0
6.956,0
6.957,0
6.958,0
6.959,0
6.9595213528,1
6.96,0
6.961,0
6.962,0
6.963,0
6.9636470898,1
6.964,0
6.965,0
6.966,0
6.967,0
6.968,0
6.969,0
6.9693854198,1
6.97,0
6.971,0
6.972,0
6.973,0
6.9734110188,1
6.974,0
6.975,0
6.976,0
6.9762766478,1
6.977,0
6.978,0
6.979,0
6.98,0
6.9806076598,1
6.981,0
6.982,0
6.983,0
6.984,0
6.985,0
6.9853594168,1
6.986,0
6.987,0
6.988,0
6.989,0
6.99,0
6.991,0
6.9917602408,1
6.992,0
6.993,0
6.9936932408,1
6.994,0
6.995,0
6.996,0
6.997,0
6.998,0
6.9982429698,1
6.999,0
7,0
7.001,0
7.002,0
7.0025931748,1
7.003,0
7.004,0
7.005,0
7.006,0
7.0064502708,1
7.007,0
7.008,0
7.009,0
7.01,0
7.0106599628,1
7.011,0
7.012,0
7.013,0
7.014,0
7.0149546028,1
7.015,0
7.016,0
7.017,0
7.018,0
7.019,0
7.0193856918,1
7.02,0
7.021,0
7.022,0
7.023,0
7.024,0
7.0248693328,1
7.025,0
7.026,0
7.027,0
7.0279586718,1
7.028,0
7.029,0
7.03,0
7.031,0
7.0319835378,1
7.032,0
7.033,0
7.034,0
7.035,0
7.036,0
7.0363547368,1
7.037,0
7.038,0
7.039,0
7.04,0
7.0406073088,1
7.041,0
7.042,0
7.043,0
7.044,0
7.045,0
7.046,0
7.047,0
7.048,0
7.0489313868,1
7.049,0
7.05,0
7.0502814428,1
7.051,0
7.052,0
7.053,0
7.0532227848,1
7.054,0
7.055,0
7.056,0
7.057,0
7.0576183088,1
7.058,0
7.059,0
7.06,0
7.061,0
7.0617500208,1
7.062,0
7.063,0
7.064,0
7.065,0
7.066,0
7.067,0
7.0676927388,1
7.068,0
7.069,0
7.07,0
7.0703286048,1
7.071,0
7.072,0
7.073,0
7.074,0
7.0745985898,1
7.075,0
7.076,0
7.077,0
7.078,0
7.079,0
7.0794466278,1
7.08,0
7.081,0
7.082,0
7.0829365808,1
7.083,0
7.084,0
7.085,0
7.086,0
7.0868938678,1
7.087,0
7.088,0
7.089,0
7.09,0
7.091,0
7.0915995968,1
7.092,0
7.093,0
7.094,0
7.095,0
7.0953020768,1
7.096,0
7.097,0
7.098,0
7.099,0
7.1,0
7.101,0
7.1014891008,1
7.102,0
7.103,0
7.1036988888,1
7.104,0
7.105,0
7.106,0
7.107,0
7.1079288658,1
7.108,0
7.109,0
7.11,0
7.111,0
7.112,0
7.1123638348,1
7.113,0
7.114,0
7.115,0
7.116,0
7.1164940748,1
7.117,0
7.118,0
7.119,0
7.12,0
7.1207230798,1
7.121,0
7.122,0
7.123,0
7.124,0
7.1246095448,1
7.125,0
7.126,0
7.127,0
7.128,0
7.129,0
7.1293055278,1
7.13,0
7.131,0
7.132,0
7.133,0
7.134,0
7.1346233888,1
7.135,0
7.136,0
7.137,0
7.1377059828,1
7.138,0
7.139,0
7.14,0
7.141,0
7.1415043958,1
7.142,0
7.143,0
7.144,0
7.145,0
7.1456866528,1
7.146,0
7.147,0
7.148,0
7.149,0
7.1496722948,1
7.15,0
7.151,0
7.152,0
7.153,0
7.154,0
7.1540024808,1
7.155,0
7.156,0
7.157,0
7.158,0
7.1583263068,1
7.159,0
7.16,0
7.161,0
7.162,0
7.1623385998,1
7.163,0
7.164,0
7.165,0
7.166,0
7.167,0
7.1677346348,1
7.168,0
7.169,0
7.17,0
7.1706950948,1
7.171,0
7.172,0
7.173,0
7.174,0
7.1744278588,1
7.175,0
7.176,0
7.177,0
7.178,0
7.179,0
7.18,0
7.181,0
7.182,0
7.183,0
7.184,0
7.185,0
7.186,0
7.187,0
7.188,0
7.189,0
7.19,0
7.191,0
7.192,0
7.193,0
7.194,0
7.195,0
7.196,0
7.197,0
7.198,0
7.199,0
7.2,0
7.201,0
7.202,0
7.203,0
7.204,0
7.205,0
7.206,0
7.207,0
7.208,0
7.209,0
7.21,0
7.211,0
7.212,0
7.213,0
7.214,0
7.215,0
7.216,0
7.217,0
7.218,0
7.219,0
7.22,0
7.221,0
7.222,0
7.223,0
7.224,0
7.225,0
7.226,0
7.227,0
7.228,0
7.229,0
7.23,0
7.231,0
7.232,0
7.233,0
7.234,0
7.235,0
7.236,0
7.237,0
7.238,0
7.239,0
7.24,0
7.241,0
7.242,0
7.243,0
7.244,0
7.245,0
7.246,0
7.247,0
7.248,0
7.249,0
7.25,0
7.251,0
7.252,0
7.253,0
7.254,0
7.255,0
7.256,0
7.257,0
7.258,0
7.259,0
7.26,0
7.261,0
7.262,0
7.263,0
7.264,0
7.265,0
7.266,0
7.267,0
7.268,0
7.269,0
7.27,0
7.271,0
7.272,0
7.273,0
7.274,0
7.275,0
7.276,0
7.277,0
7.278,0
7.279,0
7.28,0
7.281,0
7.282,0
7.283,0
7.284,0
7.285,0
7.286,0
7.287,0
7.288,0
7.289,0
7.29,0
7.291,0
7.292,0
7.293,0
7.294,0
7.295,0
7.296,0
7.297,0
7.298,0
7.299,0
7.3,0
7.301,0
7.302,0
7.303,0
7.304,0
7.305,0
7.306,0
7.307,0
7.308,0
7.309,0
7.31,0
7.311,0
7.312,0
7.313,0
7.314,0
7.315,0
7.316,0
7.317,0
7.318,0
7.319,0
7.32,0
7.321,0
7.322,0
7.323,0
7.324,0
7.325,0
7.326,0
7.327,0
7.328,0
7.329,0
7.33,0
7.331,0
7.332,0
7.333,0
7.334,0
7.335,0
7.336,0
7.337,0
7.338,0
7.339,0
7.34,0
7.341,0
7.342,0
7.343,0
7.344,0
7.345,0
7.346,0
7.347,0
7.348,0
7.349,0
7.35,0
7.351,0
7.352,0
7.353,0
7.354,0
7.355,0
7.356,0
7.357,0
7.358,0
7.359,0
7.36,0
7.361,0
7.362,0
7.363,0
7.364,0
7.365,0
7.366,0
7.367,0
7.368,0
7.369,0
7.37,0
7.371,0
7.372,0
7.373,0
7.374,0
7.375,0
7.376,0
7.377,0
7.378,0
7.379,0
7.38,0
7.381,0
7.382,0
7.383,0
7.384,0
7.385,0
7.386,0
7.387,0
7.388,0
7.389,0
7.39,0
7.391,0
7.392,0
7.393,0
7.394,0
7.395,0
7.396,0
7.397,0
7.398,0
7.399,0
7.4,0
7.401,0
7.402,0
7.403,0
7.404,0
7.405,0
7.406,0
7.407,0
7.408,0
7.409,0
7.41,0
7.411,0
7.412,0
7.413,0
7.414,0
7.415,0
7.416,0
7.417,0
7.418,0
7.419,0
7.42,0
7.421,0
7.4219088078,1
7.422,0
7.423,0
7.424,0
7.425,0
7.426,0
7.4263894548,1
7.427,0
7.428,0
7.429,0
7.43,0
7.431,0
7.4314060468,1
7.432,0
7.433,0
7.434,0
7.4347372568,1
7.435,0
7.436,0
7.437,0
7.438,0
7.4384570428,1
7.439,0
7.44,0
7.441,0
7.442,0
7.443,0
7.4432162258,1
7.444,0
7.445,0
7.446,0
7.4467405008,1
7.447,0
7.448,0
7.449,0
7.45,0
7.4508265178,1
7.451,0
7.452,0
7.453,0
7.454,0
7.4549164648,1
7.455,0
7.456,0
7.457,0
7.458,0
7.459,0
7.4594253008,1
7.46,0
7.461,0
7.462,0
7.463,0
7.464,0
7.465,0
7.466,0
7.467,0
7.468,0
7.469,0
7.47,0
7.471,0
7.472,0
7.473,0
7.474,0
7.475,0
7.476,0
7.477,0
7.478,0
7.479,0
7.48,0
7.481,0
7.482,0
7.483,0
7.484,0
7.485,0
7.486,0
7.487,0
7.488,0
7.489,0
7.49,0
7.491,0
7.492,0
7.493,0
7.494,0
7.495,0
7.496,0
7.497,0
7.498,0
7.499,0
7.5,0
7.501,0
7.502,0
7.503,0
7.504,0
7.505,0
7.506,0
7.507,0
7.508,0
7.509,0
7.51,0
7.511,0
7.512,0
7.513,0
7.514,0
7.515,0
7.516,0
7.517,0
7.518,0
7.519,0
7.52,0
7.521,0
7.522,0
7.523,0
7.524,0
7.525,0
7.526,0
7.527,0
7.528,0
7.529,0
7.53,0
7.531,0
7.532,0
7.533,0
7.534,0
7.535,0
7.536,0
7.537,0
7.538,0
7.539,0
7.54,0
7.541,0
7.542,0
7.543,0
7.544,0
7.545,0
7.546,0
7.547,0
7.548,0
7.549,0
7.55,0
7.551,0
7.552,0
7.553,0
7.554,0
7.555,0
7.556,0
7.557,0
7.558,0
7.559,0
7.56,0
7.561,0
7.562,0
7.563,0
7.564,0
7.565,0
7.566,0
7.567,0
7.568,0
7.569,0
7.57,0
7.571,0
7.572,0
7.573,0
7.574,0
7.575,0
7.576,0
7.577,0
7.578,0
7.579,0
7.58,0
7.581,0
7.582,0
7.583,0
7.584,0
7.585,0
7.586,0
7.587,0
7.588,0
7.589,0
7.59,0
7.591,0
7.592,0
7.593,0
7.594,0
7.595,0
7.596,0
7.597,0
7.598,0
7.599,0
7.6,0
7.601,0
7.602,0
7.603,0
7.604,0
7.605,0
7.606,0
7.607,0
7.608,0
7.609,0
7.61,0
7.611,0
7.612,0
7.613,0
7.614,0
7.615,0
7.616,0
7.617,0
7.618,0
7.619,0
7.62,0
7.621,0
7.622,0
7.623,0
7.624,0
7.625,0
7.626,0
7.627,0
7.628,0
7.629,0
7.63,0
7.631,0
7.632,0
7.633,0
7.634,0
7.635,0
7.636,0
7.637,0
7.638,0
7.639,0
7.64,0
7.641,0
7.642,0
7.643,0
7.644,0
7.645,0
7.646,0
7.647,0
7.648,0
7.649,0
7.65,0
7.651,0
7.652,0
7.653,0
7.654,0
7.655,0
7.656,0
7.657,0
7.658,0
7.659,0
7.66,0
7.661,0
7.662,0
7.663,0
7.664,0
7.665,0
7.666,0
7.667,0
7.668,0
7.669,0
7.67,0
7.671,0
7.672,0
7.673,0
7.674,0
7.675,0
7.676,0
7.677,0
7.678,0
7.679,0
7.68,0
7.681,0
7.682,0
7.683,0
7.684,0
7.685,0
7.686,0
7.687,0
7.688,0
7.6883649638,1
7.689,0
7.69,0
7.691,0
7.692,0
7.693,0
7.694,0
7.695,0
7.696,0
7.697,0
7.698,0
7.699,0
7.7,0
7.701,0
7.702,0
7.703,0
7.704,0
7.705,0
7.706,0
7.707,0
7.708,0
7.709,0
7.71,0
7.711,0
7.712,0
7.713,0
7.714,0
7.715,0
7.716,0
7.717,0
7.718,0
7.719,0
7.72,0
7.721,0
7.7218922598,1
7.722,0
7.723,0
7.724,0
7.725,0
7.726,0
7.727,0
7.728,0
7.729,0
7.73,0
7.731,0
7.732,0
7.733,0
7.734,0
7.735,0
7.736,0
7.737,0
7.738,0
7.739,0
7.74,0
7.741,0
7.742,0
7.743,0
7.744,0
7.745,0
7.746,0
7.747,0
7.748,0
7.749,0
7.75,0
7.751,0
7.752,0
7.753,0
7.7539128998,1
7.754,0
7.755,0
7.756,0
7.757,0
7.758,0
7.759,0
7.76,0
7.761,0
7.762,0
7.763,0
7.764,0
7.765,0
7.766,0
7.767,0
7.768,0
7.769,0
7.77,0
7.771,0
7.772,0
7.773,0
7.774,0
7.775,0
7.776,0
7.777,0
7.778,0
7.779,0
7.78,0
7.781,0
7.782,0
7.783,0
7.784,0
7.785,0
7.786,0
7.787,0
7.788,0
7.789,0
7.79,0
7.791,0
7.792,0
7.793,0
7.794,0
7.795,0
7.796,0
7.797,0
7.798,0
7.799,0
7.8,0
7.801,0
7.802,0
7.803,0
7.804,0
7.805,0
7.806,0
7.807,0
7.808,0
7.809,0
7.81,0
7.811,0
7.812,0
7.813,0
7.814,0
7.815,0
7.816,0
7.817,0
7.818,0
7.819,0
7.82,0
7.821,0
7.822,0
7.823,0
7.824,0
7.825,0
7.826,0
7.827,0
7.828,0
7.829,0
7.83,0
7.831,0
7.832,0
7.833,0
7.834,0
7.835,0
7.836,0
7.837,0
7.838,0
7.839,0
7.84,0
7.841,0
7.842,0
7.843,0
7.844,0
7.845,0
7.846,0
7.847,0
7.848,0
7.849,0
7.85,0
7.851,0
7.852,0
7.853,0
7.854,0
7.855,0
7.856,0
7.857,0
7.858,0
7.859,0
7.86,0
7.861,0
7.862,0
7.863,0
7.864,0
7.865,0
7.866,0
7.867,0
7.868,0
7.869,0
7.87,0
7.871,0
7.872,0
7.873,0
7.874,0
7.875,0
7.876,0
7.877,0
7.878,0
7.879,0
7.88,0
7.881,0
7.882,0
7.883,0
7.884,0
7.885,0
7.886,0
7.887,0
7.888,0
7.889,0
7.89,0
7.891,0
7.892,0
7.893,0
7.894,0
7.895,0
7.896,0
7.897,0
7.898,0
7.899,0
7.9,0
7.901,0
7.902,0
7.903,0
7.904,0
7.905,0
7.906,0
7.907,0
7.908,0
7.909,0
7.91,0
7.911,0
7.912,0
7.913,0
7.914,0
7.915,0
7.916,0
7.917,0
7.918,0
7.919,0
7.92,0
7.921,0
7.922,0
7.923,0
7.924,0
7.925,0
7.926,0
7.927,0
7.928,0
7.929,0
7.93,0
7.931,0
7.932,0
7.933,0
7.934,0
7.935,0
7.936,0
7.937,0
7.938,0
7.939,0
7.94,0
7.941,0
7.942,0
7.943,0
7.944,0
7.945,0
7.946,0
7.947,0
7.948,0
7.949,0
7.95,0
7.951,0
7.952,0
7.953,0
7.954,0
7.955,0
7.956,0
7.957,0
7.958,0
7.959,0
7.96,0
7.961,0
7.962,0
7.963,0
7.964,0
7.965,0
7.966,0
7.967,0
7.968,0
7.969,0
7.97,0
7.971,0
7.972,0
7.9728379968,1
7.973,0
7.974,0
7.975,0
7.976,0
7.977,0
7.978,0
7.979,0
7.98,0
7.981,0
7.982,0
7.983,0
7.984,0
7.985,0
7.986,0
7.987,0
7.988,0
7.989,0
7.99,0
7.991,0
7.992,0
7.993,0
7.994,0
7.995,0
7.996,0
7.997,0
7.998,0
7.999,0
8,0
8.001,0
8.002,0
8.003,0
8.004,0
8.005,0
8.006,0
8.007,0
8.008,0
8.009,0
8.01,0
8.011,0
8.012,0
8.013,0
8.014,0
8.015,0
8.016,0
8.017,0
8.018,0
8.019,0
8.02,0
8.021,0
8.022,0
8.023,0
8.024,0
8.025,0
8.026,0
8.027,0
8.028,0
8.029,0
8.03,0
8.031,0
8.032,0
8.033,0
8.034,0
8.035,0
8.036,0
8.037,0
8.038,0
8.039,0
8.04,0
8.041,0
8.042,0
8.043,0
8.0439423728,1
8.044,0
8.045,0
8.046,0
8.047,0
8.048,0
8.049,0
8.05,0
8.051,0
8.052,0
8.053,0
8.054,0
8.055,0
8.056,0
8.057,0
8.058,0
8.059,0
8.06,0
8.061,0
8.062,0
8.063,0
8.064,0
8.065,0
8.066,0
8.067,0
8.068,0
8.069,0
8.07,0
8.071,0
8.072,0
8.073,0
8.074,0
8.075,0
8.076,0
8.077,0
8.078,0
8.079,0
8.08,0
8.081,0
8.082,0
8.083,0
8.084,0
8.085,0
8.086,0
8.087,0
8.088,0
8.089,0
8.09,0
8.091,0
8.092,0
8.093,0
8.094,0
8.095,0
8.096,0
8.097,0
8.098,0
8.099,0
8.1,0
8.101,0
8.1015524368,1
8.102,0
8.103,0
8.104,0
8.105,0
8.106,0
8.107,0
8.108,0
8.109,0
8.11,0
8.111,0
8.112,0
8.113,0
8.114,0
8.115,0
8.116,0
8.117,0
8.118,0
8.119,0
8.12,0
8.121,0
8.122,0
8.123,0
8.124,0
8.125,0
8.126,0
8.127,0
8.128,0
8.129,0
8.13,0
8.131,0
8.132,0
8.133,0
8.134,0
8.135,0
8.136,0
8.137,0
8.138,0
8.139,0
8.14,0
8.141,0
8.142,0
8.143,0
8.144,0
8.145,0
8.146,0
8.147,0
8.148,0
8.149,0
8.15,0
8.151,0
8.152,0
8.153,0
8.154,0
8.155,0
8.156,0
8.157,0
8.158,0
8.159,0
8.16,0
8.161,0
8.162,0
8.163,0
8.164,0
8.165,0
8.166,0
8.167,0
8.168,0
8.169,0
8.17,0
8.171,0
8.172,0
8.173,0
8.174,0
8.175,0
8.176,0
8.177,0
8.178,0
8.179,0
8.18,0
8.181,0
8.182,0
8.183,0
8.184,0
8.185,0
8.186,0
8.187,0
8.188,0
8.189,0
8.19,0
8.191,0
8.192,0
8.193,0
8.194,0
8.195,0
8.196,0
8.197,0
8.198,0
8.199,0
8.2,0
8.201,0
8.202,0
8.203,0
8.204,0
8.205,0
8.206,0
8.207,0
8.208,0
8.209,0
8.21,0
8.211,0
8.212,0
8.213,0
8.214,0
8.215,0
8.216,0
8.217,0
8.218,0
8.219,0
8.22,0
8.221,0
8.222,0
8.223,0
8.224,0
8.225,0
8.226,0
8.227,0
8.228,0
8.229,0
8.23,0
8.231,0
8.232,0
8.233,0
8.234,0
8.235,0
8.236,0
8.237,0
8.238,0
8.239,0
8.24,0
8.241,0
8.242,0
8.243,0
8.244,0
8.245,0
8.246,0
8.247,0
8.248,0
8.249,0
8.25,0
8.251,0
8.252,0
8.253,0
8.254,0
8.255,0
8.256,0
8.257,0
8.258,0
8.259,0
8.26,0
8.261,0
8.262,0
8.263,0
8.264,0
8.265,0
8.266,0
8.267,0
8.268,0
8.269,0
8.27,0
8.271,0
8.272,0
8.273,0
8.274,0
8.275,0
8.276,0
8.277,0
8.278,0
8.279,0
8.28,0
8.281,0
8.282,0
8.283,0
8.284,0
8.285,0
8.286,0
8.287,0
8.288,0
8.289,0
8.29,0
8.291,0
8.292,0
8.293,0
8.294,0
8.295,0
8.296,0
8.297,0
8.298,0
8.299,0
8.3,0
8.301,0
8.302,0
8.303,0
8.304,0
8.305,0
8.306,0
8.307,0
8.308,0
8.309,0
8.31,0
8.311,0
8.312,0
8.313,0
8.314,0
8.315,0
8.316,0
8.317,0
8.318,0
8.319,0
8.32,0
8.321,0
8.322,0
8.323,0
8.324,0
8.325,0
8.326,0
8.327,0
8.328,0
8.329,0
8.33,0
8.331,0
8.332,0
8.333,0
8.334,0
8.335,0
8.336,0
8.337,0
8.338,0
8.339,0
8.34,0
8.341,0
8.342,0
8.343,0
8.344,0
8.345,0
8.346,0
8.347,0
8.348,0
8.349,0
8.35,0
8.351,0
8.352,0
8.353,0
8.354,0
8.355,0
8.356,0
8.357,0
8.358,0
8.359,0
8.36,0
8.361,0
8.362,0
8.363,0
8.364,0
8.365,0
8.366,0
8.367,0
8.368,0
8.369,0
8.37,0
8.371,0
8.372,0
8.373,0
8.374,0
8.375,0
8.376,0
8.377,0
8.378,0
8.379,0
8.38,0
8.381,0
8.382,0
8.383,0
8.384,0
8.385,0
8.386,0
8.387,0
8.388,0
8.389,0
8.39,0
8.391,0
8.392,0
8.3924416358,1
8.393,0
8.394,0
8.395,0
8.396,0
8.397,0
8.398,0
8.399,0
8.4,0
8.401,0
8.402,0
8.403,0
8.404,0
8.405,0
8.406,0
8.407,0
8.408,0
8.409,0
8.41,0
8.411,0
8.412,0
8.413,0
8.414,0
8.415,0
8.416,0
8.417,0
8.418,0
8.419,0
8.42,0
8.421,0
8.422,0
8.423,0
8.424,0
8.425,0
8.426,0
8.427,0
8.428,0
8.429,0
8.43,0
8.431,0
8.432,0
8.433,0
8.434,0
8.435,0
8.436,0
8.437,0
8.438,0
8.439,0
8.44,0
8.441,0
8.442,0
8.443,0
8.444,0
8.445,0
8.446,0
8.447,0
8.448,0
8.449,0
8.45,0
8.451,0
8.452,0
8.453,0
8.454,0
8.455,0
8.456,0
8.457,0
8.458,0
8.459,0
8.46,0
8.461,0
8.462,0
8.463,0
8.464,0
8.465,0
8.4656712188,1
8.466,0
8.467,0
8.468,0
8.469,0
8.47,0
8.471,0
8.472,0
8.473,0
8.474,0
8.475,0
8.476,0
8.477,0
8.478,0
8.479,0
8.48,0
8.481,0
8.482,0
8.483,0
8.484,0
8.485,0
8.486,0
8.487,0
8.488,0
8.489,0
8.49,0
8.491,0
8.492,0
8.493,0
8.494,0
8.495,0
8.496,0
8.497,0
8.498,0
8.499,0
8.5,0
8.501,0
8.502,0
8.503,0
8.504,0
8.505,0
8.506,0
8.507,0
8.508,0
8.509,0
8.51,0
8.511,0
8.512,0
8.513,0
8.514,0
8.515,0
8.516,0
8.517,0
8.518,0
8.519,0
8.52,0
8.521,0
8.5212882408,1
8.522,0
8.523,0
8.524,0
8.525,0
8.526,0
8.527,0
8.528,0
8.529,0
8.53,0
8.531,0
8.532,0
8.533,0
8.534,0
8.535,0
8.536,0
8.537,0
8.538,0
8.539,0
8.54,0
8.541,0
8.542,0
8.543,0
8.544,0
8.545,0
8.546,0
8.547,0
8.548,0
8.549,0
8.55,0
8.551,0
8.552,0
8.553,0
8.554,0
8.555,0
8.556,0
8.557,0
8.558,0
8.559,0
8.56,0
8.561,0
8.562,0
8.563,0
8.564,0
8.565,0
8.566,0
8.567,0
8.568,0
8.569,0
8.57,0
8.571,0
8.5712088978,1
8.572,0
8.573,0
8.574,0
8.575,0
8.576,0
8.577,0
8.578,0
8.579,0
8.58,0
8.581,0
8.582,0
8.583,0
8.584,0
8.585,0
8.586,0
8.587,0
8.588,0
8.589,0
8.59,0
8.591,0
8.592,0
8.593,0
8.594,0
8.595,0
8.596,0
8.597,0
8.598,0
8.599,0
8.6,0
8.601,0
8.602,0
8.603,0
8.604,0
8.605,0
8.606,0
8.607,0
8.608,0
8.609,0
8.61,0
8.611,0
8.612,0
8.613,0
8.614,0
8.615,0
8.6157600608,1
8.616,0
8.617,0
8.618,0
8.619,0
8.62,0
8.621,0
8.622,0
8.623,0
8.624,0
8.625,0
8.626,0
8.627,0
8.628,0
8.629,0
8.63,0
8.631,0
8.632,0
8.633,0
8.634,0
8.635,0
8.636,0
8.637,0
8.638,0
8.639,0
8.64,0
8.641,0
8.642,0
8.643,0
8.644,0
8.645,0
8.646,0
8.647,0
8.648,0
8.649,0
8.65,0
8.651,0
8.652,0
8.653,0
8.654,0
8.655,0
8.656,0
8.657,0
8.6573474808,1
8.658,0
8.659,0
8.66,0
8.661,0
8.662,0
8.663,0
8.664,0
8.665,0
8.666,0
8.667,0
8.668,0
8.669,0
8.67,0
8.671,0
8.672,0
8.673,0
8.674,0
8.675,0
8.676,0
8.677,0
8.678,0
8.679,0
8.68,0
8.681,0
8.682,0
8.683,0
8.684,0
8.685,0
8.686,0
8.687,0
8.688,0
8.689,0
8.69,0
8.691,0
8.692,0
8.693,0
8.694,0
8.695,0
8.696,0
8.697,0
8.698,0
8.699,0
8.7,0
8.701,0
8.702,0
8.703,0
8.704,0
8.705,0
8.706,0
8.707,0
8.708,0
8.709,0
8.71,0
8.711,0
8.712,0
8.713,0
8.714,0
8.715,0
8.716,0
8.717,0
8.718,0
8.719,0
8.72,0
8.721,0
8.722,0
8.723,0
8.724,0
8.725,0
8.726,0
8.727,0
8.728,0
8.729,0
8.73,0
8.731,0
8.732,0
8.733,0
8.734,0
8.735,0
8.736,0
8.737,0
8.738,0
8.739,0
8.74,0
8.741,0
8.742,0
8.743,0
8.744,0
8.745,0
8.746,0
8.747,0
8.748,0
8.749,0
8.75,0
8.751,0
8.752,0
8.753,0
8.754,0
8.755,0
8.756,0
8.757,0
8.758,0
8.759,0
8.76,0
8.761,0
8.762,0
8.763,0
8.764,0
8.765,0
8.766,0
8.767,0
8.768,0
8.769,0
8.77,0
8.771,0
8.772,0
8.773,0
8.774,0
8.775,0
8.776,0
8.777,0
8.778,0
8.779,0
8.78,0
8.781,0
8.782,0
8.783,0
8.784,0
8.785,0
8.7858999468,1
8.786,0
8.787,0
8.788,0
8.789,0
8.79,0
8.791,0
8.792,0
8.793,0
8.794,0
8.795,0
8.796,0
8.797,0
8.798,0
8.799,0
8.8,0
8.801,0
8.802,0
8.803,0
8.804,0
8.805,0
8.806,0
8.807,0
8.808,0
8.809,0
8.81,0
8.811,0
8.812,0
8.813,0
8.814,0
8.815,0
8.816,0
8.817,0
8.818,0
8.819,0
8.82,0
8.821,0
8.822,0
8.823,0
8.824,0
8.825,0
8.826,0
8.827,0
8.828,0
8.829,0
8.83,0
8.8308187598,1
8.831,0
8.832,0
8.833,0
8.834,0
8.835,0
8.836,0
8.837,0
8.838,0
8.839,0
8.84,0
8.841,0
8.842,0
8.843,0
8.844,0
8.845,0
8.846,0
8.847,0
8.848,0
8.849,0
8.85,0
8.851,0
8.852,0
8.853,0
8.854,0
8.855,0
8.856,0
8.857,0
8.858,0
8.859,0
8.86,0
8.861,0
8.862,0
8.863,0
8.864,0
8.865,0
8.866,0
8.867,0
8.868,0
8.869,0
8.87,0
8.871,0
8.872,0
8.8725130448,1
8.873,0
8.874,0
8.875,0
8.876,0
8.877,0
8.878,0
8.879,0
8.88,0
8.881,0
8.882,0
8.883,0
8.884,0
8.885,0
8.886,0
8.887,0
8.888,0
8.889,0
8.89,0
8.891,0
8.892,0
8.893,0
8.894,0
8.895,0
8.896,0
8.897,0
8.898,0
8.899,0
8.9,0
8.901,0
8.902,0
8.903,0
8.904,0
8.905,0
8.906,0
8.907,0
8.908,0
8.909,0
8.9094957258,1
8.91,0
8.911,0
8.912,0
8.913,0
8.914,0
8.915,0
8.916,0
8.917,0
8.918,0
8.919,0
8.92,0
8.921,0
8.922,0
8.923,0
8.924,0
8.925,0
8.926,0
8.927,0
8.928,0
8.929,0
8.93,0
8.931,0
8.932,0
8.933,0
8.934,0
8.935,0
8.936,0
8.937,0
8.938,0
8.939,0
8.94,0
8.941,0
8.942,0
8.943,0
8.944,0
8.9446660638,1
8.945,0
8.946,0
8.947,0
8.948,0
8.949,0
8.95,0
8.951,0
8.952,0
8.953,0
8.954,0
8.955,0
8.956,0
8.957,0
8.958,0
8.959,0
8.96,0
8.961,0
8.962,0
8.963,0
8.964,0
8.965,0
8.966,0
8.967,0
8.968,0
8.969,0
8.97,0
8.971,0
8.972,0
8.973,0
8.974,0
8.975,0
8.976,0
8.977,0
8.978,0
8.9783138488,1
8.979,0
8.98,0
8.981,0
8.982,0
8.983,0
8.984,0
8.985,0
8.986,0
8.987,0
8.988,0
8.989,0
8.99,0
8.991,0
8.992,0
8.993,0
8.994,0
8.995,0
8.996,0
8.997,0
8.998,0
8.999,0
9,0
9.001,0
9.002,0
9.003,0
9.004,0
9.005,0
9.006,0
9.007,0
9.008,0
9.009,0
9.0097290438,1
9.01,0
9.011,0
9.012,0
9.013,0
9.014,0
9.015,0
9.016,0
9.017,0
9.018,0
9.019,0
9.02,0
9.021,0
9.022,0
9.023,0
9.024,0
9.025,0
9.026,0
9.027,0
9.028,0
9.029,0
9.03,0
9.031,0
9.032,0
9.033,0
9.034,0
9.035,0
9.036,0
9.037,0
9.038,0
9.039,0
9.0398655058,1
9.04,0
9.041,0
9.042,0
9.043,0
9.044,0
9.045,0
9.046,0
9.047,0
9.048,0
9.049,0
9.05,0
9.051,0
9.052,0
9.053,0
9.054,0
9.055,0
9.056,0
9.057,0
9.058,0
9.059,0
9.06,0
9.061,0
9.062,0
9.063,0
9.064,0
9.065,0
9.066,0
9.067,0
9.068,0
9.069,0
9.07,0
9.0705390178,1
9.071,0
9.072,0
9.073,0
9.074,0
9.075,0
9.076,0
9.077,0
9.078,0
9.079,0
9.08,0
9.081,0
9.082,0
9.083,0
9.084,0
9.085,0
9.086,0
9.087,0
9.088,0
9.089,0
9.09,0
9.091,0
9.092,0
9.093,0
9.094,0
9.095,0
9.096,0
9.0963098028,1
9.097,0
9.098,0
9.099,0
9.1,0
9.101,0
9.102,0
9.103,0
9.104,0
9.105,0
9.106,0
9.107,0
9.108,0
9.109,0
9.11,0
9.111,0
9.112,0
9.113,0
9.114,0
9.115,0
9.116,0
9.117,0
9.118,0
9.119,0
9.12,0
9.121,0
9.122,0
9.123,0
9.124,0
9.125,0
9.1255627348,1
9.126,0
9.127,0
9.128,0
9.129,0
9.13,0
9.131,0
9.132,0
9.133,0
9.134,0
9.135,0
9.136,0
9.137,0
9.138,0
9.139,0
9.14,0
9.141,0
9.142,0
9.143,0
9.144,0
9.145,0
9.146,0
9.147,0
9.148,0
9.149,0
9.1492385588,1
9.15,0
9.151,0
9.152,0
9.153,0
9.154,0
9.155,0
9.156,0
9.157,0
9.158,0
9.159,0
9.16,0
9.161,0
9.162,0
9.163,0
9.164,0
9.165,0
9.166,0
9.167,0
9.168,0
9.169,0
9.17,0
9.171,0
9.172,0
9.173,0
9.174,0
9.1743268288,1
9.175,0
9.176,0
9.177,0
9.178,0
9.179,0
9.18,0
9.181,0
9.182,0
9.183,0
9.184,0
9.185,0
9.186,0
9.187,0
9.188,0
9.189,0
9.19,0
9.191,0
9.192,0
9.193,0
9.194,0
9.195,0
9.196,0
9.197,0
9.198,0
9.1982996428,1
9.199,0
9.2,0
9.201,0
9.202,0
9.203,0
9.204,0
9.205,0
9.206,0
9.207,0
9.208,0
9.209,0
9.21,0
9.211,0
9.212,0
9.213,0
9.214,0
9.215,0
9.216,0
9.217,0
9.218,0
9.219,0
9.22,0
9.221,0
9.2218326758,1
9.222,0
9.223,0
9.224,0
9.225,0
9.226,0
9.227,0
9.228,0
9.229,0
9.23,0
9.231,0
9.232,0
9.233,0
9.234,0
9.235,0
9.236,0
9.237,0
9.238,0
9.239,0
9.24,0
9.241,0
9.242,0
9.243,0
9.244,0
9.245,0
9.246,0
9.247,0
9.248,0
9.2487507188,1
9.249,0
9.25,0
9.251,0
9.252,0
9.253,0
9.254,0
9.255,0
9.256,0
9.257,0
9.258,0
9.259,0
9.26,0
9.261,0
9.262,0
9.263,0
9.264,0
9.265,0
9.266,0
9.267,0
9.268,0
9.269,0
9.27,0
9.271,0
9.272,0
9.273,0
9.274,0
9.275,0
9.276,0
9.277,0
9.278,0
9.279,0
9.28,0
9.281,0
9.282,0
9.283,0
9.284,0
9.285,0
9.286,0
9.287,0
9.288,0
9.289,0
9.29,0
9.291,0
9.292,0
9.293,0
9.294,0
9.295,0
9.296,0
9.297,0
9.298,0
9.299,0
9.3,0
9.301,0
9.302,0
9.303,0
9.304,0
9.305,0
9.306,0
9.307,0
9.308,0
9.309,0
9.31,0
9.311,0
9.312,0
9.313,0
9.314,0
9.315,0
9.316,0
9.317,0
9.318,0
9.319,0
9.32,0
9.321,0
9.322,0
9.323,0
9.324,0
9.325,0
9.326,0
9.327,0
9.328,0
9.329,0
9.33,0
9.331,0
9.332,0
9.333,0
9.334,0
9.335,0
9.336,0
9.337,0
9.338,0
9.339,0
9.34,0
9.341,0
9.342,0
9.343,0
9.344,0
9.345,0
9.346,0
9.35,0
9.351,0
9.352,0
9.353,0
9.354,0
9.355,0
9.356,0
9.357,0
9.358,0
9.359,0
9.36,0
9.361,0
9.362,0
9.363,0
9.364,0
9.365,0
9.366,0
9.367,0
9.368,0
9.369,0
9.37,0
9.371,0
9.372,0
9.373,0
9.374,0
9.375,0
9.376,0
9.377,0
9.378,0
9.379,0
9.38,0
9.381,0
9.382,0
9.383,0
9.384,0
9.385,0
9.386,0
9.387,0
9.388,0
9.389,0
9.39,0
9.391,0
9.392,0
9.393,0
9.394,0
9.395,0
9.396,0
9.397,0
9.398,0
9.399,0
9.4,0
9.401,0
9.402,0
9.403,0
9.404,0
9.405,0
9.406,0
9.407,0
9.408,0
9.409,0
9.41,0
9.411,0
9.412,0
9.413,0
9.414,0
9.415,0
9.416,0
9.417,0
9.418,0
9.419,0
9.42,0
9.421,0
9.422,0
9.423,0
9.424,0
9.425,0
9.426,0
9.427,0
9.428,0
9.429,0
9.43,0
9.431,0
9.432,0
9.433,0
9.434,0
9.435,0
9.436,0
9.437,0
9.438,0
9.439,0
9.44,0
9.441,0
9.442,0
9.443,0
9.444,0
9.445,0
9.446,0
9.447,0
9.448,0
9.449,0
9.45,0
9.451,0
9.452,0
9.453,0
9.454,0
9.455,0
9.456,0
9.457,0
9.458,0
9.459,0
9.46,0
9.461,0
9.462,0
9.463,0
9.464,0
9.465,0
9.466,0
9.467,0
9.468,0
9.469,0
9.47,0
9.471,0
9.472,0
9.473,0
9.474,0
9.475,0
9.476,0
9.477,0
9.478,0
9.479,0
9.48,0
9.481,0
9.482,0
9.483,0
9.484,0
9.485,0
9.486,0
9.487,0
9.488,0
9.489,0
9.49,0
9.491,0
9.492,0
9.493,0
9.494,0
9.495,0
9.496,0
9.497,0
9.498,0
9.499,0
9.5,0
9.501,0
9.502,0
9.503,0
9.504,0
9.505,0
9.506,0
9.507,0
9.508,0
9.509,0
9.51,0
9.511,0
9.512,0
9.513,0
9.514,0
9.515,0
9.516,0
9.517,0
9.518,0
9.519,0
9.52,0
9.521,0
9.522,0
9.523,0
9.524,0
9.525,0
9.526,0
9.527,0
9.528,0
9.529,0
9.53,0
9.531,0
9.532,0
9.533,0
9.534,0
9.535,0
9.536,0
9.537,0
9.538,0
9.539,0
9.54,0
9.541,0
9.542,0
9.543,0
9.544,0
9.545,0
9.546,0
9.547,0
9.548,0
9.549,0
9.55,0
9.551,0
9.552,0
9.553,0
9.554,0
9.555,0
9.556,0
9.557,0
9.558,0
9.559,0
9.56,0
9.561,0
9.562,0
9.563,0
9.564,0
9.565,0
9.566,0
9.567,0
9.568,0
9.569,0
9.57,0
9.571,0
9.572,0
9.573,0
9.574,0
9.575,0
9.576,0
9.577,0
9.578,0
9.579,0
9.58,0
9.581,0
9.582,0
9.583,0
9.584,0
9.585,0
9.586,0
9.587,0
9.588,0
9.589,0
9.59,0
9.591,0
9.592,0
9.593,0
9.594,0
9.595,0
9.596,0
9.597,0
9.598,0
9.599,0
9.6,0
9.601,0
9.602,0
9.603,0
9.604,0
9.605,0
9.606,0
9.607,0
9.608,0
9.609,0
9.61,0
9.611,0
9.612,0
9.613,0
9.614,0
9.615,0
9.616,0
9.617,0
9.618,0
9.619,0
9.62,0
9.621,0
9.622,0
9.623,0
9.624,0
9.625,0
9.626,0
9.627,0
9.628,0
9.629,0
9.63,0
9.631,0
9.632,0
9.633,0
9.634,0
9.635,0
9.636,0
9.637,0
9.638,0
9.639,0
9.64,0
9.641,0
9.642,0
9.643,0
9.644,0
9.645,0
9.646,0
9.647,0
9.648,0
9.649,0
9.65,0
9.651,0
9.652,0
9.653,0
9.654,0
9.655,0
9.656,0
9.657,0
9.658,0
9.659,0
9.66,0
9.661,0
9.662,0
9.663,0
9.664,0
9.665,0
9.666,0
9.667,0
9.668,0
9.669,0
9.67,0
9.671,0
9.672,0
9.673,0
9.674,0
9.675,0
9.676,0
9.677,0
9.678,0
9.679,0
9.68,0
9.681,0
9.682,0
9.683,0
9.684,0
9.685,0
9.686,0
9.687,0
9.688,0
9.689,0
9.69,0
9.691,0
9.692,0
9.693,0
9.694,0
9.695,0
9.696,0
9.697,0
9.698,0
9.699,0
9.7,0
9.701,0
9.702,0
9.703,0
9.704,0
9.705,0
9.706,0
9.707,0
9.708,0
9.709,0
9.71,0
9.711,0
9.712,0
9.713,0
9.714,0
9.715,0
9.716,0
9.717,0
9.718,0
9.719,0
9.72,0
9.721,0
9.722,0
9.723,0
9.724,0
9.725,0
9.726,0
9.727,0
9.728,0
9.729,0
9.73,0
9.731,0
9.732,0
9.733,0
9.734,0
9.735,0
9.736,0
9.737,0
9.738,0
9.739,0
9.74,0
9.741,0
9.742,0
9.743,0
9.744,0
9.745,0
9.746,0
9.747,0
9.748,0
9.749,0
9.75,0
9.751,0
9.752,0
9.753,0
9.754,0
9.755,0
9.756,0
9.757,0
9.758,0
9.759,0
9.76,0
9.761,0
9.762,0
9.763,0
9.764,0
9.765,0
9.766,0
9.767,0
9.768,0
9.769,0
9.77,0
9.771,0
9.772,0
9.773,0
9.774,0
9.775,0
9.776,0
9.777,0
9.778,0
9.779,0
9.78,0
9.781,0
9.782,0
9.783,0
9.784,0
9.785,0
9.786,0
9.787,0
9.788,0
9.789,0
9.79,0
9.791,0
9.792,0
9.793,0
9.794,0
9.795,0
9.796,0
9.797,0
9.798,0
9.799,0
9.8,0
9.801,0
9.802,0
9.803,0
9.804,0
9.805,0
9.806,0
9.807,0
9.808,0
9.809,0
9.81,0
9.811,0
9.812,0
9.813,0
9.814,0
9.815,0
9.816,0
9.817,0
9.818,0
9.819,0
9.82,0
9.821,0
9.822,0
9.823,0
9.824,0
9.825,0
9.826,0
9.827,0
9.828,0
9.829,0
9.83,0
9.831,0
9.832,0
9.833,0
9.834,0
9.835,0
9.836,0
9.837,0
9.838,0
9.839,0
9.84,0
9.841,0
9.842,0
9.843,0
9.844,0
9.845,0
9.846,0
9.847,0
9.848,0
9.849,0
9.85,0
9.851,0
9.852,0
9.853,0
9.854,0
9.855,0
9.856,0
9.857,0
9.858,0
9.859,0
9.86,0
9.861,0
9.862,0
9.863,0
9.864,0
9.865,0
9.866,0
9.867,0
9.868,0
9.869,0
9.87,0
9.871,0
9.872,0
9.873,0
9.874,0
9.875,0
9.876,0
9.877,0
9.878,0
9.879,0
9.88,0
9.881,0
9.882,0
9.883,0
9.884,0
9.885,0
9.886,0
9.887,0
9.888,0
9.889,0
9.89,0
9.891,0
9.892,0
9.893,0
9.894,0
9.895,0
9.896,0
9.897,0
9.898,0
9.899,0
9.9,0
9.901,0
9.902,0
9.903,0
9.904,0
9.905,0
9.906,0
9.907,0
9.908,0
9.909,0
9.91,0
9.911,0
9.912,0
9.913,0
9.914,0
9.915,0
9.916,0
9.917,0
9.918,0
9.919,0
9.92,0
9.921,0
9.922,0
9.923,0
9.924,0
9.925,0
9.926,0
9.927,0
9.928,0
9.929,0
9.93,0
9.931,0
9.932,0
9.933,0
9.934,0
9.935,0
9.936,0
9.937,0
9.938,0
9.939,0
9.94,0
9.941,0
9.942,0
9.943,0
9.944,0
9.945,0
9.946,0
9.947,0
9.948,0
9.949,0
9.95,0
9.951,0
9.952,0
9.953,0
9.954,0
9.955,0
9.956,0
9.957,0
9.958,0
9.959,0
9.96,0
9.961,0
9.962,0
9.963,0
9.964,0
9.965,0
9.966,0
9.967,0
9.968,0
9.969,0
9.97,0
9.971,0
9.972,0
9.973,0
9.974,0
9.975,0
9.976,0
9.977,0
9.978,0
9.979,0
9.98,0
9.981,0
9.982,0
9.983,0
9.984,0
9.985,0
9.986,0
9.987,0
9.988,0
9.989,0
9.99,0
9.991,0
9.992,0
9.993,0
9.994,0
9.995,0
9.996,0
9.997,0
9.998,0
9.999,0
10,0
10.001,0
10.002,0
10.003,0
10.004,0
10.005,0
10.006,0
10.007,0
10.008,0
10.009,0
10.01,0
10.011,0
10.012,0
10.013,0
10.014,0
10.015,0
10.016,0
10.017,0
10.018,0
10.019,0
10.02,0
10.021,0
10.022,0
10.023,0
10.024,0
10.025,0
10.026,0
10.027,0
10.028,0
10.029,0
10.03,0
10.031,0
10.032,0
10.033,0
10.034,0
10.035,0
10.036,0
10.037,0
10.038,0
10.039,0
10.04,0
10.041,0
10.042,0
10.043,0
10.044,0
10.045,0
10.046,0
10.047,0
10.048,0
10.049,0
10.05,0
10.051,0
10.052,0
10.053,0
10.054,0
10.055,0
10.056,0
10.057,0
10.058,0
10.059,0
10.06,0
10.061,0
10.062,0
10.063,0
10.064,0
10.065,0
10.066,0
10.067,0
10.068,0
10.069,0
10.07,0
10.071,0
10.072,0
10.073,0
10.074,0
10.075,0
10.076,0
10.077,0
10.078,0
10.079,0
10.08,0
10.081,0
10.082,0
10.083,0
10.084,0
10.085,0
10.086,0
10.087,0
10.088,0
10.089,0
10.09,0
10.091,0
10.092,0
10.093,0
10.094,0
10.095,0
10.096,0
10.097,0
10.098,0
10.099,0
10.1,0
10.101,0
10.102,0
10.103,0
10.104,0
10.105,0
10.106,0
10.107,0
10.108,0
10.109,0
10.11,0
10.111,0
10.112,0
10.113,0
10.114,0
10.115,0
10.116,0
10.117,0
10.118,0
10.119,0
10.12,0
10.121,0
10.122,0
10.123,0
10.124,0
10.125,0
10.126,0
10.127,0
10.128,0
10.129,0
10.13,0
10.131,0
10.132,0
10.133,0
10.134,0
10.135,0
10.136,0
10.137,0
10.138,0
10.139,0
10.14,0
10.141,0
10.142,0
10.143,0
10.144,0
10.145,0
10.146,0
10.147,0
10.148,0
10.149,0
10.15,0
10.151,0
10.152,0
10.153,0
10.154,0
10.155,0
10.156,0
10.157,0
10.158,0
10.159,0
10.16,0
10.161,0
10.162,0
10.163,0
10.164,0
10.165,0
10.166,0
10.167,0
10.168,0
10.169,0
10.17,0
10.171,0
10.172,0
10.173,0
10.174,0
10.175,0
10.176,0
10.177,0
10.178,0
10.179,0
10.18,0
10.181,0
10.182,0
10.183,0
10.184,0
10.185,0
10.186,0
10.187,0
10.188,0
10.189,0
10.19,0
10.191,0
10.192,0
10.193,0
10.194,0
10.195,0
10.196,0
10.197,0
10.198,0
10.199,0
10.2,0
10.201,0
10.202,0
10.203,0
10.204,0
10.205,0
10.206,0
10.207,0
10.208,0
10.209,0
10.21,0
10.211,0
10.212,0
10.213,0
10.214,0
10.215,0
10.216,0
10.217,0
10.218,0
10.219,0
10.22,0
10.221,0
10.222,0
10.223,0
10.224,0
10.225,0
10.226,0
10.227,0
10.228,0
10.229,0
10.23,0
10.231,0
10.232,0
10.233,0
10.234,0
10.235,0
10.236,0
10.237,0
10.238,0
10.239,0
10.24,0
10.241,0
10.242,0
10.243,0
10.244,0
10.245,0
10.246,0
10.247,0
10.248,0
10.249,0
10.25,0
10.251,0
10.252,0
10.253,0
10.254,0
10.255,0
10.256,0
10.257,0
10.258,0
10.259,0
10.26,0
10.261,0
10.262,0
10.263,0
10.264,0
10.265,0
10.266,0
10.267,0
10.268,0
10.269,0
10.27,0
10.271,0
10.272,0
10.273,0
10.274,0
10.275,0
10.276,0
10.277,0
10.278,0
10.279,0
10.28,0
10.281,0
10.282,0
10.283,0
10.284,0
10.285,0
10.286,0
10.287,0
10.288,0
10.289,0
10.29,0
10.291,0
10.292,0
10.293,0
10.294,0
10.295,0
10.296,0
10.297,0
10.298,0
10.299,0
10.3,0
10.301,0
10.302,0
10.303,0
10.304,0
10.305,0
10.306,0
10.307,0
10.308,0
10.309,0
10.31,0
10.311,0
10.312,0
10.313,0
10.314,0
10.315,0
10.316,0
10.317,0
10.318,0
10.319,0
10.32,0
10.321,0
10.322,0
10.323,0
10.324,0
10.325,0
10.326,0
10.327,0
10.328,0
10.329,0
10.33,0
10.331,0
10.332,0
10.333,0
10.334,0
10.335,0
10.336,0
10.337,0
10.338,0
10.339,0
10.34,0
10.341,0
10.342,0
10.343,0
10.344,0
10.345,0
10.346,0
10.347,0
10.348,0
10.349,0
10.35,0
10.351,0
10.352,0
10.353,0
10.354,0
10.355,0
10.356,0
10.357,0
10.358,0
10.359,0
10.36,0
10.361,0
10.362,0
10.363,0
10.364,0
10.365,0
10.366,0
10.367,0
10.368,0
10.369,0
10.37,0
10.371,0
10.372,0
10.373,0
10.374,0
10.375,0
10.376,0
10.377,0
10.378,0
10.379,0
10.38,0
10.381,0
10.382,0
10.383,0
10.384,0
10.385,0
10.386,0
10.387,0
10.388,0
10.389,0
10.39,0
10.391,0
10.392,0
10.393,0
10.394,0
10.395,0
10.396,0
10.397,0
10.398,0
10.399,0
10.4,0
10.401,0
10.402,0
10.403,0
10.404,0
10.405,0
10.406,0
10.412,0
10.413,0
10.414,0
10.415,0
10.416,0
10.417,0
10.418,0
10.419,0
10.42,0
10.421,0
10.422,0
10.423,0
10.424,0
10.425,0
10.426,0
10.427,0
10.428,0
10.429,0
10.43,0
10.431,0
10.432,0
10.433,0
10.434,0
10.435,0
10.436,0
10.437,0
10.438,0
10.439,0
10.44,0
10.441,0
10.442,0
10.443,0
10.444,0
10.445,0
10.446,0
10.447,0
10.448,0
10.449,0
10.45,0
10.451,0
10.455,0
10.456,0
10.457,0
10.458,0
10.459,0
10.46,0
10.461,0
10.462,0
10.463,0
10.464,0
10.465,0
10.466,0
10.467,0
10.468,0
10.469,0
10.47,0
10.471,0
10.472,0
10.473,0
10.474,0
10.475,0
10.476,0
10.477,0
10.478,0
10.479,0
10.48,0
10.481,0
10.482,0
10.483,0
10.484,0
10.485,0
10.486,0
10.487,0
10.488,0
10.489,0
10.49,0
10.491,0
10.492,0
10.493,0
10.494,0
10.495,0
10.496,0
10.497,0
10.498,0
10.499,0
10.5,0
10.501,0
10.502,0
10.503,0
10.504,0
10.505,0
10.506,0
10.507,0
10.508,0
10.509,0
10.51,0
10.511,0
10.512,0
10.513,0
10.514,0
10.515,0
10.516,0
10.517,0
10.518,0
10.519,0
10.52,0
10.521,0
10.522,0
10.523,0
10.524,0
10.525,0
10.526,0
10.527,0
10.528,0
10.529,0
10.53,0
10.531,0
10.532,0
10.533,0
10.534,0
10.535,0
10.536,0
10.537,0
10.538,0
10.539,0
10.54,0
10.541,0
10.542,0
10.543,0
10.544,0
10.545,0
10.546,0
10.547,0
10.548,0
10.549,0
10.55,0
10.551,0
10.552,0
10.553,0
10.554,0
10.555,0
10.556,0
10.557,0
10.558,0
10.559,0
10.56,0
10.561,0
10.562,0
10.563,0
10.564,0
10.565,0
10.566,0
10.567,0
10.568,0
10.569,0
10.57,0
10.571,0
10.572,0
10.573,0
10.574,0
10.575,0
10.576,0
10.577,0
10.578,0
10.579,0
10.58,0
10.581,0
10.582,0
10.583,0
10.584,0
10.585,0
10.586,0
10.587,0
10.588,0
10.589,0
10.59,0
10.591,0
10.592,0
10.593,0
10.594,0
10.595,0
10.596,0
10.597,0
10.598,0
10.599,0
10.6,0
10.601,0
10.602,0
10.603,0
10.604,0
10.605,0
10.606,0
10.607,0
10.608,0
10.609,0
10.61,0
10.611,0
10.612,0
10.613,0
10.614,0
10.615,0
10.616,0
10.617,0
10.618,0
10.619,0
10.62,0
10.621,0
10.622,0
10.623,0
10.624,0
10.625,0
10.626,0
10.627,0
10.628,0
10.629,0
10.63,0
10.631,0
10.632,0
10.633,0
10.634,0
10.635,0
10.636,0
10.637,0
10.638,0
10.639,0
10.64,0
10.641,0
10.642,0
10.643,0
10.644,0
10.645,0
10.646,0
10.647,0
10.648,0
10.649,0
10.65,0
10.651,0
10.652,0
10.653,0
10.654,0
10.655,0
10.656,0
10.657,0
10.658,0
10.659,0
10.66,0
10.661,0
10.662,0
10.663,0
10.664,0
10.665,0
10.666,0
10.667,0
10.668,0
10.669,0
10.67,0
10.671,0
10.672,0
10.673,0
10.674,0
10.675,0
10.676,0
10.677,0
10.678,0
10.679,0
10.68,0
10.681,0
10.682,0
10.683,0
10.684,0
10.685,0
10.686,0
10.687,0
10.688,0
10.689,0
10.69,0
10.691,0
10.692,0
10.693,0
10.694,0
10.695,0
10.696,0
10.697,0
10.698,0
10.699,0
10.7,0
10.701,0
10.702,0
10.703,0
10.704,0
10.705,0
10.706,0
10.707,0
10.708,0
10.709,0
10.71,0
10.711,0
10.712,0
10.713,0
10.714,0
10.715,0
10.716,0
10.717,0
10.718,0
10.719,0
10.72,0
10.721,0
10.722,0
10.723,0
10.724,0
10.725,0
10.726,0
10.727,0
10.728,0
10.729,0
10.73,0
10.731,0
10.732,0
10.733,0
10.734,0
10.735,0
10.736,0
10.737,0
10.738,0
10.739,0
10.74,0
10.741,0
10.742,0
10.743,0
10.744,0
10.745,0
10.746,0
10.747,0
10.748,0
10.749,0
10.75,0
10.751,0
10.752,0
10.753,0
10.754,0
10.755,0
10.756,0
10.757,0
10.758,0
10.759,0
10.76,0
10.761,0
10.762,0
10.763,0
10.764,0
10.765,0
10.766,0
10.767,0
10.768,0
10.769,0
10.77,0
10.771,0
10.772,0
10.773,0
10.774,0
10.775,0
10.776,0
10.777,0
10.778,0
10.779,0
10.78,0
10.781,0
10.782,0
10.783,0
10.784,0
10.785,0
10.786,0
10.787,0
10.788,0
10.789,0
10.79,0
10.791,0
10.792,0
10.793,0
10.794,0
10.795,0
10.796,0
10.797,0
10.798,0
10.799,0
10.8,0
10.801,0
10.802,0
10.803,0
10.804,0
10.805,0
10.806,0
10.807,0
10.808,0
10.809,0
10.81,0
10.811,0
10.812,0
10.813,0
10.814,0
10.815,0
10.816,0
10.817,0
10.818,0
10.819,0
10.82,0
10.821,0
10.822,0
10.823,0
10.824,0
10.825,0
10.826,0
10.827,0
10.828,0
10.829,0
10.83,0
10.831,0
10.832,0
10.833,0
10.834,0
10.835,0
10.836,0
10.837,0
10.838,0
10.839,0
10.84,0
10.841,0
10.842,0
10.843,0
10.844,0
10.845,0
10.846,0
10.847,0
10.848,0
10.849,0
10.85,0
10.851,0
10.852,0
10.853,0
10.854,0
10.855,0
10.856,0
10.857,0
10.858,0
10.859,0
10.8598885038,1
10.86,0
10.861,0
10.862,0
10.863,0
10.864,0
10.865,0
10.866,0
10.867,0
10.868,0
10.869,0
10.87,0
10.871,0
10.872,0
10.873,0
10.874,0
10.875,0
10.876,0
10.877,0
10.878,0
10.879,0
10.88,0
10.881,0
10.882,0
10.883,0
10.884,0
10.885,0
10.8857868258,1
10.886,0
10.887,0
10.888,0
10.889,0
10.89,0
10.891,0
10.892,0
10.893,0
10.894,0
10.895,0
10.896,0
10.897,0
10.898,0
10.899,0
10.9,0
10.901,0
10.902,0
10.903,0
10.904,0
10.905,0
10.906,0
10.907,0
10.908,0
10.909,0
10.91,0
10.911,0
10.9119980348,1
10.912,0
10.913,0
10.914,0
10.915,0
10.916,0
10.917,0
10.918,0
10.919,0
10.92,0
10.921,0
10.922,0
10.923,0
10.924,0
10.925,0
10.926,0
10.927,0
10.928,0
10.929,0
10.93,0
10.931,0
10.932,0
10.933,0
10.934,0
10.935,0
10.9354195148,1
10.936,0
10.937,0
10.938,0
10.939,0
10.94,0
10.941,0
10.942,0
10.943,0
10.944,0
10.945,0
10.946,0
10.947,0
10.948,0
10.949,0
10.95,0
10.951,0
10.952,0
10.953,0
10.954,0
10.955,0
10.956,0
10.957,0
10.958,0
10.959,0
10.96,0
10.961,0
10.962,0
10.963,0
10.964,0
10.965,0
10.966,0
10.968,0
10.969,0
10.97,0
10.971,0
10.972,0
10.973,0
10.974,0
10.975,0
10.976,0
10.977,0
10.978,0
10.979,0
10.98,0
10.981,0
10.982,0
10.983,0
10.984,0
10.985,0
10.986,0
10.987,0
10.988,0
10.989,0
10.99,0
10.991,0
10.992,0
10.993,0
10.994,0
10.995,0
10.996,0
11,0
11.001,0
11.002,0
11.003,0
11.004,0
11.005,0
11.006,0
11.012,0
11.013,0
11.014,0
11.015,0
11.016,0
11.017,0
11.018,0
11.022,0
11.023,0
11.024,0
11.025,0
11.026,0
11.027,0
11.028,0
11.033,0
11.034,0
11.035,0
11.036,0
11.037,0
11.038,0
11.039,0
11.04,0
11.046,0
11.05,0
11.051,0
11.052,0
11.053,0
11.054,0
11.056,0
11.057,0
11.058,0
11.059,0
11.06,0
11.061,0
11.062,0
11.063,0
11.064,0
11.065,0
11.066,0
11.067,0
11.071,0
11.072,0
11.078,0
11.079,0
11.08,0
11.081,0
11.082,0
11.083,0
11.084,0
11.085,0
11.086,0
11.088,0
11.089,0
11.09,0
11.091,0
11.092,0
11.093,0
11.094,0
11.095,0
11.098,0
11.099,0
11.1,0
11.101,0
11.103,0
11.104,0
11.105,0
11.11,0
11.111,0
11.112,0
11.113,0
11.114,0
11.115,0
11.116,0
11.117,0
11.118,0
11.119,0
11.12,0
11.121,0
11.122,0
11.123,0
11.124,0
11.125,0
11.126,0
11.127,0
11.128,0
11.131,0
11.132,0
11.133,0
11.136,0
11.137,0
11.138,0
11.139,0
11.144,0
11.145,0
11.146,0
11.147,0
11.148,0
11.149,0
11.15,0
11.151,0
11.152,0
11.153,0
11.154,0
11.155,0
11.156,0
11.157,0
11.158,0
11.159,0
11.16,0
11.164,0
11.165,0
11.166,0
11.167,0
11.168,0
11.169,0
11.17,0
11.171,0
11.176,0
11.177,0
11.178,0
11.179,0
11.18,0
11.181,0
11.182,0
11.183,0
11.184,0
11.185,0
11.186,0
11.187,0
11.188,0
11.189,0
11.19,0
11.191,0
11.192,0
11.193,0
11.194,0
11.195,0
11.197,0
11.198,0
11.199,0
11.2,0
11.202,0
11.203,0
11.21,0
11.211,0
11.212,0
11.213,0
11.214,0
11.215,0
11.216,0
11.217,0
11.218,0
11.219,0
11.22,0
11.221,0
11.222,0
11.223,0
11.224,0
11.225,0
11.226,0
11.227,0
11.228,0
11.23,0
11.231,0
11.232,0
11.233,0
11.236,0
11.237,0
11.243,0
11.244,0
11.245,0
11.246,0
11.247,0
11.248,0
11.249,0
11.25,0
11.251,0
11.252,0
11.253,0
11.254,0
11.255,0
11.256,0
11.257,0
11.258,0
11.259,0
11.26,0
11.263,0
11.264,0
11.265,0
11.266,0
11.267,0
11.268,0
11.269,0
11.276,0
11.277,0
11.278,0
11.279,0
11.28,0
11.281,0
11.282,0
11.283,0
11.284,0
11.285,0
11.286,0
11.287,0
11.288,0
11.289,0
11.29,0
11.291,0
11.292,0
11.293,0
11.294,0
11.295,0
11.296,0
11.297,0
11.298,0
11.299,0
11.301,0
11.309,0
11.31,0
11.311,0
11.312,0
11.313,0
11.314,0
11.315,0
11.316,0
11.317,0
11.318,0
11.319,0
11.32,0
11.321,0
11.322,0
11.323,0
11.324,0
11.325,0
11.326,0
11.327,0
11.328,0
11.329,0
11.33,0
11.331,0
11.332,0
11.333,0
11.334,0
11.335,0
11.342,0
11.343,0
11.344,0
11.345,0
11.346,0
11.347,0
11.348,0
11.349,0
11.35,0
11.351,0
11.352,0
11.353,0
11.354,0
11.355,0
11.356,0
11.357,0
11.358,0
11.359,0
11.36,0
11.361,0
11.362,0
11.363,0
11.364,0
11.365,0
11.366,0
11.367,0
11.375,0
11.376,0
11.377,0
11.378,0
11.379,0
11.38,0
11.381,0
11.382,0
11.383,0
11.384,0
11.385,0
11.386,0
11.387,0
11.388,0
11.389,0
11.39,0
11.391,0
11.392,0
11.393,0
11.394,0
11.395,0
11.396,0
11.397,0
11.398,0
11.399,0
11.4,0
11.401,0
11.402,0
11.403,0
11.407,0
11.408,0
11.409,0
11.41,0
11.411,0
11.412,0
11.413,0
11.414,0
11.415,0
11.416,0
11.417,0
11.418,0
11.419,0
11.42,0
11.421,0
11.422,0
11.423,0
11.424,0
11.425,0
11.426,0
11.427,0
11.428,0
11.429,0
11.43,0
11.431,0
11.432,0
11.433,0
11.434,0
11.435,0
11.436,0
11.44,0
11.441,0
11.442,0
11.443,0
11.444,0
11.445,0
11.446,0
11.447,0
11.448,0
11.449,0
11.45,0
11.451,0
11.452,0
11.453,0
11.454,0
11.455,0
11.456,0
11.457,0
11.458,0
11.459,0
11.46,0
11.461,0
11.462,0
11.463,0
11.464,0
11.465,0
11.466,0
11.467,0
11.468,0
11.474,0
11.475,0
11.476,0
11.477,0
11.478,0
11.479,0
11.48,0
11.481,0
11.482,0
11.483,0
11.484,0
11.485,0
11.486,0
11.487,0
11.488,0
11.489,0
11.49,0
11.491,0
11.492,0
11.493,0
11.494,0
11.495,0
11.496,0
11.497,0
11.498,0
11.499,0
11.5,0
11.501,0
11.502,0
11.507,0
11.508,0
11.509,0
11.51,0
11.511,0
11.512,0
11.513,0
11.514,0
11.515,0
11.516,0
11.517,0
11.518,0
11.519,0
11.52,0
11.521,0
11.522,0
11.523,0
11.524,0
11.525,0
11.526,0
11.527,0
11.528,0
11.529,0
11.53,0
11.531,0
11.532,0
11.533,0
11.534,0
11.535,0
11.536,0
11.537,0
11.539,0
11.54,0
11.541,0
11.542,0
11.543,0
11.544,0
11.545,0
11.546,0
11.547,0
11.548,0
11.549,0
11.551,0
11.552,0
11.553,0
11.554,0
11.555,0
11.556,0
11.557,0
11.558,0
11.559,0
11.56,0
11.561,0
11.562,0
11.563,0
11.564,0
11.565,0
11.566,0
11.567,0
11.568,0
11.569,0
11.57,0
11.571,0
11.572,0
11.573,0
11.574,0
11.575,0
11.576,0
11.577,0
11.578,0
11.579,0
11.58,0
11.581,0
11.582,0
11.583,0
11.584,0
11.585,0
11.586,0
11.587,0
11.588,0
11.589,0
11.59,0
11.591,0
11.592,0
11.593,0
11.594,0
11.595,0
11.596,0
11.597,0
11.598,0
11.599,0
11.6,0
11.601,0
11.602,0
11.603,0
11.604,0
11.605,0
11.606,0
11.607,0
11.608,0
11.609,0
11.61,0
11.611,0
11.612,0
11.613,0
11.614,0
11.615,0
11.616,0
11.617,0
11.618,0
11.619,0
11.62,0
11.621,0
11.622,0
11.623,0
11.624,0
11.625,0
11.626,0
11.627,0
11.628,0
11.629,0
11.63,0
11.631,0
11.632,0
11.633,0
11.634,0
11.635,0
11.636,0
11.637,0
11.638,0
11.639,0
11.64,0
11.641,0
11.642,0
11.643,0
11.644,0
11.645,0
11.646,0
11.647,0
11.65,0
11.651,0
11.652,0
11.653,0
11.654,0
11.655,0
11.656,0
11.657,0
11.658,0
11.659,0
11.66,0
11.661,0
11.662,0
11.663,0
11.664,0
11.665,0
11.666,0
11.667,0
11.668,0
11.669,0
11.67,0
11.671,0
11.672,0
11.673,0
11.674,0
11.675,0
11.676,0
11.677,0
11.678,0
11.679,0
11.68,0
11.681,0
11.682,0
11.683,0
11.684,0
11.685,0
11.686,0
11.687,0
11.688,0
11.689,0
11.69,0
11.691,0
11.692,0
11.693,0
11.694,0
11.695,0
11.696,0
11.697,0
11.698,0
11.699,0
11.7,0
11.701,0
11.702,0
11.703,0
11.704,0
11.705,0
11.706,0
11.707,0
11.708,0
11.709,0
11.71,0
11.711,0
11.712,0
11.713,0
11.714,0
11.715,0
11.716,0
11.717,0
11.718,0
11.719,0
11.72,0
11.721,0
11.722,0
11.723,0
11.724,0
11.725,0
11.726,0
11.727,0
11.728,0
11.729,0
11.73,0
11.731,0
11.732,0
11.733,0
11.734,0
11.735,0
11.736,0
11.737,0
11.738,0
11.739,0
11.74,0
11.741,0
11.742,0
11.743,0
11.744,0
11.745,0
11.746,0
11.747,0
11.748,0
11.749,0
11.75,0
11.751,0
11.752,0
11.753,0
11.754,0
11.755,0
11.756,0
11.757,0
11.758,0
11.759,0
11.76,0
11.761,0
11.762,0
11.763,0
11.764,0
11.765,0
11.766,0
11.767,0
11.768,0
11.769,0
11.77,0
11.771,0
11.772,0
11.773,0
11.774,0
11.775,0
11.776,0
11.777,0
11.778,0
11.779,0
11.78,0
11.781,0
11.782,0
11.783,0
11.784,0
11.785,0
11.786,0
11.787,0
11.788,0
11.789,0
11.79,0
11.791,0
11.792,0
11.793,0
11.794,0
11.795,0
11.796,0
11.797,0
11.798,0
11.799,0
11.8,0
11.801,0
11.802,0
11.803,0
11.804,0
11.805,0
11.806,0
11.807,0
11.808,0
11.809,0
11.81,0
11.811,0
11.812,0
11.813,0
11.814,0
11.815,0
11.816,0
11.817,0
11.818,0
11.819,0
11.82,0
11.821,0
11.822,0
11.823,0
11.824,0
11.825,0
11.826,0
11.827,0
11.828,0
11.829,0
11.83,0
11.831,0
11.832,0
11.833,0
11.834,0
11.835,0
11.836,0
11.837,0
11.838,0
11.839,0
11.84,0
11.841,0
11.842,0
11.843,0
11.844,0
11.845,0
11.846,0
11.847,0
11.848,0
11.849,0
11.85,0
11.851,0
11.852,0
11.853,0
11.854,0
11.855,0
11.856,0
11.857,0
11.858,0
11.859,0
11.86,0
11.861,0
11.862,0
11.863,0
11.864,0
11.865,0
11.866,0
11.867,0
11.868,0
11.869,0
11.87,0
11.871,0
11.872,0
11.873,0
11.874,0
11.875,0
11.876,0
11.877,0
11.878,0
11.879,0
11.88,0
11.881,0
11.882,0
11.883,0
11.884,0
11.885,0
11.886,0
11.887,0
11.888,0
11.889,0
11.89,0
11.891,0
11.892,0
11.893,0
11.894,0
11.895,0
11.896,0
11.897,0
11.898,0
11.899,0
11.9,0
11.901,0
11.902,0
11.903,0
11.904,0
11.905,0
11.906,0
11.907,0
11.908,0
11.909,0
11.91,0
11.911,0
11.912,0
11.913,0
11.914,0
11.915,0
11.916,0
11.917,0
11.918,0
11.919,0
11.92,0
11.921,0
11.922,0
11.923,0
11.924,0
11.925,0
11.926,0
11.927,0
11.928,0
11.929,0
11.93,0
11.931,0
11.932,0
11.933,0
11.934,0
11.935,0
11.936,0
11.937,0
11.938,0
11.939,0
11.94,0
11.941,0
11.942,0
11.943,0
11.944,0
11.945,0
11.946,0
11.947,0
11.948,0
11.949,0
11.95,0
11.951,0
11.952,0
11.953,0
11.954,0
11.955,0
11.956,0
11.957,0
11.958,0
11.959,0
11.96,0
11.961,0
11.962,0
11.963,0
11.964,0
11.965,0
11.966,0
11.967,0
11.968,0
11.969,0
11.97,0
11.971,0
11.972,0
11.973,0
11.974,0
11.975,0
11.976,0
11.977,0
11.978,0
11.979,0
11.98,0
11.981,0
11.982,0
11.983,0
11.984,0
11.985,0
11.986,0
11.987,0
11.988,0
11.989,0
11.99,0
11.991,0
11.992,0
11.993,0
11.994,0
11.995,0
11.996,0
11.997,0
11.998,0
11.999,0
12,0
12.001,0
12.002,0
12.003,0
12.004,0
12.005,0
12.006,0
12.007,0
12.008,0
12.009,0
12.01,0
12.011,0
12.012,0
12.013,0
12.014,0
12.015,0
12.016,0
12.017,0
12.018,0
12.019,0
12.02,0
12.021,0
12.022,0
12.023,0
12.024,0
12.025,0
12.026,0
12.027,0
12.028,0
12.029,0
12.03,0
12.031,0
12.032,0
12.033,0
12.034,0
12.035,0
12.036,0
12.037,0
12.038,0
12.039,0
12.04,0
12.041,0
12.042,0
12.043,0
12.044,0
12.045,0
12.046,0
12.047,0
12.048,0
12.049,0
12.05,0
12.051,0
12.052,0
12.053,0
12.054,0
12.055,0
12.056,0
12.057,0
12.058,0
12.059,0
12.06,0
12.061,0
12.062,0
12.063,0
12.064,0
12.065,0
12.066,0
12.067,0
12.068,0
12.069,0
12.07,0
12.071,0
12.072,0
12.073,0
12.074,0
12.075,0
12.076,0
12.077,0
12.078,0
12.079,0
12.08,0
12.081,0
12.082,0
12.083,0
12.084,0
12.085,0
12.086,0
12.087,0
12.088,0
12.089,0
12.09,0
12.091,0
12.092,0
12.093,0
12.094,0
12.095,0
12.096,0
12.097,0
12.098,0
12.099,0
12.1,0
12.101,0
12.102,0
12.103,0
12.104,0
12.105,0
12.106,0
12.107,0
12.108,0
12.109,0
12.11,0
12.111,0
12.112,0
12.113,0
12.114,0
12.115,0
12.116,0
12.117,0
12.118,0
12.119,0
12.12,0
12.121,0
12.122,0
12.124,0
12.125,0
12.126,0
12.127,0
12.128,0
12.129,0
12.13,0
12.131,0
12.132,0
12.133,0
12.134,0
12.135,0
12.136,0
12.137,0
12.138,0
12.139,0
12.14,0
12.141,0
12.142,0
12.143,0
12.144,0
12.145,0
12.146,0
12.147,0
12.148,0
12.149,0
12.15,0
12.151,0
12.152,0
12.153,0
12.154,0
12.155,0
12.156,0
12.157,0
12.158,0
12.159,0
12.16,0
12.161,0
12.162,0
12.163,0
12.164,0
12.165,0
12.166,0
12.167,0
12.168,0
12.169,0
12.17,0
12.171,0
12.172,0
12.173,0
12.174,0
12.175,0
12.176,0
12.177,0
12.178,0
12.179,0
12.18,0
12.181,0
12.182,0
12.183,0
12.184,0
12.185,0
12.186,0
12.187,0
12.188,0
12.189,0
12.19,0
12.191,0
12.192,0
12.193,0
12.194,0
12.195,0
12.196,0
12.197,0
12.198,0
12.199,0
12.2,0
12.201,0
12.202,0
12.203,0
12.204,0
12.205,0
12.206,0
12.207,0
12.208,0
12.209,0
12.21,0
12.211,0
12.212,0
12.213,0
12.214,0
12.215,0
12.216,0
12.217,0
12.218,0
12.219,0
12.22,0
12.221,0
12.222,0
12.223,0
12.224,0
12.225,0
12.226,0
12.227,0
12.228,0
12.229,0
12.23,0
12.231,0
12.232,0
12.233,0
12.234,0
12.235,0
12.236,0
12.237,0
12.238,0
12.239,0
12.24,0
12.241,0
12.242,0
12.243,0
12.244,0
12.245,0
12.246,0
12.247,0
12.248,0
12.249,0
12.25,0
12.251,0
12.252,0
12.253,0
12.254,0
12.255,0
12.256,0
12.257,0
12.258,0
12.259,0
12.26,0
12.261,0
12.262,0
12.263,0
12.264,0
12.265,0
12.266,0
12.267,0
12.268,0
12.269,0
12.27,0
12.271,0
12.272,0
12.273,0
12.274,0
12.275,0
12.276,0
12.277,0
12.278,0
12.279,0
12.28,0
12.281,0
12.282,0
12.283,0
12.284,0
12.285,0
12.286,0
12.287,0
12.288,0
12.289,0
12.29,0
12.291,0
12.292,0
12.293,0
12.294,0
12.295,0
12.296,0
12.297,0
12.298,0
12.299,0
12.3,0
12.301,0
12.302,0
12.303,0
12.304,0
12.305,0
12.306,0
12.307,0
12.308,0
12.309,0
12.31,0
12.311,0
12.312,0
12.313,0
12.314,0
12.315,0
12.316,0
12.317,0
12.318,0
12.319,0
12.32,0
12.321,0
12.322,0
12.323,0
12.324,0
12.325,0
12.326,0
12.327,0
12.328,0
12.329,0
12.33,0
12.331,0
12.332,0
12.333,0
12.334,0
12.335,0
12.336,0
12.337,0
12.338,0
12.339,0
12.34,0
12.341,0
12.342,0
12.343,0
12.344,0
12.345,0
12.346,0
12.347,0
12.348,0
12.349,0
12.35,0
12.351,0
12.352,0
12.353,0
12.354,0
12.355,0
12.356,0
12.357,0
12.358,0
12.359,0
12.36,0
12.361,0
12.362,0
12.363,0
12.364,0
12.365,0
12.366,0
12.367,0
12.368,0
12.369,0
12.37,0
12.371,0
12.372,0
12.373,0
12.374,0
12.375,0
12.376,0
12.377,0
12.378,0
12.379,0
12.38,0
12.381,0
12.382,0
12.383,0
12.384,0
12.385,0
12.386,0
12.387,0
12.388,0
12.389,0
12.39,0
12.391,0
12.392,0
12.393,0
12.394,0
12.395,0
12.396,0
12.397,0
12.398,0
12.399,0
12.4,0
12.401,0
12.402,0
12.403,0
12.404,0
12.405,0
12.406,0
12.407,0
12.408,0
12.409,0
12.41,0
12.411,0
12.412,0
12.413,0
12.414,0
12.415,0
12.416,0
12.417,0
12.418,0
12.419,0
12.42,0
12.421,0
12.422,0
12.423,0
12.424,0
12.425,0
12.426,0
12.427,0
12.428,0
12.429,0
12.43,0
12.431,0
12.432,0
12.433,0
12.434,0
12.435,0
12.436,0
12.437,0
12.438,0
12.439,0
12.44,0
12.441,0
12.442,0
12.443,0
12.444,0
12.445,0
12.446,0
12.447,0
12.448,0
12.449,0
12.45,0
12.451,0
12.452,0
12.453,0
12.454,0
12.455,0
12.456,0
12.457,0
12.458,0
12.459,0
12.46,0
12.461,0
12.462,0
12.463,0
12.464,0
12.465,0
12.466,0
12.467,0
12.468,0
12.469,0
12.47,0
12.471,0
12.472,0
12.473,0
12.474,0
12.475,0
12.476,0
12.477,0
12.478,0
12.479,0
12.48,0
12.481,0
12.482,0
12.483,0
12.484,0
12.485,0
12.486,0
12.487,0
12.488,0
12.489,0
12.49,0
12.491,0
12.492,0
12.493,0
12.494,0
12.495,0
12.496,0
12.497,0
12.498,0
12.499,0
12.5,0
12.501,0
12.502,0
12.503,0
12.504,0
12.505,0
12.506,0
12.507,0
12.508,0
12.509,0
12.51,0
12.511,0
12.512,0
12.513,0
12.514,0
12.515,0
12.516,0
12.517,0
12.518,0
12.519,0
12.52,0
12.521,0
12.522,0
12.523,0
12.524,0
12.525,0
12.526,0
12.527,0
12.528,0
12.529,0
12.53,0
12.531,0
12.532,0
12.533,0
12.534,0
12.535,0
12.536,0
12.537,0
12.538,0
12.539,0
12.54,0
12.541,0
12.542,0
12.543,0
12.544,0
12.545,0
12.546,0
12.547,0
12.548,0
12.549,0
12.55,0
12.551,0
12.552,0
12.553,0
12.554,0
12.555,0
12.556,0
12.557,0
12.558,0
12.559,0
12.56,0
12.561,0
12.562,0
12.563,0
12.564,0
12.565,0
12.566,0
12.567,0
12.568,0
12.569,0
12.57,0
12.571,0
12.572,0
12.573,0
12.574,0
12.575,0
12.576,0
12.577,0
12.578,0
12.579,0
12.58,0
12.581,0
12.582,0
12.583,0
12.584,0
12.585,0
12.586,0
12.587,0
12.588,0
12.589,0
12.59,0
12.591,0
12.592,0
12.593,0
12.594,0
12.595,0
12.596,0
12.597,0
12.598,0
12.599,0
12.6,0
12.601,0
12.602,0
12.603,0
12.604,0
12.605,0
12.606,0
12.607,0
12.608,0
12.609,0
12.61,0
12.611,0
12.612,0
12.613,0
12.614,0
12.615,0
12.616,0
12.617,0
12.618,0
12.619,0
12.62,0
12.621,0
12.622,0
12.623,0
12.624,0
12.625,0
12.626,0
12.627,0
12.628,0
12.629,0
12.63,0
12.631,0
12.632,0
12.633,0
12.634,0
12.635,0
12.636,0
12.637,0
12.638,0
12.639,0
12.64,0
12.641,0
12.642,0
12.643,0
12.644,0
12.645,0
12.646,0
12.647,0
12.648,0
12.649,0
12.65,0
12.651,0
12.652,0
12.653,0
12.654,0
12.655,0
12.656,0
12.657,0
12.658,0
12.659,0
12.66,0
12.661,0
12.662,0
12.663,0
12.664,0
12.665,0
12.666,0
12.667,0
12.668,0
12.669,0
12.67,0
12.671,0
12.672,0
12.673,0
12.674,0
12.675,0
12.676,0
12.677,0
12.678,0
12.679,0
12.68,0
12.681,0
12.682,0
12.683,0
12.684,0
12.685,0
12.686,0
12.687,0
12.688,0
12.689,0
12.69,0
12.691,0
12.692,0
12.693,0
12.694,0
12.695,0
12.696,0
12.697,0
12.698,0
12.699,0
12.7,0
12.701,0
12.702,0
12.703,0
12.704,0
12.705,0
12.706,0
12.707,0
12.708,0
12.709,0
12.71,0
12.711,0
12.712,0
12.713,0
12.714,0
12.715,0
12.716,0
12.717,0
12.718,0
12.719,0
12.72,0
12.721,0
12.722,0
12.723,0
12.724,0
12.725,0
12.726,0
12.727,0
12.728,0
12.729,0
12.73,0
12.731,0
12.732,0
12.733,0
12.734,0
12.735,0
12.736,0
12.737,0
12.738,0
12.739,0
12.74,0
12.741,0
12.742,0
12.743,0
12.744,0
12.745,0
12.746,0
12.747,0
12.748,0
12.749,0
12.75,0
12.751,0
12.752,0
12.753,0
12.754,0
12.755,0
12.756,0
12.757,0
12.758,0
12.759,0
12.76,0
12.761,0
12.762,0
12.763,0
12.764,0
12.765,0
12.766,0
12.767,0
12.768,0
12.769,0
12.77,0
12.771,0
12.772,0
12.773,0
12.774,0
12.775,0
12.776,0
12.777,0
12.778,0
12.779,0
12.78,0
12.781,0
12.782,0
12.783,0
12.784,0
12.785,0
12.786,0
12.787,0
12.788,0
12.789,0
12.79,0
12.791,0
12.792,0
12.793,0
12.794,0
12.795,0
12.796,0
12.797,0
12.798,0
12.799,0
12.8,0
12.801,0
12.802,0
12.803,0
12.804,0
12.805,0
12.806,0
12.807,0
12.808,0
12.809,0
12.81,0
12.811,0
12.812,0
12.813,0
12.814,0
12.815,0
12.816,0
12.817,0
12.818,0
12.819,0
12.82,0
12.821,0
12.822,0
12.823,0
12.824,0
12.825,0
12.826,0
12.827,0
12.828,0
12.829,0
12.83,0
12.831,0
12.832,0
12.833,0
12.834,0
12.835,0
12.836,0
12.837,0
12.838,0
12.839,0
12.84,0
12.841,0
12.842,0
12.843,0
12.844,0
12.845,0
12.846,0
12.847,0
12.848,0
12.849,0
12.85,0
12.851,0
12.852,0
12.853,0
12.854,0
12.855,0
12.856,0
12.857,0
12.858,0
12.859,0
12.86,0
12.861,0
12.862,0
12.863,0
12.864,0
12.865,0
12.866,0
12.867,0
12.868,0
12.869,0
12.87,0
12.871,0
12.872,0
12.873,0
12.874,0
12.875,0
12.876,0
12.877,0
12.878,0
12.879,0
12.88,0
12.881,0
12.882,0
12.883,0
12.884,0
12.885,0
12.886,0
12.887,0
12.888,0
12.889,0
12.89,0
12.891,0
12.892,0
12.893,0
12.894,0
12.895,0
12.896,0
12.897,0
12.898,0
12.899,0
12.9,0
12.901,0
12.902,0
12.903,0
12.904,0
12.905,0
12.906,0
12.907,0
12.908,0
12.909,0
12.91,0
12.911,0
12.912,0
12.913,0
12.914,0
12.915,0
12.916,0
12.917,0
12.918,0
12.919,0
12.92,0
12.921,0
12.922,0
12.923,0
12.924,0
12.925,0
12.926,0
12.927,0
12.928,0
12.929,0
12.93,0
12.931,0
12.932,0
12.933,0
12.934,0
12.935,0
12.936,0
12.937,0
12.938,0
12.939,0
12.94,0
12.941,0
12.942,0
12.943,0
12.944,0
12.945,0
12.946,0
12.947,0
12.948,0
12.949,0
12.95,0
12.951,0
12.952,0
12.953,0
12.954,0
12.955,0
12.956,0
12.957,0
12.958,0
12.959,0
12.96,0
12.961,0
12.962,0
12.963,0
12.964,0
12.965,0
12.966,0
12.967,0
12.968,0
12.969,0
12.97,0
12.971,0
12.972,0
12.973,0
12.974,0
12.975,0
12.976,0
12.977,0
12.978,0
12.979,0
12.98,0
12.981,0
12.982,0
12.983,0
12.984,0
12.985,0
12.986,0
12.987,0
12.988,0
12.989,0
12.99,0
12.991,0
12.992,0
12.993,0
12.994,0
12.995,0
12.996,0
12.997,0
12.998,0
12.999,0
13,0
13.001,0
13.002,0
13.003,0
13.004,0
13.005,0
13.006,0
13.0066129858,1
13.007,0
13.008,0
13.009,0
13.01,0
13.011,0
13.012,0
13.013,0
13.014,0
13.015,0
13.016,0
13.017,0
13.018,0
13.019,0
13.02,0
13.021,0
13.022,0
13.023,0
13.024,0
13.025,0
13.026,0
13.027,0
13.028,0
13.029,0
13.03,0
13.031,0
13.032,0
13.033,0
13.034,0
13.035,0
13.036,0
13.037,0
13.038,0
13.039,0
13.04,0
13.041,0
13.042,0
13.043,0
13.044,0
13.045,0
13.046,0
13.047,0
13.048,0
13.049,0
13.05,0
13.051,0
13.052,0
13.053,0
13.054,0
13.055,0
13.056,0
13.057,0
13.058,0
13.059,0
13.06,0
13.061,0
13.062,0
13.063,0
13.064,0
13.065,0
13.066,0
13.067,0
13.068,0
13.069,0
13.07,0
13.071,0
13.072,0
13.073,0
13.074,0
13.075,0
13.076,0
13.077,0
13.078,0
13.079,0
13.08,0
13.081,0
13.082,0
13.083,0
13.084,0
13.085,0
13.086,0
13.087,0
13.088,0
13.089,0
13.09,0
13.091,0
13.092,0
13.093,0
13.094,0
13.095,0
13.096,0
13.097,0
13.098,0
13.099,0
13.1,0
13.101,0
13.102,0
13.103,0
13.104,0
13.105,0
13.106,0
13.107,0
13.108,0
13.109,0
13.11,0
13.112,0
13.113,0
13.114,0
13.115,0
13.116,0
13.117,0
13.118,0
13.119,0
13.12,0
13.121,0
13.122,0
13.123,0
13.124,0
13.125,0
13.126,0
13.127,0
13.128,0
13.129,0
13.13,0
13.131,0
13.132,0
13.133,0
13.134,0
13.135,0
13.136,0
13.137,0
13.138,0
13.139,0
13.14,0
13.141,0
13.142,0
13.143,0
13.146,0
13.147,0
13.148,0
13.149,0
13.15,0
13.151,0
13.152,0
13.153,0
13.154,0
13.155,0
13.156,0
13.157,0
13.158,0
13.159,0
13.16,0
13.161,0
13.162,0
13.163,0
13.164,0
13.165,0
13.166,0
13.167,0
13.168,0
13.169,0
13.17,0
13.171,0
13.172,0
13.173,0
13.174,0
13.175,0
13.176,0
13.177,0
13.178,0
13.179,0
13.18,0
13.181,0
13.182,0
13.183,0
13.184,0
13.185,0
13.186,0
13.187,0
13.188,0
13.19,0
13.191,0
13.192,0
13.193,0
13.194,0
13.195,0
13.196,0
13.197,0
13.198,0
13.199,0
13.2,0
13.201,0
13.202,0
13.203,0
13.204,0
13.205,0
13.206,0
13.207,0
13.208,0
13.209,0
13.21,0
13.211,0
13.212,0
13.213,0
13.214,0
13.215,0
13.216,0
13.217,0
13.218,0
13.219,0
13.22,0
13.221,0
13.222,0
13.223,0
13.224,0
13.225,0
13.226,0
13.227,0
13.228,0
13.229,0
13.23,0
13.231,0
13.232,0
13.233,0
13.234,0
13.235,0
13.236,0
13.237,0
13.238,0
13.239,0
13.24,0
13.241,0
13.242,0
13.243,0
13.244,0
13.245,0
13.246,0
13.247,0
13.248,0
13.249,0
13.25,0
13.251,0
13.252,0
13.253,0
13.254,0
13.255,0
13.256,0
13.257,0
13.258,0
13.259,0
13.26,0
13.261,0
13.262,0
13.263,0
13.264,0
13.265,0
13.266,0
13.267,0
13.268,0
13.269,0
13.27,0
13.271,0
13.272,0
13.273,0
13.274,0
13.275,0
13.276,0
13.277,0
13.278,0
13.279,0
13.28,0
13.281,0
13.282,0
13.283,0
13.284,0
13.285,0
13.286,0
13.287,0
13.288,0
13.289,0
13.29,0
13.291,0
13.292,0
13.293,0
13.294,0
13.295,0
13.296,0
13.297,0
13.298,0
13.299,0
13.3,0
13.301,0
13.302,0
13.303,0
13.304,0
13.305,0
13.306,0
13.307,0
13.308,0
13.309,0
13.31,0
13.311,0
13.312,0
13.313,0
13.314,0
13.315,0
13.316,0
13.317,0
13.318,0
13.319,0
13.32,0
13.321,0
13.322,0
13.323,0
13.324,0
13.325,0
13.326,0
13.327,0
13.328,0
13.329,0
13.33,0
13.331,0
13.332,0
13.333,0
13.334,0
13.335,0
13.336,0
13.337,0
13.338,0
13.339,0
13.34,0
13.341,0
13.342,0
13.343,0
13.344,0
13.345,0
13.346,0
13.347,0
13.348,0
13.349,0
13.35,0
13.351,0
13.352,0
13.353,0
13.354,0
13.355,0
13.356,0
13.357,0
13.358,0
13.359,0
13.36,0
13.361,0
13.362,0
13.363,0
13.364,0
13.365,0
13.366,0
13.367,0
13.368,0
13.369,0
13.37,0
13.371,0
13.372,0
13.373,0
13.374,0
13.375,0
13.376,0
13.377,0
13.378,0
13.379,0
13.38,0
13.381,0
13.382,0
13.383,0
13.384,0
13.385,0
13.386,0
13.387,0
13.388,0
13.389,0
13.39,0
13.391,0
13.392,0
13.393,0
13.394,0
13.395,0
13.396,0
13.397,0
13.398,0
13.399,0
13.4,0
13.401,0
13.402,0
13.403,0
13.404,0
13.405,0
13.406,0
13.407,0
13.408,0
13.409,0
13.41,0
13.411,0
13.412,0
13.413,0
13.414,0
13.415,0
13.416,0
13.417,0
13.418,0
13.419,0
13.42,0
13.421,0
13.422,0
13.423,0
13.424,0
13.425,0
13.426,0
13.427,0
13.428,0
13.429,0
13.43,0
13.431,0
13.432,0
13.433,0
13.434,0
13.435,0
13.436,0
13.437,0
13.438,0
13.439,0
13.44,0
13.441,0
13.442,0
13.443,0
13.444,0
13.445,0
13.446,0
13.447,0
13.448,0
13.449,0
13.45,0
13.451,0
13.452,0
13.453,0
13.454,0
13.455,0
13.456,0
13.457,0
13.458,0
13.459,0
13.46,0
13.461,0
13.462,0
13.463,0
13.464,0
13.465,0
13.466,0
13.467,0
13.468,0
13.469,0
13.47,0
13.471,0
13.472,0
13.473,0
13.474,0
13.475,0
13.476,0
13.477,0
13.478,0
13.479,0
13.48,0
13.481,0
13.482,0
13.483,0
13.484,0
13.485,0
13.486,0
13.487,0
13.488,0
13.489,0
13.49,0
13.491,0
13.492,0
13.493,0
13.494,0
13.495,0
13.496,0
13.497,0
13.498,0
13.499,0
13.5,0
13.501,0
13.502,0
13.503,0
13.504,0
13.505,0
13.506,0
13.507,0
13.508,0
13.509,0
13.51,0
13.511,0
13.512,0
13.513,0
13.514,0
13.515,0
13.516,0
13.517,0
13.518,0
13.519,0
13.52,0
13.521,0
13.522,0
13.523,0
13.524,0
13.525,0
13.526,0
13.527,0
13.528,0
13.529,0
13.53,0
13.531,0
13.532,0
13.533,0
13.534,0
13.535,0
13.536,0
13.537,0
13.538,0
13.539,0
13.54,0
13.541,0
13.542,0
13.543,0
13.544,0
13.545,0
13.546,0
13.547,0
13.548,0
13.549,0
13.55,0
13.551,0
13.552,0
13.553,0
13.554,0
13.555,0
13.556,0
13.557,0
13.558,0
13.559,0
13.56,0
13.561,0
13.562,0
13.563,0
13.564,0
13.565,0
13.566,0
13.567,0
13.568,0
13.569,0
13.57,0
13.571,0
13.572,0
13.573,0
13.574,0
13.575,0
13.576,0
13.577,0
13.578,0
13.579,0
13.58,0
13.581,0
13.582,0
13.583,0
13.584,0
13.585,0
13.586,0
13.587,0
13.588,0
13.589,0
13.59,0
13.591,0
13.592,0
13.593,0
13.594,0
13.595,0
13.596,0
13.597,0
13.598,0
13.599,0
13.6,0
13.601,0
13.602,0
13.603,0
13.604,0
13.605,0
13.606,0
13.607,0
13.608,0
13.609,0
13.61,0
13.611,0
13.612,0
13.613,0
13.614,0
13.615,0
13.616,0
13.617,0
13.618,0
13.619,0
13.62,0
13.621,0
13.622,0
13.623,0
13.624,0
13.625,0
13.626,0
13.627,0
13.628,0
13.629,0
13.63,0
13.631,0
13.632,0
13.633,0
13.634,0
13.635,0
13.636,0
13.637,0
13.638,0
13.639,0
13.64,0
13.641,0
13.642,0
13.643,0
13.644,0
13.645,0
13.646,0
13.647,0
13.648,0
13.649,0
13.65,0
13.651,0
13.652,0
13.653,0
13.654,0
13.655,0
13.656,0
13.657,0
13.658,0
13.659,0
13.66,0
13.661,0
13.662,0
13.663,0
13.664,0
13.665,0
13.666,0
13.667,0
13.668,0
13.669,0
13.67,0
13.671,0
13.672,0
13.673,0
13.674,0
13.675,0
13.676,0
13.677,0
13.678,0
13.679,0
13.68,0
13.681,0
13.682,0
13.683,0
13.684,0
13.685,0
13.686,0
13.687,0
13.688,0
13.689,0
13.69,0
13.691,0
13.692,0
13.693,0
13.694,0
13.695,0
13.696,0
13.697,0
13.698,0
13.699,0
13.7,0
13.701,0
13.702,0
13.703,0
13.704,0
13.705,0
13.706,0
13.707,0
13.708,0
13.709,0
13.71,0
13.711,0
13.712,0
13.713,0
13.714,0
13.715,0
13.716,0
13.717,0
13.718,0
13.719,0
13.72,0
13.721,0
13.722,0
13.723,0
13.724,0
13.725,0
13.726,0
13.727,0
13.728,0
13.729,0
13.73,0
13.731,0
13.732,0
13.733,0
13.734,0
13.735,0
13.736,0
13.737,0
13.738,0
13.739,0
13.74,0
13.741,0
13.742,0
13.743,0
13.744,0
13.745,0
13.746,0
13.747,0
13.748,0
13.749,0
13.75,0
13.751,0
13.752,0
13.753,0
13.754,0
13.755,0
13.756,0
13.757,0
13.758,0
13.759,0
13.76,0
13.761,0
13.762,0
13.763,0
13.764,0
13.765,0
13.766,0
13.767,0
13.768,0
13.769,0
13.77,0
13.771,0
13.772,0
13.773,0
13.774,0
13.775,0
13.776,0
13.777,0
13.778,0
13.779,0
13.78,0
13.781,0
13.782,0
13.783,0
13.784,0
13.785,0
13.786,0
13.787,0
13.788,0
13.789,0
13.79,0
13.791,0
13.792,0
13.793,0
13.794,0
13.795,0
13.796,0
13.797,0
13.798,0
13.799,0
13.8,0
13.801,0
13.802,0
13.803,0
13.804,0
13.805,0
13.806,0
13.807,0
13.808,0
13.809,0
13.81,0
13.811,0
13.812,0
13.813,0
13.814,0
13.815,0
13.816,0
13.817,0
13.818,0
13.819,0
13.82,0
13.821,0
13.822,0
13.823,0
13.824,0
13.825,0
13.826,0
13.827,0
13.828,0
13.829,0
13.83,0
13.831,0
13.832,0
13.833,0
13.834,0
13.835,0
13.836,0
13.837,0
13.838,0
13.839,0
13.84,0
13.841,0
13.842,0
13.843,0
13.844,0
13.845,0
13.846,0
13.847,0
13.848,0
13.849,0
13.85,0
13.851,0
13.852,0
13.853,0
13.854,0
13.855,0
13.856,0
13.857,0
13.858,0
13.859,0
13.86,0
13.861,0
13.862,0
13.863,0
13.864,0
13.865,0
13.866,0
13.867,0
13.868,0
13.869,0
13.87,0
13.871,0
13.872,0
13.873,0
13.874,0
13.875,0
13.876,0
13.877,0
13.878,0
13.879,0
13.88,0
13.881,0
13.882,0
13.883,0
13.884,0
13.885,0
13.886,0
13.887,0
13.888,0
13.889,0
13.89,0
13.891,0
13.892,0
13.893,0
13.894,0
13.895,0
13.896,0
13.897,0
13.898,0
13.899,0
13.9,0
13.901,0
13.902,0
13.903,0
13.904,0
13.905,0
13.906,0
13.907,0
13.908,0
13.909,0
13.91,0
13.911,0
13.912,0
13.913,0
13.914,0
13.915,0
13.916,0
13.917,0
13.918,0
13.919,0
13.92,0
13.921,0
13.922,0
13.923,0
13.924,0
13.925,0
13.926,0
13.927,0
13.928,0
13.929,0
13.93,0
13.931,0
13.932,0
13.933,0
13.934,0
13.935,0
13.936,0
13.937,0
13.938,0
13.939,0
13.94,0
13.941,0
13.942,0
13.943,0
13.944,0
13.945,0
13.946,0
13.947,0
13.948,0
13.949,0
13.95,0
13.951,0
13.952,0
13.953,0
13.954,0
13.955,0
13.956,0
13.957,0
13.958,0
13.959,0
13.96,0
13.961,0
13.962,0
13.963,0
13.964,0
13.965,0
13.966,0
13.967,0
13.968,0
13.969,0
13.97,0
13.971,0
13.972,0
13.973,0
13.974,0
13.975,0
13.976,0
13.977,0
13.978,0
13.979,0
13.98,0
13.981,0
13.982,0
13.983,0
13.984,0
13.985,0
13.986,0
13.987,0
13.988,0
13.989,0
13.99,0
13.991,0
13.992,0
13.993,0
13.994,0
13.995,0
13.996,0
13.997,0
13.998,0
13.999,0
14,0
14.001,0
14.002,0
14.003,0
14.004,0
14.005,0
14.006,0
14.007,0
14.008,0
14.009,0
14.01,0
14.011,0
14.012,0
14.013,0
14.014,0
14.015,0
14.016,0
14.017,0
14.018,0
14.019,0
14.02,0
14.021,0
14.022,0
14.023,0
14.024,0
14.025,0
14.026,0
14.027,0
14.028,0
14.029,0
14.03,0
14.031,0
14.032,0
14.033,0
14.034,0
14.035,0
14.036,0
14.037,0
14.038,0
14.039,0
14.04,0
14.041,0
14.042,0
14.043,0
14.044,0
14.045,0
14.046,0
14.047,0
14.048,0
14.049,0
14.05,0
14.051,0
14.052,0
14.053,0
14.054,0
14.055,0
14.056,0
14.057,0
14.058,0
14.059,0
14.06,0
14.061,0
14.062,0
14.063,0
14.064,0
14.065,0
14.066,0
14.067,0
14.068,0
14.069,0
14.07,0
14.071,0
14.072,0
14.073,0
14.074,0
14.075,0
14.076,0
14.077,0
14.078,0
14.079,0
14.08,0
14.081,0
14.082,0
14.083,0
14.084,0
14.085,0
14.086,0
14.087,0
14.088,0
14.089,0
14.09,0
14.091,0
14.092,0
14.093,0
14.094,0
14.095,0
14.096,0
14.097,0
14.098,0
14.099,0
14.1,0
14.101,0
14.102,0
14.103,0
14.104,0
14.105,0
14.106,0
14.107,0
14.108,0
14.109,0
14.11,0
14.111,0
14.112,0
14.113,0
14.114,0
14.115,0
14.116,0
14.117,0
14.118,0
14.119,0
14.12,0
14.121,0
14.122,0
14.123,0
14.124,0
14.125,0
14.126,0
14.127,0
14.128,0
14.129,0
14.13,0
14.131,0
14.132,0
14.133,0
14.134,0
14.135,0
14.136,0
14.137,0
14.138,0
14.139,0
14.14,0
14.141,0
14.142,0
14.143,0
14.144,0
14.145,0
14.146,0
14.147,0
14.148,0
14.149,0
14.15,0
14.151,0
14.152,0
14.153,0
14.154,0
14.155,0
14.156,0
14.157,0
14.158,0
14.159,0
14.16,0
14.161,0
14.162,0
14.163,0
14.164,0
14.165,0
14.166,0
14.167,0
14.168,0
14.169,0
14.17,0
14.171,0
14.172,0
14.173,0
14.174,0
14.175,0
14.176,0
14.177,0
14.178,0
14.179,0
14.18,0
14.181,0
14.182,0
14.183,0
14.184,0
14.185,0
14.186,0
14.187,0
14.188,0
14.189,0
14.19,0
14.191,0
14.192,0
14.193,0
14.194,0
14.195,0
14.196,0
14.197,0
14.198,0
14.199,0
14.2,0
14.201,0
14.202,0
14.203,0
14.204,0
14.205,0
14.206,0
14.207,0
14.208,0
14.209,0
14.21,0
14.211,0
14.212,0
14.213,0
14.214,0
14.215,0
14.216,0
14.217,0
14.218,0
14.219,0
14.22,0
14.221,0
14.222,0
14.223,0
14.224,0
14.225,0
14.226,0
14.227,0
14.228,0
14.229,0
14.23,0
14.231,0
14.232,0
14.233,0
14.234,0
14.235,0
14.236,0
14.237,0
14.238,0
14.239,0
14.24,0
14.241,0
14.242,0
14.243,0
14.244,0
14.245,0
14.246,0
14.247,0
14.248,0
14.249,0
14.25,0
14.251,0
14.252,0
14.253,0
14.254,0
14.255,0
14.256,0
14.257,0
14.26,0
14.261,0
14.262,0
14.263,0
14.264,0
14.265,0
14.266,0
14.269,0
14.27,0
14.272,0
14.273,0
14.274,0
14.275,0
14.276,0
14.278,0
14.279,0
14.28,0
14.281,0
14.282,0
14.283,0
14.284,0
14.285,0
14.286,0
14.287,0
14.288,0
14.289,0
14.29,0
14.291,0
14.292,0
14.293,0
14.294,0
14.295,0
14.296,0
14.297,0
14.298,0
14.299,0
14.3,0
14.301,0
14.302,0
14.303,0
14.304,0
14.305,0
14.306,0
14.307,0
14.308,0
14.309,0
14.31,0
14.311,0
14.312,0
14.313,0
14.314,0
14.315,0
14.316,0
14.317,0
14.318,0
14.319,0
14.32,0
14.321,0
14.322,0
14.323,0
14.324,0
14.325,0
14.326,0
14.327,0
14.328,0
14.329,0
14.33,0
14.331,0
14.332,0
14.333,0
14.334,0
14.335,0
14.336,0
14.337,0
14.338,0
14.339,0
14.34,0
14.341,0
14.342,0
14.343,0
14.344,0
14.345,0
14.346,0
14.347,0
14.348,0
14.349,0
14.35,0
14.351,0
14.352,0
14.353,0
14.354,0
14.355,0
14.356,0
14.357,0
14.358,0
14.359,0
14.36,0
14.361,0
14.362,0
14.363,0
14.364,0
14.365,0
14.366,0
14.367,0
14.368,0
14.369,0
14.37,0
14.371,0
14.372,0
14.373,0
14.374,0
14.375,0
14.376,0
14.377,0
14.378,0
14.379,0
14.38,0
14.381,0
14.382,0
14.383,0
14.384,0
14.385,0
14.386,0
14.387,0
14.388,0
14.389,0
14.39,0
14.391,0
14.392,0
14.393,0
14.394,0
14.395,0
14.396,0
14.397,0
14.398,0
14.399,0
14.4,0
14.401,0
14.402,0
14.403,0
14.404,0
14.405,0
14.406,0
14.407,0
14.408,0
14.409,0
14.41,0
14.411,0
14.412,0
14.413,0
14.414,0
14.415,0
14.416,0
14.417,0
14.418,0
14.419,0
14.42,0
14.421,0
14.422,0
14.423,0
14.424,0
14.425,0
14.426,0
14.427,0
14.428,0
14.429,0
14.43,0
14.431,0
14.432,0
14.433,0
14.434,0
14.435,0
14.436,0
14.437,0
14.438,0
14.439,0
14.44,0
14.441,0
14.442,0
14.443,0
14.444,0
14.445,0
14.446,0
14.447,0
14.448,0
14.449,0
14.45,0
14.451,0
14.452,0
14.453,0
14.454,0
14.455,0
14.456,0
14.457,0
14.458,0
14.459,0
14.46,0
14.461,0
14.462,0
14.463,0
14.464,0
14.465,0
14.466,0
14.467,0
14.468,0
14.469,0
14.47,0
14.471,0
14.472,0
14.473,0
14.474,0
14.475,0
14.476,0
14.477,0
14.478,0
14.479,0
14.48,0
14.481,0
14.482,0
14.483,0
14.484,0
14.485,0
14.486,0
14.487,0
14.488,0
14.489,0
14.49,0
14.491,0
14.492,0
14.493,0
14.494,0
14.495,0
14.496,0
14.497,0
14.498,0
14.499,0
14.5,0
14.501,0
14.502,0
14.503,0
14.504,0
14.505,0
14.506,0
14.507,0
14.508,0
14.509,0
14.51,0
14.511,0
14.512,0
14.513,0
14.514,0
14.515,0
14.516,0
14.517,0
14.518,0
14.519,0
14.52,0
14.521,0
14.522,0
14.523,0
14.524,0
14.525,0
14.526,0
14.527,0
14.528,0
14.529,0
14.53,0
14.531,0
14.532,0
14.533,0
14.534,0
14.535,0
14.536,0
14.537,0
14.538,0
14.539,0
14.54,0
14.541,0
14.542,0
14.543,0
14.544,0
14.545,0
14.546,0
14.547,0
14.548,0
14.549,0
14.55,0
14.551,0
14.552,0
14.553,0
14.554,0
14.555,0
14.556,0
14.557,0
14.558,0
14.559,0
14.56,0
14.561,0
14.562,0
14.563,0
14.564,0
14.565,0
14.566,0
14.567,0
14.568,0
14.569,0
14.57,0
14.571,0
14.572,0
14.573,0
14.574,0
14.575,0
14.576,0
14.577,0
14.578,0
14.579,0
14.58,0
14.581,0
14.582,0
14.583,0
14.584,0
14.585,0
14.586,0
14.587,0
14.588,0
14.589,0
14.59,0
14.591,0
14.592,0
14.593,0
14.594,0
14.595,0
14.596,0
14.597,0
14.598,0
14.599,0
14.6,0
14.601,0
14.602,0
14.603,0
14.604,0
14.605,0
14.606,0
14.607,0
14.608,0
14.609,0
14.61,0
14.611,0
14.612,0
14.613,0
14.614,0
14.615,0
14.616,0
14.617,0
14.618,0
14.619,0
14.62,0
14.621,0
14.622,0
14.623,0
14.624,0
14.625,0
14.626,0
14.627,0
14.628,0
14.629,0
14.63,0
14.631,0
14.632,0
14.633,0
14.634,0
14.635,0
14.636,0
14.637,0
14.638,0
14.639,0
14.64,0
14.641,0
14.642,0
14.643,0
14.644,0
14.645,0
14.646,0
14.647,0
14.648,0
14.649,0
14.65,0
14.651,0
14.652,0
14.653,0
14.654,0
14.655,0
14.656,0
14.657,0
14.658,0
14.659,0
14.66,0
14.661,0
14.662,0
14.663,0
14.664,0
14.665,0
14.666,0
14.667,0
14.668,0
14.669,0
14.67,0
14.671,0
14.672,0
14.673,0
14.674,0
14.675,0
14.6753146808,1
14.676,0
14.677,0
14.678,0
14.679,0
14.68,0
14.681,0
14.682,0
14.683,0
14.684,0
14.685,0
14.686,0
14.687,0
14.688,0
14.689,0
14.69,0
14.691,0
14.692,0
14.693,0
14.694,0
14.695,0
14.696,0
14.697,0
14.698,0
14.699,0
14.7,0
14.701,0
14.702,0
14.703,0
14.704,0
14.705,0
14.706,0
14.707,0
14.708,0
14.709,0
14.71,0
14.711,0
14.712,0
14.713,0
14.714,0
14.715,0
14.716,0
14.717,0
14.718,0
14.719,0
14.72,0
14.721,0
14.722,0
14.723,0
14.724,0
14.725,0
14.726,0
14.727,0
14.728,0
14.729,0
14.73,0
14.731,0
14.732,0
14.733,0
14.734,0
14.735,0
14.736,0
14.737,0
14.738,0
14.739,0
14.74,0
14.741,0
14.742,0
14.743,0
14.744,0
14.745,0
14.746,0
14.747,0
14.748,0
14.749,0
14.75,0
14.751,0
14.752,0
14.753,0
14.754,0
14.755,0
14.756,0
14.757,0
14.758,0
14.759,0
14.76,0
14.761,0
14.762,0
14.763,0
14.764,0
14.765,0
14.766,0
14.767,0
14.768,0
14.769,0
14.77,0
14.771,0
14.772,0
14.774,0
14.775,0
14.776,0
14.777,0
14.778,0
14.779,0
14.78,0
14.781,0
14.782,0
14.783,0
14.785,0
14.786,0
14.787,0
14.788,0
14.789,0
14.79,0
14.791,0
14.792,0
14.793,0
14.794,0
14.795,0
14.796,0
14.798,0
14.799,0
14.8,0
14.801,0
14.802,0
14.803,0
14.804,0
14.808,0
14.809,0
14.811,0
14.812,0
14.813,0
14.814,0
14.815,0
14.817,0
14.818,0
14.819,0
14.82,0
14.821,0
14.822,0
14.823,0
14.824,0
14.825,0
14.826,0
14.827,0
14.828,0
14.829,0
14.83,0
14.831,0
14.832,0
14.833,0
14.834,0
14.835,0
14.836,0
14.837,0
14.84,0
14.841,0
14.842,0
14.843,0
14.844,0
14.845,0
14.846,0
14.847,0
14.848,0
14.849,0
14.85,0
14.851,0
14.852,0
14.853,0
14.854,0
14.855,0
14.856,0
14.857,0
14.858,0
14.859,0
14.86,0
14.861,0
14.862,0
14.863,0
14.864,0
14.865,0
14.866,0
14.867,0
14.868,0
14.869,0
14.87,0
14.871,0
14.872,0
14.875,0
14.877,0
14.878,0
14.879,0
14.88,0
14.881,0
14.882,0
14.883,0
14.884,0
14.885,0
14.886,0
14.887,0
14.888,0
14.889,0
14.89,0
14.891,0
14.892,0
14.893,0
14.894,0
14.895,0
14.896,0
14.897,0
14.898,0
14.899,0
14.9,0
14.901,0
14.902,0
14.903,0
14.904,0
14.905,0
14.906,0
14.907,0
14.908,0
14.909,0
14.91,0
14.911,0
14.912,0
14.913,0
14.914,0
14.915,0
14.916,0
14.917,0
14.918,0
14.919,0
14.92,0
14.921,0
14.922,0
14.923,0
14.924,0
14.925,0
14.926,0
14.927,0
14.928,0
14.929,0
14.93,0
14.931,0
14.932,0
14.933,0
14.934,0
14.935,0
14.936,0
14.937,0
14.938,0
14.939,0
14.94,0
14.941,0
14.942,0
14.943,0
14.944,0
14.945,0
14.946,0
14.947,0
14.948,0
14.949,0
14.95,0
14.951,0
14.952,0
14.953,0
14.954,0
14.955,0
14.956,0
14.957,0
14.958,0
14.959,0
14.96,0
14.961,0
14.962,0
14.963,0
14.964,0
14.965,0
14.966,0
14.967,0
14.968,0
14.969,0
14.97,0
14.971,0
14.972,0
14.973,0
14.974,0
14.975,0
14.976,0
14.977,0
14.978,0
14.979,0
14.98,0
14.981,0
14.982,0
14.983,0
14.984,0
14.985,0
14.986,0
14.987,0
14.988,0
14.989,0
14.99,0
14.991,0
14.992,0
14.993,0
14.994,0
14.995,0
14.996,0
14.997,0
14.998,0
14.999,0
15,0
15.001,0
15.002,0
15.003,0
15.004,0
15.005,0
15.006,0
15.007,0
15.008,0
15.009,0
15.01,0
15.011,0
15.012,0
15.013,0
15.014,0
15.015,0
15.016,0
15.017,0
15.018,0
15.019,0
15.02,0
15.021,0
15.022,0
15.023,0
15.024,0
15.025,0
15.026,0
15.027,0
15.028,0
15.029,0
15.03,0
15.031,0
15.032,0
15.033,0
15.034,0
15.035,0
15.036,0
15.037,0
15.038,0
15.039,0
15.04,0
15.041,0
15.042,0
15.043,0
15.044,0
15.045,0
15.046,0
15.047,0
15.048,0
15.049,0
15.05,0
15.051,0
15.052,0
15.053,0
15.054,0
15.055,0
15.056,0
15.057,0
15.058,0
15.059,0
15.06,0
15.061,0
15.062,0
15.063,0
15.064,0
15.065,0
15.066,0
15.067,0
15.068,0
15.069,0
15.07,0
15.071,0
15.072,0
15.073,0
15.074,0
15.075,0
15.076,0
15.077,0
15.078,0
15.079,0
15.08,0
15.081,0
15.082,0
15.083,0
15.084,0
15.085,0
15.086,0
15.087,0
15.088,0
15.089,0
15.09,0
15.091,0
15.092,0
15.093,0
15.094,0
15.095,0
15.096,0
15.097,0
15.098,0
15.099,0
15.1,0
15.101,0
15.102,0
15.103,0
15.104,0
15.105,0
15.106,0
15.107,0
15.108,0
15.109,0
15.11,0
15.111,0
15.112,0
15.113,0
15.114,0
15.115,0
15.116,0
15.117,0
15.118,0
15.119,0
15.12,0
15.121,0
15.122,0
15.123,0
15.124,0
15.125,0
15.126,0
15.127,0
15.128,0
15.129,0
15.13,0
15.131,0
15.132,0
15.133,0
15.134,0
15.135,0
15.136,0
15.137,0
15.138,0
15.139,0
15.14,0
15.141,0
15.142,0
15.143,0
15.144,0
15.145,0
15.146,0
15.147,0
15.148,0
15.149,0
15.15,0
15.151,0
15.152,0
15.153,0
15.154,0
15.155,0
15.156,0
15.157,0
15.158,0
15.159,0
15.16,0
15.161,0
15.162,0
15.163,0
15.164,0
15.165,0
15.166,0
15.167,0
15.168,0
15.169,0
15.17,0
15.171,0
15.172,0
15.173,0
15.174,0
15.175,0
15.176,0
15.177,0
15.178,0
15.179,0
15.18,0
15.181,0
15.182,0
15.183,0
15.184,0
15.185,0
15.186,0
15.187,0
15.188,0
15.189,0
15.19,0
15.191,0
15.192,0
15.193,0
15.194,0
15.195,0
15.196,0
15.197,0
15.198,0
15.199,0
15.2,0
15.201,0
15.202,0
15.203,0
15.204,0
15.205,0
15.206,0
15.207,0
15.208,0
15.209,0
15.21,0
15.211,0
15.212,0
15.213,0
15.214,0
15.215,0
15.216,0
15.217,0
15.218,0
15.219,0
15.22,0
15.221,0
15.222,0
15.223,0
15.224,0
15.225,0
15.226,0
15.227,0
15.228,0
15.229,0
15.23,0
15.231,0
15.232,0
15.233,0
15.234,0
15.235,0
15.236,0
15.237,0
15.238,0
15.239,0
15.24,0
15.241,0
15.242,0
15.243,0
15.244,0
15.245,0
15.246,0
15.247,0
15.248,0
15.249,0
15.25,0
15.251,0
15.252,0
15.253,0
15.254,0
15.255,0
15.256,0
15.257,0
15.258,0
15.259,0
15.26,0
15.261,0
15.262,0
15.263,0
15.264,0
15.265,0
15.266,0
15.267,0
15.268,0
15.269,0
15.27,0
15.271,0
15.272,0
15.273,0
15.274,0
15.275,0
15.276,0
15.277,0
15.278,0
15.279,0
15.28,0
15.281,0
15.282,0
15.283,0
15.284,0
15.285,0
15.286,0
15.287,0
15.288,0
15.289,0
15.29,0
15.291,0
15.292,0
15.293,0
15.294,0
15.295,0
15.296,0
15.297,0
15.298,0
15.299,0
15.3,0
15.301,0
15.302,0
15.303,0
15.304,0
15.305,0
15.306,0
15.307,0
15.308,0
15.309,0
15.31,0
15.311,0
15.312,0
15.313,0
15.314,0
15.315,0
15.316,0
15.317,0
15.318,0
15.319,0
15.32,0
15.321,0
15.322,0
15.323,0
15.324,0
15.325,0
15.326,0
15.327,0
15.328,0
15.329,0
15.33,0
15.331,0
15.332,0
15.333,0
15.334,0
15.335,0
15.336,0
15.337,0
15.338,0
15.339,0
15.34,0
15.341,0
15.342,0
15.343,0
15.344,0
15.345,0
15.346,0
15.347,0
15.348,0
15.349,0
15.35,0
15.351,0
15.352,0
15.353,0
15.354,0
15.355,0
15.356,0
15.357,0
15.358,0
15.359,0
15.36,0
15.361,0
15.362,0
15.363,0
15.364,0
15.365,0
15.366,0
15.367,0
15.368,0
15.369,0
15.37,0
15.371,0
15.372,0
15.373,0
15.374,0
15.375,0
15.376,0
15.377,0
15.378,0
15.379,0
15.38,0
15.381,0
15.382,0
15.383,0
15.384,0
15.385,0
15.386,0
15.387,0
15.388,0
15.389,0
15.39,0
15.391,0
15.392,0
15.393,0
15.394,0
15.395,0
15.396,0
15.397,0
15.398,0
15.399,0
15.4,0
15.401,0
15.402,0
15.403,0
15.404,0
15.405,0
15.406,0
15.407,0
15.408,0
15.409,0
15.41,0
15.411,0
15.412,0
15.413,0
15.414,0
15.415,0
15.416,0
15.417,0
15.418,0
15.419,0
15.42,0
15.421,0
15.422,0
15.423,0
15.424,0
15.425,0
15.426,0
15.427,0
15.428,0
15.429,0
15.43,0
15.431,0
15.432,0
15.434,0
15.435,0
15.436,0
15.437,0
15.438,0
15.439,0
15.44,0
15.441,0
15.442,0
15.443,0
15.444,0
15.445,0
15.446,0
15.447,0
15.448,0
15.449,0
15.45,0
15.451,0
15.452,0
15.453,0
15.454,0
15.455,0
15.456,0
15.457,0
15.458,0
15.459,0
15.46,0
15.461,0
15.462,0
15.463,0
15.464,0
15.465,0
15.466,0
15.467,0
15.468,0
15.469,0
15.47,0
15.471,0
15.472,0
15.473,0
15.474,0
15.475,0
15.476,0
15.477,0
15.478,0
15.479,0
15.48,0
15.481,0
15.482,0
15.483,0
15.484,0
15.485,0
15.486,0
15.487,0
15.488,0
15.489,0
15.49,0
15.491,0
15.492,0
15.493,0
15.494,0
15.495,0
15.496,0
15.497,0
15.498,0
15.5,0
15.501,0
15.502,0
15.503,0
15.504,0
15.505,0
15.506,0
15.507,0
15.508,0
15.509,0
15.51,0
15.511,0
15.512,0
15.513,0
15.514,0
15.515,0
15.516,0
15.517,0
15.518,0
15.519,0
15.52,0
15.521,0
15.522,0
15.523,0
15.524,0
15.525,0
15.526,0
15.527,0
15.528,0
15.529,0
15.53,0
15.531,0
15.532,0
15.533,0
15.534,0
15.535,0
15.536,0
15.537,0
15.538,0
15.539,0
15.54,0
15.541,0
15.542,0
15.543,0
15.544,0
15.545,0
15.546,0
15.547,0
15.548,0
15.549,0
15.55,0
15.551,0
15.552,0
15.553,0
15.554,0
15.555,0
15.556,0
15.557,0
15.558,0
15.559,0
15.56,0
15.561,0
15.562,0
15.563,0
15.564,0
15.565,0
15.566,0
15.567,0
15.568,0
15.569,0
15.57,0
15.571,0
15.572,0
15.573,0
15.574,0
15.575,0
15.576,0
15.577,0
15.578,0
15.579,0
15.58,0
15.581,0
15.582,0
15.583,0
15.584,0
15.585,0
15.586,0
15.587,0
15.588,0
15.589,0
15.59,0
15.591,0
15.592,0
15.593,0
15.594,0
15.595,0
15.596,0
15.597,0
15.598,0
15.599,0
15.6,0
15.601,0
15.602,0
15.603,0
15.604,0
15.605,0
15.606,0
15.607,0
15.608,0
15.609,0
15.61,0
15.611,0
15.612,0
15.613,0
15.614,0
15.615,0
15.616,0
15.617,0
15.618,0
15.619,0
15.62,0
15.621,0
15.622,0
15.623,0
15.624,0
15.625,0
15.626,0
15.627,0
15.628,0
15.629,0
15.63,0
15.631,0
15.632,0
15.633,0
15.634,0
15.635,0
15.636,0
15.637,0
15.638,0
15.639,0
15.64,0
15.641,0
15.642,0
15.643,0
15.644,0
15.645,0
15.646,0
15.647,0
15.648,0
15.649,0
15.65,0
15.651,0
15.652,0
15.653,0
15.654,0
15.655,0
15.656,0
15.657,0
15.658,0
15.659,0
15.66,0
15.661,0
15.662,0
15.663,0
15.664,0
15.665,0
15.666,0
15.667,0
15.668,0
15.669,0
15.67,0
15.671,0
15.672,0
15.673,0
15.674,0
15.675,0
15.676,0
15.677,0
15.678,0
15.679,0
15.68,0
15.681,0
15.682,0
15.683,0
15.684,0
15.685,0
15.686,0
15.687,0
15.688,0
15.689,0
15.69,0
15.691,0
15.692,0
15.693,0
15.694,0
15.695,0
15.696,0
15.697,0
15.698,0
15.699,0
15.7,0
15.701,0
15.702,0
15.703,0
15.704,0
15.705,0
15.706,0
15.707,0
15.708,0
15.709,0
15.71,0
15.711,0
15.712,0
15.713,0
15.714,0
15.715,0
15.716,0
15.717,0
15.718,0
15.719,0
15.72,0
15.721,0
15.722,0
15.723,0
15.724,0
15.725,0
15.726,0
15.727,0
15.728,0
15.729,0
15.73,0
15.731,0
15.732,0
15.733,0
15.734,0
15.735,0
15.736,0
15.737,0
15.738,0
15.739,0
15.74,0
15.741,0
15.742,0
15.743,0
15.744,0
15.745,0
15.746,0
15.747,0
15.748,0
15.749,0
15.75,0
15.751,0
15.752,0
15.753,0
15.754,0
15.755,0
15.756,0
15.757,0
15.758,0
15.759,0
15.76,0
15.761,0
15.762,0
15.763,0
15.764,0
15.765,0
15.766,0
15.767,0
15.768,0
15.769,0
15.77,0
15.771,0
15.772,0
15.773,0
15.774,0
15.775,0
15.776,0
15.777,0
15.778,0
15.779,0
15.78,0
15.781,0
15.782,0
15.783,0
15.784,0
15.785,0
15.786,0
15.787,0
15.788,0
15.789,0
15.79,0
15.791,0
15.792,0
15.793,0
15.794,0
15.795,0
15.796,0
15.797,0
15.798,0
15.799,0
15.8,0
15.801,0
15.802,0
15.803,0
15.804,0
15.805,0
15.806,0
15.807,0
15.808,0
15.809,0
15.81,0
15.811,0
15.812,0
15.813,0
15.814,0
15.815,0
15.816,0
15.817,0
15.818,0
15.819,0
15.82,0
15.821,0
15.822,0
15.823,0
15.824,0
15.825,0
15.826,0
15.827,0
15.828,0
15.829,0
15.83,0
15.831,0
15.832,0
15.833,0
15.834,0
15.835,0
15.836,0
15.837,0
15.838,0
15.839,0
15.84,0
15.841,0
15.842,0
15.843,0
15.844,0
15.845,0
15.846,0
15.847,0
15.848,0
15.849,0
15.85,0
15.851,0
15.852,0
15.853,0
15.854,0
15.855,0
15.856,0
15.857,0
15.858,0
15.859,0
15.86,0
15.861,0
15.862,0
15.863,0
15.864,0
15.865,0
15.866,0
15.867,0
15.868,0
15.869,0
15.87,0
15.871,0
15.872,0
15.873,0
15.874,0
15.875,0
15.876,0
15.877,0
15.878,0
15.879,0
15.88,0
15.881,0
15.882,0
15.883,0
15.884,0
15.885,0
15.886,0
15.887,0
15.888,0
15.889,0
15.89,0
15.891,0
15.892,0
15.893,0
15.894,0
15.895,0
15.896,0
15.897,0
15.898,0
15.899,0
15.9,0
15.901,0
15.902,0
15.903,0
15.904,0
15.905,0
15.906,0
15.907,0
15.908,0
15.909,0
15.91,0
15.911,0
15.912,0
15.913,0
15.914,0
15.915,0
15.916,0
15.917,0
15.918,0
15.919,0
15.92,0
15.921,0
15.922,0
15.923,0
15.924,0
15.925,0
15.926,0
15.927,0
15.928,0
15.929,0
15.93,0
15.931,0
15.932,0
15.933,0
15.934,0
15.935,0
15.936,0
15.937,0
15.938,0
15.939,0
15.94,0
15.941,0
15.942,0
15.943,0
15.944,0
15.945,0
15.946,0
15.947,0
15.948,0
15.949,0
15.95,0
15.951,0
15.952,0
15.953,0
15.954,0
15.955,0
15.956,0
15.957,0
15.958,0
15.959,0
15.96,0
15.961,0
15.962,0
15.963,0
15.964,0
15.965,0
15.966,0
15.967,0
15.968,0
15.969,0
15.97,0
15.971,0
15.972,0
15.973,0
15.974,0
15.975,0
15.976,0
15.977,0
15.978,0
15.979,0
15.98,0
15.981,0
15.982,0
15.983,0
15.984,0
15.985,0
15.986,0
15.987,0
15.988,0
15.989,0
15.99,0
15.991,0
15.992,0
15.993,0
15.994,0
15.995,0
15.996,0
15.997,0
15.998,0
15.999,0
16,0
16.001,0
16.002,0
16.003,0
16.004,0
16.005,0
16.006,0
16.007,0
16.008,0
16.009,0
16.01,0
16.011,0
16.012,0
16.013,0
16.014,0
16.015,0
16.016,0
16.017,0
16.018,0
16.019,0
16.02,0
16.021,0
16.022,0
16.023,0
16.024,0
16.025,0
16.026,0
16.027,0
16.028,0
16.029,0
16.03,0
16.031,0
16.032,0
16.033,0
16.034,0
16.035,0
16.036,0
16.037,0
16.038,0
16.039,0
16.04,0
16.041,0
16.042,0
16.043,0
16.044,0
16.045,0
16.046,0
16.047,0
16.048,0
16.049,0
16.05,0
16.051,0
16.052,0
16.053,0
16.054,0
16.055,0
16.056,0
16.057,0
16.058,0
16.059,0
16.06,0
16.061,0
16.062,0
16.063,0
16.064,0
16.065,0
16.066,0
16.067,0
16.068,0
16.069,0
16.07,0
16.071,0
16.072,0
16.073,0
16.074,0
16.075,0
16.076,0
16.077,0
16.078,0
16.079,0
16.08,0
16.081,0
16.082,0
16.083,0
16.084,0
16.085,0
16.086,0
16.087,0
16.088,0
16.089,0
16.09,0
16.091,0
16.092,0
16.093,0
16.094,0
16.095,0
16.096,0
16.097,0
16.098,0
16.099,0
16.1,0
16.101,0
16.102,0
16.103,0
16.104,0
16.105,0
16.106,0
16.107,0
16.108,0
16.109,0
16.11,0
16.111,0
16.112,0
16.113,0
16.114,0
16.115,0
16.116,0
16.117,0
16.118,0
16.119,0
16.12,0
16.121,0
16.122,0
16.123,0
16.124,0
16.125,0
16.126,0
16.127,0
16.128,0
16.129,0
16.13,0
16.131,0
16.133,0
16.134,0
16.135,0
16.136,0
16.137,0
16.138,0
16.139,0
16.14,0
16.141,0
16.142,0
16.143,0
16.144,0
16.145,0
16.146,0
16.147,0
16.148,0
16.149,0
16.15,0
16.151,0
16.152,0
16.153,0
16.154,0
16.155,0
16.156,0
16.157,0
16.158,0
16.159,0
16.16,0
16.161,0
16.162,0
16.163,0
16.164,0
16.165,0
16.167,0
16.168,0
16.169,0
16.17,0
16.171,0
16.172,0
16.173,0
16.174,0
16.175,0
16.176,0
16.178,0
16.179,0
16.18,0
16.181,0
16.182,0
16.183,0
16.184,0
16.185,0
16.186,0
16.187,0
16.188,0
16.189,0
16.19,0
16.191,0
16.192,0
16.193,0
16.194,0
16.195,0
16.196,0
16.197,0
16.198,0
16.199,0
16.2,0
16.201,0
16.202,0
16.203,0
16.204,0
16.205,0
16.206,0
16.207,0
16.208,0
16.209,0
16.21,0
16.211,0
16.212,0
16.213,0
16.214,0
16.215,0
16.216,0
16.217,0
16.218,0
16.219,0
16.22,0
16.221,0
16.222,0
16.223,0
16.224,0
16.225,0
16.226,0
16.227,0
16.228,0
16.229,0
16.23,0
16.231,0
16.232,0
16.233,0
16.234,0
16.235,0
16.236,0
16.237,0
16.238,0
16.239,0
16.24,0
16.241,0
16.242,0
16.243,0
16.244,0
16.245,0
16.246,0
16.247,0
16.248,0
16.249,0
16.25,0
16.251,0
16.252,0
16.253,0
16.254,0
16.255,0
16.256,0
16.257,0
16.258,0
16.259,0
16.26,0
16.261,0
16.262,0
16.263,0
16.264,0
16.265,0
16.266,0
16.267,0
16.268,0
16.269,0
16.27,0
16.271,0
16.272,0
16.273,0
16.274,0
16.275,0
16.276,0
16.277,0
16.278,0
16.279,0
16.28,0
16.281,0
16.282,0
16.283,0
16.284,0
16.285,0
16.286,0
16.287,0
16.288,0
16.289,0
16.29,0
16.291,0
16.292,0
16.293,0
16.294,0
16.295,0
16.296,0
16.297,0
16.298,0
16.299,0
16.3,0
16.301,0
16.302,0
16.303,0
16.304,0
16.305,0
16.306,0
16.307,0
16.308,0
16.309,0
16.31,0
16.311,0
16.312,0
16.313,0
16.314,0
16.315,0
16.316,0
16.317,0
16.318,0
16.319,0
16.32,0
16.321,0
16.322,0
16.323,0
16.324,0
16.325,0
16.326,0
16.327,0
16.328,0
16.329,0
16.33,0
16.331,0
16.332,0
16.333,0
16.334,0
16.335,0
16.336,0
16.337,0
16.338,0
16.339,0
16.34,0
16.341,0
16.342,0
16.343,0
16.344,0
16.345,0
16.346,0
16.347,0
16.348,0
16.349,0
16.35,0
16.351,0
16.352,0
16.353,0
16.354,0
16.355,0
16.356,0
16.357,0
16.358,0
16.359,0
16.36,0
16.361,0
16.362,0
16.363,0
16.364,0
16.365,0
16.366,0
16.367,0
16.368,0
16.369,0
16.37,0
16.371,0
16.372,0
16.373,0
16.374,0
16.375,0
16.376,0
16.377,0
16.378,0
16.379,0
16.38,0
16.381,0
16.382,0
16.383,0
16.384,0
16.385,0
16.386,0
16.387,0
16.388,0
16.389,0
16.39,0
16.391,0
16.392,0
16.393,0
16.394,0
16.395,0
16.396,0
16.397,0
16.398,0
16.399,0
16.4,0
16.401,0
16.402,0
16.403,0
16.404,0
16.405,0
16.406,0
16.407,0
16.408,0
16.409,0
16.41,0
16.411,0
16.412,0
16.413,0
16.414,0
16.415,0
16.416,0
16.417,0
16.418,0
16.419,0
16.42,0
16.421,0
16.4217311918,1
16.422,0
16.423,0
16.424,0
16.425,0
16.426,0
16.427,0
16.428,0
16.429,0
16.43,0
16.431,0
16.432,0
16.433,0
16.434,0
16.435,0
16.436,0
16.437,0
16.438,0
16.439,0
16.44,0
16.441,0
16.442,0
16.443,0
16.444,0
16.445,0
16.446,0
16.447,0
16.448,0
16.449,0
16.45,0
16.451,0
16.452,0
16.453,0
16.454,0
16.455,0
16.456,0
16.457,0
16.458,0
16.459,0
16.46,0
16.461,0
16.462,0
16.463,0
16.464,0
16.465,0
16.466,0
16.467,0
16.468,0
16.469,0
16.47,0
16.471,0
16.472,0
16.473,0
16.474,0
16.475,0
16.476,0
16.477,0
16.478,0
16.479,0
16.48,0
16.481,0
16.482,0
16.483,0
16.484,0
16.485,0
16.486,0
16.487,0
16.488,0
16.489,0
16.49,0
16.491,0
16.492,0
16.493,0
16.494,0
16.495,0
16.496,0
16.497,0
16.498,0
16.499,0
16.5,0
16.501,0
16.502,0
16.503,0
16.504,0
16.505,0
16.506,0
16.507,0
16.508,0
16.509,0
16.51,0
16.511,0
16.512,0
16.513,0
16.514,0
16.515,0
16.516,0
16.517,0
16.518,0
16.519,0
16.52,0
16.521,0
16.522,0
16.523,0
16.524,0
16.525,0
16.526,0
16.529,0
16.53,0
16.531,0
16.532,0
16.533,0
16.534,0
16.535,0
16.536,0
16.537,0
16.538,0
16.539,0
16.54,0
16.541,0
16.542,0
16.543,0
16.544,0
16.545,0
16.546,0
16.547,0
16.548,0
16.549,0
16.55,0
16.551,0
16.552,0
16.553,0
16.554,0
16.555,0
16.556,0
16.557,0
16.558,0
16.559,0
16.562,0
16.563,0
16.564,0
16.565,0
16.566,0
16.567,0
16.568,0
16.569,0
16.57,0
16.571,0
16.572,0
16.573,0
16.574,0
16.575,0
16.576,0
16.577,0
16.578,0
16.579,0
16.58,0
16.581,0
16.582,0
16.583,0
16.584,0
16.585,0
16.586,0
16.587,0
16.588,0
16.589,0
16.59,0
16.591,0
16.592,0
16.593,0
16.594,0
16.595,0
16.596,0
16.597,0
16.598,0
16.599,0
16.6,0
16.601,0
16.602,0
16.603,0
16.604,0
16.605,0
16.606,0
16.607,0
16.608,0
16.609,0
16.61,0
16.611,0
16.612,0
16.613,0
16.614,0
16.615,0
16.616,0
16.617,0
16.618,0
16.619,0
16.62,0
16.621,0
16.622,0
16.623,0
16.624,0
16.625,0
16.626,0
16.627,0
16.628,0
16.629,0
16.63,0
16.631,0
16.632,0
16.633,0
16.634,0
16.635,0
16.636,0
16.637,0
16.638,0
16.639,0
16.64,0
16.641,0
16.642,0
16.643,0
16.644,0
16.645,0
16.646,0
16.647,0
16.648,0
16.649,0
16.65,0
16.651,0
16.652,0
16.653,0
16.654,0
16.655,0
16.656,0
16.657,0
16.658,0
16.659,0
16.66,0
16.661,0
16.662,0
16.663,0
16.664,0
16.665,0
16.666,0
16.667,0
16.668,0
16.669,0
16.67,0
16.671,0
16.672,0
16.673,0
16.674,0
16.675,0
16.676,0
16.677,0
16.678,0
16.679,0
16.68,0
16.681,0
16.682,0
16.683,0
16.684,0
16.685,0
16.686,0
16.687,0
16.688,0
16.689,0
16.69,0
16.691,0
16.692,0
16.693,0
16.694,0
16.695,0
16.696,0
16.697,0
16.698,0
16.699,0
16.7,0
16.701,0
16.702,0
16.703,0
16.704,0
16.705,0
16.706,0
16.707,0
16.708,0
16.709,0
16.71,0
16.711,0
16.712,0
16.713,0
16.714,0
16.715,0
16.716,0
16.717,0
16.718,0
16.719,0
16.72,0
16.721,0
16.722,0
16.723,0
16.724,0
16.725,0
16.726,0
16.727,0
16.728,0
16.729,0
16.73,0
16.731,0
16.732,0
16.733,0
16.734,0
16.735,0
16.736,0
16.737,0
16.738,0
16.739,0
16.74,0
16.741,0
16.742,0
16.743,0
16.744,0
16.745,0
16.746,0
16.747,0
16.748,0
16.749,0
16.75,0
16.751,0
16.752,0
16.753,0
16.754,0
16.755,0
16.756,0
16.757,0
16.758,0
16.759,0
16.76,0
16.761,0
16.762,0
16.763,0
16.764,0
16.765,0
16.766,0
16.767,0
16.768,0
16.769,0
16.77,0
16.771,0
16.772,0
16.773,0
16.774,0
16.775,0
16.776,0
16.777,0
16.778,0
16.779,0
16.78,0
16.781,0
16.782,0
16.783,0
16.784,0
16.785,0
16.786,0
16.787,0
16.788,0
16.789,0
16.79,0
16.791,0
16.792,0
16.793,0
16.794,0
16.795,0
16.796,0
16.797,0
16.798,0
16.799,0
16.8,0
16.801,0
16.802,0
16.803,0
16.804,0
16.805,0
16.806,0
16.807,0
16.808,0
16.809,0
16.81,0
16.811,0
16.812,0
16.813,0
16.814,0
16.815,0
16.816,0
16.817,0
16.818,0
16.819,0
16.82,0
16.821,0
16.822,0
16.823,0
16.824,0
16.825,0
16.826,0
16.827,0
16.828,0
16.829,0
16.83,0
16.831,0
16.832,0
16.833,0
16.834,0
16.835,0
16.836,0
16.837,0
16.838,0
16.839,0
16.84,0
16.841,0
16.842,0
16.843,0
16.844,0
16.845,0
16.846,0
16.847,0
16.848,0
16.849,0
16.85,0
16.851,0
16.852,0
16.853,0
16.854,0
16.855,0
16.856,0
16.857,0
16.858,0
16.859,0
16.86,0
16.861,0
16.862,0
16.863,0
16.864,0
16.865,0
16.866,0
16.867,0
16.868,0
16.869,0
16.87,0
16.871,0
16.872,0
16.873,0
16.874,0
16.875,0
16.876,0
16.877,0
16.878,0
16.879,0
16.88,0
16.881,0
16.882,0
16.883,0
16.884,0
16.885,0
16.886,0
16.887,0
16.888,0
16.889,0
16.89,0
16.891,0
16.892,0
16.893,0
16.894,0
16.895,0
16.896,0
16.897,0
16.898,0
16.899,0
16.9,0
16.901,0
16.902,0
16.903,0
16.904,0
16.905,0
16.906,0
16.907,0
16.908,0
16.909,0
16.91,0
16.911,0
16.912,0
16.913,0
16.914,0
16.915,0
16.916,0
16.917,0
16.918,0
16.919,0
16.92,0
16.921,0
16.922,0
16.923,0
16.924,0
16.925,0
16.926,0
16.927,0
16.928,0
16.929,0
16.93,0
16.931,0
16.932,0
16.933,0
16.934,0
16.935,0
16.936,0
16.937,0
16.938,0
16.939,0
16.94,0
16.941,0
16.942,0
16.943,0
16.944,0
16.945,0
16.946,0
16.947,0
16.948,0
16.949,0
16.95,0
16.951,0
16.952,0
16.953,0
16.954,0
16.955,0
16.956,0
16.957,0
16.958,0
16.959,0
16.96,0
16.961,0
16.962,0
16.963,0
16.964,0
16.965,0
16.966,0
16.967,0
16.968,0
16.969,0
16.97,0
16.971,0
16.972,0
16.973,0
16.974,0
16.975,0
16.976,0
16.977,0
16.978,0
16.979,0
16.98,0
16.981,0
16.982,0
16.983,0
16.984,0
16.985,0
16.986,0
16.987,0
16.988,0
16.989,0
16.99,0
16.991,0
16.992,0
16.993,0
16.994,0
16.995,0
16.996,0
16.997,0
16.998,0
16.999,0
17,0
17.001,0
17.002,0
17.003,0
17.004,0
17.005,0
17.006,0
17.007,0
17.008,0
17.009,0
17.01,0
17.011,0
17.012,0
17.013,0
17.014,0
17.015,0
17.016,0
17.017,0
17.018,0
17.019,0
17.02,0
17.021,0
17.022,0
17.023,0
17.024,0
17.025,0
17.026,0
17.027,0
17.028,0
17.029,0
17.03,0
17.031,0
17.032,0
17.033,0
17.034,0
17.035,0
17.036,0
17.037,0
17.038,0
17.039,0
17.04,0
17.041,0
17.042,0
17.043,0
17.044,0
17.045,0
17.046,0
17.047,0
17.048,0
17.049,0
17.05,0
17.051,0
17.052,0
17.053,0
17.054,0
17.055,0
17.056,0
17.057,0
17.058,0
17.059,0
17.06,0
17.061,0
17.062,0
17.063,0
17.064,0
17.065,0
17.066,0
17.067,0
17.068,0
17.069,0
17.07,0
17.071,0
17.072,0
17.073,0
17.074,0
17.075,0
17.076,0
17.077,0
17.078,0
17.079,0
17.08,0
17.081,0
17.082,0
17.083,0
17.084,0
17.085,0
17.086,0
17.087,0
17.088,0
17.089,0
17.09,0
17.091,0
17.092,0
17.093,0
17.094,0
17.095,0
17.096,0
17.097,0
17.098,0
17.099,0
17.1,0
17.101,0
17.102,0
17.103,0
17.104,0
17.105,0
17.106,0
17.107,0
17.108,0
17.109,0
17.11,0
17.111,0
17.112,0
17.113,0
17.114,0
17.115,0
17.116,0
17.117,0
17.118,0
17.119,0
17.12,0
17.121,0
17.122,0
17.123,0
17.124,0
17.125,0
17.126,0
17.127,0
17.128,0
17.129,0
17.13,0
17.131,0
17.132,0
17.133,0
17.134,0
17.135,0
17.136,0
17.137,0
17.138,0
17.139,0
17.14,0
17.141,0
17.142,0
17.143,0
17.144,0
17.145,0
17.146,0
17.147,0
17.148,0
17.149,0
17.15,0
17.151,0
17.152,0
17.153,0
17.154,0
17.155,0
17.156,0
17.157,0
17.158,0
17.159,0
17.16,0
17.161,0
17.162,0
17.163,0
17.164,0
17.165,0
17.166,0
17.167,0
17.168,0
17.169,0
17.17,0
17.171,0
17.172,0
17.173,0
17.174,0
17.175,0
17.176,0
17.177,0
17.178,0
17.179,0
17.18,0
17.181,0
17.182,0
17.183,0
17.184,0
17.185,0
17.186,0
17.187,0
17.188,0
17.189,0
17.19,0
17.191,0
17.192,0
17.193,0
17.194,0
17.195,0
17.196,0
17.197,0
17.198,0
17.199,0
17.2,0
17.201,0
17.202,0
17.203,0
17.204,0
17.205,0
17.206,0
17.207,0
17.208,0
17.209,0
17.21,0
17.211,0
17.212,0
17.213,0
17.214,0
17.215,0
17.216,0
17.217,0
17.218,0
17.219,0
17.22,0
17.221,0
17.222,0
17.223,0
17.224,0
17.225,0
17.226,0
17.227,0
17.228,0
17.229,0
17.23,0
17.231,0
17.232,0
17.233,0
17.234,0
17.235,0
17.236,0
17.237,0
17.238,0
17.239,0
17.24,0
17.241,0
17.242,0
17.243,0
17.244,0
17.245,0
17.246,0
17.247,0
17.248,0
17.249,0
17.25,0
17.251,0
17.252,0
17.253,0
17.254,0
17.255,0
17.256,0
17.257,0
17.258,0
17.259,0
17.26,0
17.261,0
17.262,0
17.263,0
17.264,0
17.265,0
17.266,0
17.267,0
17.268,0
17.269,0
17.27,0
17.271,0
17.272,0
17.273,0
17.274,0
17.275,0
17.276,0
17.277,0
17.278,0
17.279,0
17.28,0
17.281,0
17.282,0
17.283,0
17.284,0
17.285,0
17.286,0
17.287,0
17.288,0
17.289,0
17.29,0
17.291,0
17.292,0
17.293,0
17.294,0
17.295,0
17.296,0
17.297,0
17.298,0
17.299,0
17.3,0
17.301,0
17.302,0
17.303,0
17.304,0
17.305,0
17.306,0
17.307,0
17.308,0
17.309,0
17.31,0
17.311,0
17.312,0
17.313,0
17.314,0
17.315,0
17.316,0
17.317,0
17.318,0
17.319,0
17.32,0
17.321,0
17.322,0
17.323,0
17.324,0
17.325,0
17.326,0
17.327,0
17.328,0
17.329,0
17.33,0
17.331,0
17.332,0
17.333,0
17.334,0
17.335,0
17.336,0
17.337,0
17.338,0
17.339,0
17.34,0
17.341,0
17.342,0
17.343,0
17.344,0
17.345,0
17.346,0
17.347,0
17.348,0
17.349,0
17.35,0
17.351,0
17.352,0
17.353,0
17.354,0
17.355,0
17.356,0
17.357,0
17.358,0
17.359,0
17.36,0
17.361,0
17.362,0
17.363,0
17.364,0
17.365,0
17.366,0
17.367,0
17.368,0
17.369,0
17.37,0
17.371,0
17.372,0
17.373,0
17.374,0
17.375,0
17.376,0
17.377,0
17.378,0
17.379,0
17.38,0
17.381,0
17.382,0
17.383,0
17.384,0
17.385,0
17.386,0
17.387,0
17.388,0
17.389,0
17.39,0
17.391,0
17.392,0
17.393,0
17.394,0
17.395,0
17.396,0
17.397,0
17.398,0
17.399,0
17.4,0
17.401,0
17.402,0
17.403,0
17.404,0
17.405,0
17.406,0
17.407,0
17.408,0
17.409,0
17.41,0
17.411,0
17.412,0
17.413,0
17.414,0
17.415,0
17.416,0
17.417,0
17.418,0
17.419,0
17.42,0
17.421,0
17.422,0
17.423,0
17.424,0
17.425,0
17.426,0
17.427,0
17.428,0
17.429,0
17.43,0
17.431,0
17.432,0
17.433,0
17.434,0
17.435,0
17.436,0
17.437,0
17.438,0
17.439,0
17.44,0
17.441,0
17.442,0
17.443,0
17.444,0
17.445,0
17.446,0
17.447,0
17.448,0
17.449,0
17.45,0
17.451,0
17.452,0
17.453,0
17.454,0
17.455,0
17.456,0
17.457,0
17.458,0
17.459,0
17.46,0
17.461,0
17.462,0
17.463,0
17.464,0
17.465,0
17.466,0
17.467,0
17.468,0
17.469,0
17.47,0
17.471,0
17.472,0
17.473,0
17.474,0
17.475,0
17.476,0
17.477,0
17.478,0
17.479,0
17.48,0
17.481,0
17.482,0
17.483,0
17.484,0
17.485,0
17.486,0
17.487,0
17.488,0
17.489,0
17.49,0
17.491,0
17.492,0
17.493,0
17.494,0
17.495,0
17.496,0
17.497,0
17.498,0
17.499,0
17.5,0
17.501,0
17.502,0
17.503,0
17.504,0
17.505,0
17.506,0
17.507,0
17.508,0
17.509,0
17.51,0
17.511,0
17.512,0
17.513,0
17.514,0
17.515,0
17.516,0
17.517,0
17.518,0
17.519,0
17.52,0
17.521,0
17.522,0
17.523,0
17.524,0
17.525,0
17.526,0
17.527,0
17.528,0
17.529,0
17.53,0
17.531,0
17.532,0
17.533,0
17.534,0
17.535,0
17.536,0
17.537,0
17.538,0
17.539,0
17.54,0
17.541,0
17.542,0
17.543,0
17.544,0
17.545,0
17.546,0
17.547,0
17.548,0
17.549,0
17.55,0
17.551,0
17.552,0
17.553,0
17.554,0
17.555,0
17.556,0
17.557,0
17.558,0
17.559,0
17.56,0
17.561,0
17.562,0
17.563,0
17.564,0
17.565,0
17.566,0
17.567,0
17.568,0
17.569,0
17.57,0
17.571,0
17.572,0
17.573,0
17.574,0
17.575,0
17.576,0
17.577,0
17.578,0
17.579,0
17.58,0
17.581,0
17.582,0
17.583,0
17.584,0
17.589,0
17.59,0
17.591,0
17.592,0
17.593,0
17.594,0
17.596,0
17.597,0
17.598,0
17.599,0
17.6,0
17.601,0
17.602,0
17.603,0
17.604,0
17.605,0
17.606,0
17.607,0
17.608,0
17.609,0
17.61,0
17.611,0
17.612,0
17.613,0
17.614,0
17.615,0
17.616,0
17.617,0
17.618,0
17.619,0
17.62,0
17.621,0
17.622,0
17.623,0
17.624,0
17.625,0
17.626,0
17.627,0
17.628,0
17.629,0
17.63,0
17.631,0
17.632,0
17.633,0
17.634,0
17.635,0
17.636,0
17.637,0
17.638,0
17.639,0
17.64,0
17.641,0
17.642,0
17.643,0
17.644,0
17.645,0
17.646,0
17.647,0
17.648,0
17.649,0
17.65,0
17.651,0
17.652,0
17.653,0
17.654,0
17.655,0
17.656,0
17.657,0
17.658,0
17.659,0
17.66,0
17.661,0
17.662,0
17.663,0
17.664,0
17.665,0
17.666,0
17.667,0
17.668,0
17.669,0
17.67,0
17.671,0
17.672,0
17.673,0
17.674,0
17.675,0
17.676,0
17.677,0
17.678,0
17.679,0
17.68,0
17.681,0
17.682,0
17.683,0
17.684,0
17.685,0
17.686,0
17.687,0
17.688,0
17.689,0
17.69,0
17.691,0
17.692,0
17.693,0
17.694,0
17.695,0
17.696,0
17.697,0
17.698,0
17.699,0
17.7,0
17.701,0
17.702,0
17.703,0
17.704,0
17.705,0
17.706,0
17.707,0
17.708,0
17.709,0
17.71,0
17.711,0
17.712,0
17.713,0
17.714,0
17.715,0
17.716,0
17.717,0
17.718,0
17.719,0
17.72,0
17.721,0
17.722,0
17.723,0
17.724,0
17.725,0
17.726,0
17.727,0
17.728,0
17.729,0
17.73,0
17.731,0
17.732,0
17.733,0
17.734,0
17.735,0
17.736,0
17.737,0
17.738,0
17.739,0
17.74,0
17.741,0
17.742,0
17.743,0
17.744,0
17.745,0
17.746,0
17.747,0
17.748,0
17.749,0
17.75,0
17.751,0
17.752,0
17.753,0
17.754,0
17.755,0
17.756,0
17.757,0
17.758,0
17.759,0
17.76,0
17.761,0
17.762,0
17.763,0
17.764,0
17.765,0
17.766,0
17.767,0
17.768,0
17.769,0
17.77,0
17.771,0
17.772,0
17.773,0
17.774,0
17.775,0
17.776,0
17.777,0
17.778,0
17.779,0
17.78,0
17.781,0
17.782,0
17.783,0
17.784,0
17.785,0
17.786,0
17.787,0
17.788,0
17.789,0
17.79,0
17.791,0
17.792,0
17.793,0
17.794,0
17.795,0
17.796,0
17.797,0
17.798,0
17.799,0
17.8,0
17.801,0
17.802,0
17.803,0
17.804,0
17.805,0
17.806,0
17.807,0
17.808,0
17.809,0
17.81,0
17.811,0
17.812,0
17.813,0
17.814,0
17.815,0
17.816,0
17.817,0
17.818,0
17.819,0
17.82,0
17.821,0
17.822,0
17.823,0
17.824,0
17.825,0
17.826,0
17.827,0
17.828,0
17.829,0
17.83,0
17.831,0
17.832,0
17.833,0
17.834,0
17.835,0
17.836,0
17.837,0
17.838,0
17.839,0
17.84,0
17.841,0
17.842,0
17.843,0
17.844,0
17.845,0
17.846,0
17.847,0
17.848,0
17.849,0
17.85,0
17.851,0
17.852,0
17.853,0
17.854,0
17.855,0
17.856,0
17.857,0
17.858,0
17.859,0
17.86,0
17.861,0
17.862,0
17.863,0
17.864,0
17.865,0
17.866,0
17.867,0
17.868,0
17.869,0
17.87,0
17.871,0
17.872,0
17.873,0
17.874,0
17.875,0
17.876,0
17.877,0
17.878,0
17.879,0
17.88,0
17.881,0
17.882,0
17.883,0
17.884,0
17.885,0
17.886,0
17.887,0
17.888,0
17.889,0
17.89,0
17.891,0
17.892,0
17.893,0
17.894,0
17.895,0
17.896,0
17.897,0
17.898,0
17.899,0
17.9,0
17.901,0
17.902,0
17.903,0
17.904,0
17.905,0
17.906,0
17.907,0
17.908,0
17.909,0
17.91,0
17.911,0
17.912,0
17.913,0
17.914,0
17.915,0
17.916,0
17.917,0
17.918,0
17.919,0
17.92,0
17.921,0
17.922,0
17.923,0
17.924,0
17.925,0
17.926,0
17.927,0
17.928,0
17.929,0
17.93,0
17.931,0
17.932,0
17.933,0
17.934,0
17.935,0
17.936,0
17.937,0
17.938,0
17.939,0
17.94,0
17.941,0
17.942,0
17.943,0
17.944,0
17.945,0
17.946,0
17.947,0
17.948,0
17.949,0
17.95,0
17.951,0
17.952,0
17.953,0
17.954,0
17.955,0
17.956,0
17.957,0
17.958,0
17.959,0
17.96,0
17.961,0
17.962,0
17.963,0
17.9636696808,1
17.964,0
17.965,0
17.966,0
17.967,0
17.968,0
17.969,0
17.97,0
17.971,0
17.972,0
17.973,0
17.974,0
17.975,0
17.976,0
17.977,0
17.978,0
17.979,0
17.98,0
17.981,0
17.982,0
17.983,0
17.984,0
17.985,0
17.986,0
17.987,0
17.988,0
17.989,0
17.99,0
17.991,0
17.992,0
17.993,0
17.994,0
17.995,0
17.996,0
17.997,0
17.998,0
17.999,0
18,0
18.001,0
18.002,0
18.003,0
18.004,0
18.005,0
18.006,0
18.007,0
18.008,0
18.009,0
18.01,0
18.011,0
18.012,0
18.013,0
18.014,0
18.015,0
18.016,0
18.017,0
18.018,0
18.019,0
18.02,0
18.021,0
18.022,0
18.023,0
18.024,0
18.025,0
18.026,0
18.027,0
18.028,0
18.029,0
18.03,0
18.031,0
18.032,0
18.033,0
18.034,0
18.035,0
18.036,0
18.037,0
18.038,0
18.039,0
18.04,0
18.041,0
18.042,0
18.043,0
18.044,0
18.045,0
18.046,0
18.047,0
18.048,0
18.049,0
18.05,0
18.051,0
18.052,0
18.053,0
18.054,0
18.055,0
18.056,0
18.057,0
18.058,0
18.059,0
18.06,0
18.061,0
18.062,0
18.063,0
18.064,0
18.065,0
18.068,0
18.069,0
18.07,0
18.071,0
18.072,0
18.073,0
18.074,0
18.075,0
18.076,0
18.077,0
18.078,0
18.079,0
18.08,0
18.081,0
18.082,0
18.083,0
18.084,0
18.085,0
18.086,0
18.087,0
18.088,0
18.089,0
18.09,0
18.091,0
18.092,0
18.093,0
18.095,0
18.096,0
18.097,0
18.098,0
18.099,0
18.1,0
18.102,0
18.103,0
18.104,0
18.105,0
18.106,0
18.107,0
18.108,0
18.109,0
18.11,0
18.111,0
18.112,0
18.113,0
18.114,0
18.115,0
18.116,0
18.117,0
18.118,0
18.119,0
18.12,0
18.125,0
18.126,0
18.127,0
18.128,0
18.129,0
18.13,0
18.131,0
18.132,0
18.133,0
18.134,0
18.135,0
18.136,0
18.137,0
18.138,0
18.139,0
18.14,0
18.141,0
18.142,0
18.143,0
18.144,0
18.145,0
18.146,0
18.147,0
18.148,0
18.149,0
18.15,0
18.151,0
18.152,0
18.153,0
18.154,0
18.157,0
18.158,0
18.159,0
18.16,0
18.161,0
18.162,0
18.163,0
18.164,0
18.165,0
18.166,0
18.167,0
18.168,0
18.169,0
18.17,0
18.171,0
18.172,0
18.173,0
18.174,0
18.175,0
18.176,0
18.177,0
18.178,0
18.179,0
18.18,0
18.181,0
18.182,0
18.183,0
18.184,0
18.185,0
18.186,0
18.187,0
18.188,0
18.189,0
18.19,0
18.191,0
18.192,0
18.193,0
18.194,0
18.195,0
18.196,0
18.197,0
18.198,0
18.199,0
18.2,0
18.201,0
18.202,0
18.203,0
18.204,0
18.205,0
18.206,0
18.207,0
18.208,0
18.209,0
18.21,0
18.211,0
18.212,0
18.213,0
18.214,0
18.215,0
18.216,0
18.217,0
18.218,0
18.219,0
18.22,0
18.221,0
18.222,0
18.223,0
18.224,0
18.225,0
18.226,0
18.227,0
18.228,0
18.229,0
18.23,0
18.231,0
18.232,0
18.234,0
18.235,0
18.236,0
18.237,0
18.238,0
18.239,0
18.24,0
18.241,0
18.242,0
18.243,0
18.244,0
18.245,0
18.246,0
18.247,0
18.248,0
18.249,0
18.25,0
18.251,0
18.252,0
18.253,0
18.254,0
18.255,0
18.256,0
18.257,0
18.258,0
18.259,0
18.26,0
18.261,0
18.262,0
18.263,0
18.264,0
18.265,0
18.266,0
18.267,0
18.268,0
18.269,0
18.27,0
18.271,0
18.272,0
18.273,0
18.274,0
18.275,0
18.276,0
18.277,0
18.278,0
18.279,0
18.28,0
18.281,0
18.282,0
18.283,0
18.284,0
18.285,0
18.286,0
18.287,0
18.288,0
18.289,0
18.29,0
18.291,0
18.292,0
18.293,0
18.294,0
18.295,0
18.296,0
18.297,0
18.298,0
18.299,0
18.3,0
18.301,0
18.302,0
18.303,0
18.304,0
18.305,0
18.306,0
18.307,0
18.308,0
18.309,0
18.31,0
18.311,0
18.312,0
18.313,0
18.314,0
18.315,0
18.316,0
18.317,0
18.318,0
18.319,0
18.32,0
18.321,0
18.322,0
18.323,0
18.324,0
18.325,0
18.326,0
18.327,0
18.328,0
18.329,0
18.33,0
18.331,0
18.332,0
18.333,0
18.334,0
18.335,0
18.336,0
18.337,0
18.338,0
18.339,0
18.34,0
18.341,0
18.342,0
18.343,0
18.344,0
18.345,0
18.346,0
18.347,0
18.348,0
18.349,0
18.35,0
18.351,0
18.352,0
18.353,0
18.354,0
18.355,0
18.356,0
18.357,0
18.358,0
18.359,0
18.36,0
18.361,0
18.362,0
18.363,0
18.364,0
18.365,0
18.366,0
18.367,0
18.368,0
18.369,0
18.37,0
18.371,0
18.372,0
18.373,0
18.374,0
18.375,0
18.376,0
18.377,0
18.378,0
18.379,0
18.38,0
18.381,0
18.382,0
18.383,0
18.384,0
18.385,0
18.386,0
18.387,0
18.388,0
18.389,0
18.39,0
18.391,0
18.392,0
18.393,0
18.394,0
18.395,0
18.396,0
18.397,0
18.398,0
18.399,0
18.4,0
18.401,0
18.402,0
18.403,0
18.404,0
18.405,0
18.406,0
18.407,0
18.408,0
18.409,0
18.41,0
18.411,0
18.412,0
18.413,0
18.414,0
18.415,0
18.416,0
18.417,0
18.418,0
18.419,0
18.42,0
18.421,0
18.422,0
18.423,0
18.424,0
18.425,0
18.426,0
18.427,0
18.428,0
18.429,0
18.43,0
18.431,0
18.432,0
18.433,0
18.434,0
18.435,0
18.436,0
18.437,0
18.438,0
18.439,0
18.44,0
18.441,0
18.442,0
18.443,0
18.444,0
18.445,0
18.446,0
18.447,0
18.448,0
18.449,0
18.45,0
18.451,0
18.452,0
18.453,0
18.454,0
18.455,0
18.456,0
18.457,0
18.458,0
18.459,0
18.46,0
18.461,0
18.462,0
18.463,0
18.464,0
18.465,0
18.466,0
18.467,0
18.468,0
18.469,0
18.47,0
18.471,0
18.472,0
18.473,0
18.474,0
18.475,0
18.476,0
18.477,0
18.478,0
18.479,0
18.48,0
18.481,0
18.482,0
18.483,0
18.484,0
18.485,0
18.486,0
18.487,0
18.488,0
18.489,0
18.49,0
18.491,0
18.492,0
18.493,0
18.494,0
18.495,0
18.496,0
18.497,0
18.498,0
18.499,0
18.5,0
18.501,0
18.502,0
18.503,0
18.504,0
18.505,0
18.506,0
18.507,0
18.508,0
18.509,0
18.51,0
18.511,0
18.512,0
18.513,0
18.514,0
18.515,0
18.516,0
18.517,0
18.518,0
18.519,0
18.52,0
18.521,0
18.522,0
18.523,0
18.524,0
18.525,0
18.526,0
18.527,0
18.528,0
18.529,0
18.53,0
18.531,0
18.532,0
18.533,0
18.534,0
18.535,0
18.536,0
18.537,0
18.538,0
18.539,0
18.54,0
18.541,0
18.542,0
18.543,0
18.544,0
18.545,0
18.546,0
18.547,0
18.548,0
18.549,0
18.55,0
18.551,0
18.552,0
18.553,0
18.554,0
18.555,0
18.556,0
18.557,0
18.558,0
18.559,0
18.56,0
18.561,0
18.562,0
18.563,0
18.564,0
18.565,0
18.566,0
18.567,0
18.568,0
18.569,0
18.57,0
18.571,0
18.572,0
18.573,0
18.574,0
18.575,0
18.576,0
18.577,0
18.578,0
18.579,0
18.58,0
18.581,0
18.582,0
18.583,0
18.584,0
18.585,0
18.586,0
18.587,0
18.588,0
18.589,0
18.59,0
18.591,0
18.592,0
18.593,0
18.594,0
18.595,0
18.596,0
18.597,0
18.598,0
18.599,0
18.6,0
18.601,0
18.602,0
18.603,0
18.604,0
18.605,0
18.606,0
18.607,0
18.608,0
18.609,0
18.61,0
18.611,0
18.612,0
18.613,0
18.614,0
18.615,0
18.616,0
18.617,0
18.618,0
18.619,0
18.62,0
18.621,0
18.622,0
18.623,0
18.624,0
18.625,0
18.626,0
18.627,0
18.628,0
18.629,0
18.63,0
18.631,0
18.632,0
18.633,0
18.634,0
18.635,0
18.636,0
18.637,0
18.638,0
18.639,0
18.64,0
18.641,0
18.642,0
18.643,0
18.644,0
18.645,0
18.646,0
18.647,0
18.648,0
18.649,0
18.65,0
18.651,0
18.652,0
18.653,0
18.654,0
18.655,0
18.656,0
18.657,0
18.658,0
18.659,0
18.66,0
18.661,0
18.662,0
18.663,0
18.664,0
18.665,0
18.666,0
18.667,0
18.668,0
18.669,0
18.67,0
18.671,0
18.672,0
18.673,0
18.674,0
18.675,0
18.676,0
18.677,0
18.678,0
18.679,0
18.68,0
18.681,0
18.682,0
18.683,0
18.684,0
18.685,0
18.686,0
18.687,0
18.688,0
18.689,0
18.69,0
18.691,0
18.692,0
18.693,0
18.694,0
18.695,0
18.696,0
18.697,0
18.698,0
18.699,0
18.7,0
18.701,0
18.702,0
18.703,0
18.704,0
18.705,0
18.706,0
18.707,0
18.708,0
18.709,0
18.71,0
18.711,0
18.712,0
18.713,0
18.714,0
18.715,0
18.716,0
18.717,0
18.718,0
18.719,0
18.72,0
18.721,0
18.722,0
18.723,0
18.724,0
18.725,0
18.726,0
18.727,0
18.728,0
18.729,0
18.73,0
18.731,0
18.732,0
18.733,0
18.734,0
18.735,0
18.736,0
18.737,0
18.738,0
18.739,0
18.74,0
18.741,0
18.742,0
18.743,0
18.744,0
18.745,0
18.746,0
18.747,0
18.748,0
18.749,0
18.75,0
18.751,0
18.752,0
18.753,0
18.754,0
18.755,0
18.756,0
18.757,0
18.758,0
18.759,0
18.76,0
18.761,0
18.762,0
18.763,0
18.764,0
18.765,0
18.766,0
18.767,0
18.768,0
18.769,0
18.77,0
18.771,0
18.772,0
18.773,0
18.774,0
18.775,0
18.776,0
18.777,0
18.778,0
18.779,0
18.78,0
18.781,0
18.782,0
18.783,0
18.784,0
18.785,0
18.786,0
18.787,0
18.788,0
18.789,0
18.79,0
18.791,0
18.792,0
18.793,0
18.794,0
18.795,0
18.796,0
18.797,0
18.798,0
18.799,0
18.8,0
18.801,0
18.802,0
18.803,0
18.804,0
18.805,0
18.806,0
18.807,0
18.808,0
18.809,0
18.81,0
18.811,0
18.812,0
18.813,0
18.814,0
18.815,0
18.816,0
18.817,0
18.818,0
18.819,0
18.82,0
18.821,0
18.822,0
18.823,0
18.824,0
18.825,0
18.826,0
18.827,0
18.828,0
18.829,0
18.83,0
18.831,0
18.832,0
18.833,0
18.834,0
18.835,0
18.836,0
18.837,0
18.838,0
18.839,0
18.84,0
18.841,0
18.842,0
18.843,0
18.844,0
18.845,0
18.846,0
18.847,0
18.848,0
18.849,0
18.85,0
18.851,0
18.852,0
18.853,0
18.854,0
18.855,0
18.856,0
18.857,0
18.858,0
18.859,0
18.86,0
18.861,0
18.862,0
18.863,0
18.864,0
18.865,0
18.866,0
18.867,0
18.868,0
18.869,0
18.87,0
18.871,0
18.872,0
18.873,0
18.874,0
18.875,0
18.876,0
18.877,0
18.878,0
18.879,0
18.88,0
18.881,0
18.882,0
18.883,0
18.884,0
18.885,0
18.886,0
18.887,0
18.888,0
18.889,0
18.89,0
18.891,0
18.892,0
18.893,0
18.894,0
18.895,0
18.896,0
18.897,0
18.898,0
18.899,0
18.9,0
18.901,0
18.902,0
18.903,0
18.904,0
18.905,0
18.906,0
18.907,0
18.908,0
18.909,0
18.91,0
18.911,0
18.912,0
18.913,0
18.914,0
18.915,0
18.916,0
18.917,0
18.918,0
18.919,0
18.92,0
18.921,0
18.922,0
18.923,0
18.924,0
18.925,0
18.926,0
18.927,0
18.928,0
18.929,0
18.93,0
18.931,0
18.932,0
18.933,0
18.934,0
18.935,0
18.936,0
18.937,0
18.938,0
18.939,0
18.94,0
18.941,0
18.942,0
18.943,0
18.944,0
18.945,0
18.946,0
18.947,0
18.948,0
18.949,0
18.95,0
18.951,0
18.952,0
18.953,0
18.954,0
18.955,0
18.956,0
18.957,0
18.958,0
18.959,0
18.96,0
18.961,0
18.962,0
18.963,0
18.964,0
18.965,0
18.966,0
18.967,0
18.968,0
18.969,0
18.97,0
18.971,0
18.972,0
18.973,0
18.974,0
18.975,0
18.976,0
18.977,0
18.978,0
18.979,0
18.98,0
18.981,0
18.982,0
18.983,0
18.984,0
18.985,0
18.986,0
18.987,0
18.988,0
18.989,0
18.99,0
18.991,0
18.992,0
18.993,0
18.994,0
18.995,0
18.996,0
18.997,0
18.998,0
18.999,0
19,0
19.001,0
19.002,0
19.003,0
19.004,0
19.005,0
19.006,0
19.007,0
19.008,0
19.009,0
19.01,0
19.011,0
19.012,0
19.013,0
19.014,0
19.015,0
19.016,0
19.017,0
19.018,0
19.019,0
19.02,0
19.021,0
19.022,0
19.023,0
19.024,0
19.025,0
19.026,0
19.027,0
19.028,0
19.029,0
19.03,0
19.031,0
19.032,0
19.033,0
19.034,0
19.035,0
19.036,0
19.037,0
19.038,0
19.039,0
19.04,0
19.041,0
19.042,0
19.043,0
19.044,0
19.045,0
19.046,0
19.047,0
19.048,0
19.049,0
19.05,0
19.051,0
19.052,0
19.053,0
19.054,0
19.055,0
19.056,0
19.057,0
19.058,0
19.059,0
19.06,0
19.061,0
19.062,0
19.063,0
19.064,0
19.065,0
19.066,0
19.067,0
19.068,0
19.069,0
19.07,0
19.071,0
19.072,0
19.073,0
19.074,0
19.075,0
19.076,0
19.077,0
19.078,0
19.079,0
19.08,0
19.081,0
19.082,0
19.083,0
19.084,0
19.085,0
19.086,0
19.087,0
19.088,0
19.089,0
19.09,0
19.091,0
19.092,0
19.093,0
19.094,0
19.095,0
19.096,0
19.097,0
19.098,0
19.099,0
19.1,0
19.101,0
19.102,0
19.103,0
19.104,0
19.105,0
19.106,0
19.107,0
19.108,0
19.109,0
19.11,0
19.111,0
19.112,0
19.113,0
19.114,0
19.115,0
19.116,0
19.117,0
19.118,0
19.119,0
19.12,0
19.121,0
19.122,0
19.123,0
19.124,0
19.125,0
19.126,0
19.127,0
19.128,0
19.129,0
19.13,0
19.131,0
19.132,0
19.133,0
19.134,0
19.135,0
19.136,0
19.137,0
19.138,0
19.139,0
19.14,0
19.141,0
19.142,0
19.143,0
19.144,0
19.145,0
19.146,0
19.147,0
19.148,0
19.149,0
19.15,0
19.151,0
19.152,0
19.153,0
19.154,0
19.155,0
19.156,0
19.157,0
19.158,0
19.159,0
19.16,0
19.161,0
19.162,0
19.163,0
19.164,0
19.165,0
19.166,0
19.167,0
19.168,0
19.169,0
19.17,0
19.171,0
19.172,0
19.173,0
19.174,0
19.175,0
19.176,0
19.177,0
19.178,0
19.179,0
19.18,0
19.181,0
19.182,0
19.183,0
19.184,0
19.185,0
19.186,0
19.187,0
19.188,0
19.189,0
19.19,0
19.191,0
19.192,0
19.193,0
19.194,0
19.195,0
19.196,0
19.197,0
19.198,0
19.199,0
19.2,0
19.201,0
19.202,0
19.203,0
19.204,0
19.205,0
19.206,0
19.207,0
19.208,0
19.209,0
19.21,0
19.211,0
19.212,0
19.213,0
19.214,0
19.215,0
19.216,0
19.217,0
19.218,0
19.219,0
19.22,0
19.221,0
19.222,0
19.223,0
19.224,0
19.225,0
19.226,0
19.227,0
19.228,0
19.229,0
19.23,0
19.231,0
19.232,0
19.233,0
19.234,0
19.235,0
19.236,0
19.237,0
19.238,0
19.239,0
19.24,0
19.241,0
19.242,0
19.243,0
19.244,0
19.245,0
19.246,0
19.247,0
19.248,0
19.249,0
19.25,0
19.251,0
19.252,0
19.253,0
19.254,0
19.255,0
19.256,0
19.257,0
19.258,0
19.259,0
19.26,0
19.261,0
19.262,0
19.263,0
19.264,0
19.265,0
19.266,0
19.267,0
19.268,0
19.269,0
19.27,0
19.271,0
19.272,0
19.273,0
19.274,0
19.275,0
19.276,0
19.277,0
19.278,0
19.279,0
19.28,0
19.281,0
19.282,0
19.283,0
19.284,0
19.285,0
19.286,0
19.287,0
19.288,0
19.289,0
19.29,0
19.291,0
19.292,0
19.293,0
19.294,0
19.295,0
19.296,0
19.297,0
19.298,0
19.299,0
19.3,0
19.301,0
19.302,0
19.303,0
19.304,0
19.305,0
19.306,0
19.307,0
19.308,0
19.309,0
19.31,0
19.311,0
19.312,0
19.313,0
19.314,0
19.315,0
19.316,0
19.317,0
19.318,0
19.319,0
19.32,0
19.321,0
19.322,0
19.323,0
19.324,0
19.325,0
19.326,0
19.327,0
19.328,0
19.329,0
19.33,0
19.331,0
19.332,0
19.333,0
19.334,0
19.335,0
19.336,0
19.337,0
19.338,0
19.339,0
19.34,0
19.341,0
19.342,0
19.343,0
19.344,0
19.345,0
19.346,0
19.347,0
19.348,0
19.349,0
19.35,0
19.351,0
19.352,0
19.353,0
19.354,0
19.355,0
19.356,0
19.357,0
19.358,0
19.359,0
19.36,0
19.361,0
19.362,0
19.363,0
19.364,0
19.365,0
19.366,0
19.367,0
19.368,0
19.369,0
19.37,0
19.371,0
19.372,0
19.373,0
19.374,0
19.375,0
19.376,0
19.377,0
19.378,0
19.379,0
19.38,0
19.381,0
19.382,0
19.383,0
19.384,0
19.385,0
19.386,0
19.387,0
19.388,0
19.389,0
19.39,0
19.391,0
19.392,0
19.393,0
19.394,0
19.395,0
19.396,0
19.397,0
19.398,0
19.399,0
19.4,0
19.401,0
19.402,0
19.403,0
19.404,0
19.405,0
19.406,0
19.407,0
19.408,0
19.409,0
19.41,0
19.411,0
19.412,0
19.413,0
19.414,0
19.415,0
19.416,0
19.417,0
19.418,0
19.419,0
19.42,0
19.421,0
19.422,0
19.423,0
19.424,0
19.425,0
19.426,0
19.427,0
19.428,0
19.429,0
19.43,0
19.431,0
19.432,0
19.433,0
19.434,0
19.435,0
19.436,0
19.437,0
19.438,0
19.439,0
19.44,0
19.441,0
19.442,0
19.443,0
19.444,0
19.445,0
19.446,0
19.447,0
19.448,0
19.449,0
19.45,0
19.451,0
19.452,0
19.453,0
19.454,0
19.455,0
19.456,0
19.457,0
19.458,0
19.459,0
19.46,0
19.461,0
19.462,0
19.463,0
19.464,0
19.465,0
19.466,0
19.467,0
19.468,0
19.469,0
19.47,0
19.471,0
19.472,0
19.473,0
19.474,0
19.475,0
19.476,0
19.477,0
19.478,0
19.479,0
19.48,0
19.481,0
19.482,0
19.483,0
19.484,0
19.485,0
19.486,0
19.487,0
19.488,0
19.489,0
19.49,0
19.491,0
19.492,0
19.493,0
19.494,0
19.495,0
19.496,0
19.497,0
19.498,0
19.499,0
19.5,0
19.501,0
19.502,0
19.503,0
19.504,0
19.505,0
19.506,0
19.507,0
19.508,0
19.509,0
19.51,0
19.511,0
19.512,0
19.513,0
19.514,0
19.515,0
19.516,0
19.517,0
19.518,0
19.519,0
19.52,0
19.521,0
19.5219249758,1
19.522,0
19.523,0
19.524,0
19.525,0
19.526,0
19.527,0
19.528,0
19.529,0
19.53,0
19.531,0
19.532,0
19.533,0
19.534,0
19.535,0
19.536,0
19.537,0
19.538,0
19.539,0
19.54,0
19.541,0
19.542,0
19.543,0
19.544,0
19.545,0
19.546,0
19.547,0
19.548,0
19.549,0
19.55,0
19.551,0
19.552,0
19.553,0
19.554,0
19.555,0
19.556,0
19.557,0
19.558,0
19.559,0
19.56,0
19.561,0
19.562,0
19.563,0
19.564,0
19.565,0
19.566,0
19.567,0
19.568,0
19.569,0
19.57,0
19.571,0
19.572,0
19.573,0
19.574,0
19.575,0
19.576,0
19.577,0
19.578,0
19.579,0
19.58,0
19.581,0
19.582,0
19.583,0
19.584,0
19.585,0
19.586,0
19.587,0
19.588,0
19.589,0
19.59,0
19.591,0
19.592,0
19.593,0
19.594,0
19.595,0
19.596,0
19.597,0
19.598,0
19.599,0
19.6,0
19.601,0
19.602,0
19.603,0
19.604,0
19.605,0
19.606,0
19.607,0
19.608,0
19.609,0
19.61,0
19.611,0
19.612,0
19.613,0
19.614,0
19.615,0
19.619,0
19.62,0
19.621,0
19.622,0
19.623,0
19.624,0
19.625,0
19.626,0
19.627,0
19.628,0
19.629,0
19.63,0
19.631,0
19.632,0
19.633,0
19.634,0
19.635,0
19.636,0
19.637,0
19.638,0
19.639,0
19.64,0
19.641,0
19.642,0
19.643,0
19.644,0
19.645,0
19.646,0
19.647,0
19.648,0
19.649,0
19.65,0
19.653,0
19.654,0
19.655,0
19.656,0
19.657,0
19.658,0
19.659,0
19.66,0
19.661,0
19.662,0
19.663,0
19.664,0
19.665,0
19.666,0
19.667,0
19.668,0
19.669,0
19.67,0
19.671,0
19.672,0
19.673,0
19.674,0
19.675,0
19.676,0
19.677,0
19.678,0
19.679,0
19.68,0
19.681,0
19.682,0
19.683,0
19.684,0
19.685,0
19.686,0
19.687,0
19.688,0
19.689,0
19.69,0
19.691,0
19.692,0
19.693,0
19.694,0
19.695,0
19.697,0
19.698,0
19.699,0
19.7,0
19.701,0
19.702,0
19.703,0
19.704,0
19.705,0
19.706,0
19.707,0
19.708,0
19.709,0
19.71,0
19.711,0
19.712,0
19.713,0
19.714,0
19.715,0
19.716,0
19.717,0
19.718,0
19.719,0
19.72,0
19.721,0
19.722,0
19.723,0
19.724,0
19.725,0
19.726,0
19.727,0
19.728,0
19.73,0
19.731,0
19.732,0
19.733,0
19.734,0
19.735,0
19.736,0
19.737,0
19.738,0
19.739,0
19.74,0
19.741,0
19.742,0
19.743,0
19.744,0
19.745,0
19.746,0
19.747,0
19.748,0
19.749,0
19.75,0
19.751,0
19.752,0
19.753,0
19.754,0
19.755,0
19.756,0
19.757,0
19.758,0
19.759,0
19.76,0
19.761,0
19.762,0
19.763,0
19.764,0
19.765,0
19.766,0
19.767,0
19.768,0
19.769,0
19.77,0
19.771,0
19.772,0
19.773,0
19.774,0
19.775,0
19.776,0
19.777,0
19.778,0
19.779,0
19.78,0
19.781,0
19.782,0
19.783,0
19.784,0
19.785,0
19.786,0
19.787,0
19.788,0
19.789,0
19.79,0
19.791,0
19.792,0
19.793,0
19.794,0
19.795,0
19.796,0
19.797,0
19.798,0
19.799,0
19.8,0
19.801,0
19.802,0
19.803,0
19.804,0
19.805,0
19.806,0
19.807,0
19.808,0
19.809,0
19.81,0
19.811,0
19.812,0
19.813,0
19.814,0
19.815,0
19.816,0
19.817,0
19.818,0
19.819,0
19.82,0
19.821,0
19.822,0
19.823,0
19.824,0
19.825,0
19.826,0
19.827,0
19.828,0
19.829,0
19.83,0
19.831,0
19.832,0
19.833,0
19.834,0
19.835,0
19.836,0
19.837,0
19.838,0
19.839,0
19.84,0
19.841,0
19.842,0
19.843,0
19.844,0
19.845,0
19.846,0
19.847,0
19.848,0
19.849,0
19.85,0
19.851,0
19.852,0
19.853,0
19.854,0
19.855,0
19.856,0
19.857,0
19.858,0
19.859,0
19.86,0
19.861,0
19.862,0
19.863,0
19.864,0
19.865,0
19.866,0
19.867,0
19.868,0
19.869,0
19.87,0
19.871,0
19.872,0
19.873,0
19.874,0
19.875,0
19.876,0
19.877,0
19.878,0
19.879,0
19.88,0
19.881,0
19.882,0
19.883,0
19.884,0
19.885,0
19.886,0
19.887,0
19.888,0
19.889,0
19.89,0
19.891,0
19.892,0
19.893,0
19.894,0
19.895,0
19.896,0
19.897,0
19.898,0
19.899,0
19.9,0
19.901,0
19.902,0
19.903,0
19.904,0
19.905,0
19.906,0
19.907,0
19.908,0
19.909,0
19.91,0
19.911,0
19.912,0
19.913,0
19.914,0
19.915,0
19.916,0
19.917,0
19.918,0
19.919,0
19.92,0
19.921,0
19.922,0
19.923,0
19.924,0
19.925,0
19.926,0
19.927,0
19.928,0
19.929,0
19.93,0
19.931,0
19.932,0
19.933,0
19.934,0
19.935,0
19.936,0
19.937,0
19.938,0
19.939,0
19.94,0
19.941,0
19.942,0
19.943,0
19.944,0
19.945,0
19.946,0
19.947,0
19.948,0
19.949,0
19.95,0
19.951,0
19.952,0
19.953,0
19.954,0
19.955,0
19.956,0
19.957,0
19.958,0
19.959,0
19.96,0
19.961,0
19.962,0
19.963,0
19.964,0
19.965,0
19.966,0
19.967,0
19.968,0
19.969,0
19.97,0
19.971,0
19.972,0
19.973,0
19.974,0
19.975,0
19.976,0
19.977,0
19.978,0
19.979,0
19.98,0
19.981,0
19.982,0
19.983,0
19.984,0
19.985,0
19.986,0
19.987,0
19.988,0
19.989,0
19.99,0
19.991,0
19.992,0
19.993,0
19.994,0
19.995,0
19.996,0
19.997,0
19.998,0
19.999,0
20,0
20.001,0
20.002,0
20.003,0
20.004,0
20.005,0
20.006,0
20.007,0
20.008,0
20.009,0
20.01,0
20.011,0
20.012,0
20.013,0
20.014,0
20.015,0
20.016,0
20.017,0
20.018,0
20.019,0
20.02,0
20.021,0
20.022,0
20.023,0
20.024,0
20.025,0
20.026,0
20.027,0
20.028,0
20.029,0
20.03,0
20.031,0
20.032,0
20.033,0
20.034,0
20.035,0
20.036,0
20.037,0
20.038,0
20.039,0
20.04,0
20.041,0
20.042,0
20.043,0
20.044,0
20.045,0
20.046,0
20.047,0
20.048,0
20.049,0
20.05,0
20.051,0
20.052,0
20.053,0
20.054,0
20.055,0
20.056,0
20.057,0
20.058,0
20.059,0
20.06,0
20.061,0
20.062,0
20.063,0
20.064,0
20.065,0
20.066,0
20.067,0
20.068,0
20.069,0
20.07,0
20.071,0
20.072,0
20.073,0
20.074,0
20.075,0
20.076,0
20.077,0
20.078,0
20.079,0
20.08,0
20.081,0
20.082,0
20.083,0
20.084,0
20.085,0
20.086,0
20.087,0
20.088,0
20.089,0
20.09,0
20.091,0
20.092,0
20.093,0
20.094,0
20.095,0
20.096,0
20.097,0
20.098,0
20.099,0
20.1,0
20.101,0
20.102,0
20.103,0
20.104,0
20.105,0
20.106,0
20.107,0
20.108,0
20.109,0
20.11,0
20.111,0
20.112,0
20.113,0
20.114,0
20.115,0
20.116,0
20.117,0
20.118,0
20.119,0
20.12,0
20.121,0
20.122,0
20.123,0
20.124,0
20.126,0
20.127,0
20.128,0
20.129,0
20.13,0
20.131,0
20.132,0
20.133,0
20.134,0
20.135,0
20.136,0
20.137,0
20.138,0
20.139,0
20.14,0
20.141,0
20.142,0
20.143,0
20.144,0
20.145,0
20.146,0
20.147,0
20.148,0
20.149,0
20.15,0
20.151,0
20.152,0
20.153,0
20.154,0
20.155,0
20.156,0
20.157,0
20.158,0
20.159,0
20.16,0
20.161,0
20.162,0
20.163,0
20.164,0
20.165,0
20.166,0
20.167,0
20.168,0
20.169,0
20.17,0
20.171,0
20.172,0
20.173,0
20.174,0
20.175,0
20.176,0
20.177,0
20.178,0
20.179,0
20.18,0
20.181,0
20.182,0
20.183,0
20.184,0
20.185,0
20.186,0
20.187,0
20.188,0
20.189,0
20.19,0
20.191,0
20.192,0
20.193,0
20.194,0
20.195,0
20.196,0
20.205,0
20.206,0
20.207,0
20.208,0
20.209,0
20.21,0
20.211,0
20.212,0
20.213,0
20.214,0
20.215,0
20.216,0
20.217,0
20.218,0
20.219,0
20.22,0
20.221,0
20.222,0
20.223,0
20.224,0
20.225,0
20.226,0
20.227,0
20.228,0
20.229,0
20.23,0
20.231,0
20.232,0
20.233,0
20.234,0
20.235,0
20.236,0
20.237,0
20.238,0
20.239,0
20.24,0
20.241,0
20.242,0
20.243,0
20.244,0
20.245,0
20.246,0
20.247,0
20.248,0
20.249,0
20.25,0
20.251,0
20.252,0
20.253,0
20.254,0
20.255,0
20.256,0
20.257,0
20.258,0
20.259,0
20.26,0
20.261,0
20.262,0
20.263,0
20.264,0
20.265,0
20.266,0
20.267,0
20.268,0
20.269,0
20.27,0
20.271,0
20.272,0
20.273,0
20.274,0
20.275,0
20.276,0
20.277,0
20.278,0
20.279,0
20.28,0
20.281,0
20.282,0
20.283,0
20.284,0
20.285,0
20.286,0
20.287,0
20.288,0
20.289,0
20.29,0
20.291,0
20.292,0
20.293,0
20.294,0
20.295,0
20.296,0
20.297,0
20.298,0
20.299,0
20.3,0
20.301,0
20.302,0
20.303,0
20.304,0
20.305,0
20.306,0
20.307,0
20.308,0
20.309,0
20.31,0
20.311,0
20.312,0
20.313,0
20.314,0
20.315,0
20.316,0
20.317,0
20.318,0
20.319,0
20.32,0
20.321,0
20.322,0
20.323,0
20.324,0
20.325,0
20.326,0
20.327,0
20.328,0
20.329,0
20.33,0
20.331,0
20.332,0
20.333,0
20.334,0
20.335,0
20.336,0
20.337,0
20.338,0
20.339,0
20.34,0
20.341,0
20.342,0
20.343,0
20.344,0
20.345,0
20.346,0
20.347,0
20.348,0
20.349,0
20.35,0
20.351,0
20.352,0
20.353,0
20.354,0
20.355,0
20.356,0
20.357,0
20.358,0
20.359,0
20.36,0
20.361,0
20.362,0
20.363,0
20.364,0
20.365,0
20.366,0
20.367,0
20.368,0
20.369,0
20.37,0
20.371,0
20.372,0
20.373,0
20.374,0
20.375,0
20.376,0
20.377,0
20.378,0
20.379,0
20.38,0
20.381,0
20.382,0
20.383,0
20.384,0
20.385,0
20.386,0
20.387,0
20.388,0
20.389,0
20.39,0
20.391,0
20.392,0
20.393,0
20.394,0
20.395,0
20.396,0
20.397,0
20.398,0
20.399,0
20.4,0
20.401,0
20.402,0
20.403,0
20.404,0
20.405,0
20.406,0
20.407,0
20.408,0
20.409,0
20.41,0
20.411,0
20.412,0
20.413,0
20.414,0
20.415,0
20.416,0
20.417,0
20.418,0
20.419,0
20.42,0
20.421,0
20.422,0
20.423,0
20.424,0
20.425,0
20.426,0
20.427,0
20.428,0
20.429,0
20.43,0
20.431,0
20.432,0
20.433,0
20.434,0
20.435,0
20.436,0
20.437,0
20.438,0
20.439,0
20.44,0
20.441,0
20.442,0
20.443,0
20.444,0
20.445,0
20.446,0
20.447,0
20.448,0
20.449,0
20.45,0
20.451,0
20.452,0
20.453,0
20.454,0
20.455,0
20.456,0
20.457,0
20.458,0
20.459,0
20.46,0
20.461,0
20.462,0
20.463,0
20.464,0
20.465,0
20.466,0
20.467,0
20.468,0
20.469,0
20.47,0
20.471,0
20.472,0
20.473,0
20.474,0
20.475,0
20.476,0
20.477,0
20.478,0
20.479,0
20.48,0
20.481,0
20.482,0
20.483,0
20.484,0
20.485,0
20.486,0
20.487,0
20.488,0
20.489,0
20.49,0
20.491,0
20.492,0
20.493,0
20.494,0
20.495,0
20.496,0
20.497,0
20.498,0
20.499,0
20.5,0
20.501,0
20.502,0
20.503,0
20.504,0
20.505,0
20.506,0
20.507,0
20.508,0
20.509,0
20.51,0
20.511,0
20.512,0
20.513,0
20.514,0
20.515,0
20.516,0
20.517,0
20.518,0
20.519,0
20.52,0
20.521,0
20.522,0
20.523,0
20.524,0
20.525,0
20.526,0
20.527,0
20.528,0
20.529,0
20.53,0
20.531,0
20.532,0
20.533,0
20.534,0
20.535,0
20.536,0
20.537,0
20.538,0
20.539,0
20.54,0
20.541,0
20.542,0
20.543,0
20.544,0
20.545,0
20.546,0
20.547,0
20.548,0
20.549,0
20.55,0
20.551,0
20.552,0
20.553,0
20.554,0
20.555,0
20.556,0
20.557,0
20.558,0
20.559,0
20.56,0
20.561,0
20.562,0
20.563,0
20.564,0
20.565,0
20.566,0
20.567,0
20.568,0
20.569,0
20.57,0
20.571,0
20.572,0
20.573,0
20.574,0
20.575,0
20.576,0
20.577,0
20.578,0
20.579,0
20.58,0
20.581,0
20.582,0
20.583,0
20.584,0
20.585,0
20.586,0
20.587,0
20.62,0
20.621,0
20.622,0
20.623,0
20.624,0
20.625,0
20.626,0
20.627,0
20.628,0
20.629,0
20.63,0
20.631,0
20.632,0
20.633,0
20.634,0
20.635,0
20.636,0
20.637,0
20.638,0
20.639,0
20.64,0
20.65,0
20.651,0
20.652,0
20.653,0
20.654,0
20.655,0
20.656,0
20.657,0
20.658,0
20.659,0
20.66,0
20.661,0
20.662,0
20.663,0
20.664,0
20.665,0
20.666,0
20.667,0
20.668,0
20.669,0
20.67,0
20.671,0
20.672,0
20.673,0
20.674,0
20.675,0
20.676,0
20.677,0
20.678,0
20.679,0
20.68,0
20.681,0
20.682,0
20.683,0
20.684,0
20.685,0
20.686,0
20.687,0
20.688,0
20.689,0
20.69,0
20.691,0
20.692,0
20.693,0
20.694,0
20.695,0
20.696,0
20.697,0
20.698,0
20.699,0
20.7,0
20.701,0
20.702,0
20.703,0
20.704,0
20.705,0
20.706,0
20.707,0
20.708,0
20.709,0
20.71,0
20.711,0
20.712,0
20.713,0
20.714,0
20.715,0
20.716,0
20.717,0
20.718,0
20.719,0
20.72,0
20.721,0
20.722,0
20.723,0
20.724,0
20.725,0
20.726,0
20.727,0
20.728,0
20.729,0
20.73,0
20.731,0
20.732,0
20.733,0
20.734,0
20.735,0
20.736,0
20.737,0
20.738,0
20.739,0
20.74,0
20.741,0
20.742,0
20.743,0
20.744,0
20.745,0
20.746,0
20.747,0
20.748,0
20.749,0
20.75,0
20.751,0
20.752,0
20.753,0
20.754,0
20.755,0
20.756,0
20.757,0
20.758,0
20.759,0
20.76,0
20.761,0
20.762,0
20.763,0
20.764,0
20.765,0
20.766,0
20.767,0
20.768,0
20.769,0
20.77,0
20.771,0
20.772,0
20.773,0
20.774,0
20.775,0
20.776,0
20.777,0
20.778,0
20.779,0
20.78,0
20.781,0
20.782,0
20.783,0
20.784,0
20.785,0
20.786,0
20.787,0
20.788,0
20.789,0
20.79,0
20.791,0
20.792,0
20.793,0
20.794,0
20.795,0
20.796,0
20.797,0
20.798,0
20.799,0
20.8,0
20.801,0
20.802,0
20.803,0
20.804,0
20.805,0
20.806,0
20.807,0
20.808,0
20.809,0
20.81,0
20.811,0
20.812,0
20.813,0
20.814,0
20.815,0
20.816,0
20.817,0
20.818,0
20.819,0
20.82,0
20.821,0
20.822,0
20.823,0
20.824,0
20.825,0
20.826,0
20.827,0
20.828,0
20.829,0
20.83,0
20.831,0
20.832,0
20.833,0
20.834,0
20.835,0
20.836,0
20.837,0
20.838,0
20.839,0
20.84,0
20.841,0
20.842,0
20.843,0
20.844,0
20.845,0
20.846,0
20.847,0
20.848,0
20.849,0
20.85,0
20.851,0
20.852,0
20.853,0
20.854,0
20.855,0
20.856,0
20.857,0
20.858,0
20.859,0
20.86,0
20.861,0
20.862,0
20.863,0
20.864,0
20.865,0
20.866,0
20.867,0
20.868,0
20.869,0
20.87,0
20.871,0
20.872,0
20.873,0
20.874,0
20.875,0
20.876,0
20.877,0
20.878,0
20.879,0
20.88,0
20.881,0
20.882,0
20.883,0
20.884,0
20.885,0
20.886,0
20.887,0
20.888,0
20.889,0
20.89,0
20.891,0
20.892,0
20.893,0
20.894,0
20.895,0
20.896,0
20.897,0
20.898,0
20.899,0
20.9,0
20.901,0
20.902,0
20.903,0
20.904,0
20.905,0
20.906,0
20.907,0
20.908,0
20.909,0
20.91,0
20.911,0
20.912,0
20.913,0
20.914,0
20.915,0
20.916,0
20.917,0
20.918,0
20.919,0
20.92,0
20.921,0
20.922,0
20.923,0
20.924,0
20.925,0
20.926,0
20.927,0
20.928,0
20.929,0
20.93,0
20.931,0
20.932,0
20.933,0
20.934,0
20.935,0
20.936,0
20.937,0
20.938,0
20.939,0
20.94,0
20.941,0
20.942,0
20.943,0
20.944,0
20.945,0
20.946,0
20.947,0
20.948,0
20.949,0
20.95,0
20.951,0
20.952,0
20.953,0
20.954,0
20.955,0
20.956,0
20.957,0
20.958,0
20.959,0
20.96,0
20.961,0
20.962,0
20.963,0
20.964,0
20.965,0
20.966,0
20.967,0
20.968,0
20.969,0
20.97,0
20.971,0
20.972,0
20.973,0
20.974,0
20.975,0
20.976,0
20.977,0
20.978,0
20.979,0
20.98,0
20.981,0
20.982,0
20.983,0
20.984,0
20.985,0
20.986,0
20.987,0
20.988,0
20.989,0
20.99,0
20.991,0
20.992,0
20.993,0
20.994,0
20.995,0
20.996,0
20.997,0
20.998,0
20.999,0
21,0
21.001,0
21.002,0
21.003,0
21.004,0
21.005,0
21.006,0
21.007,0
21.008,0
21.009,0
21.01,0
21.011,0
21.012,0
21.013,0
21.014,0
21.015,0
21.016,0
21.017,0
21.018,0
21.019,0
21.02,0
21.021,0
21.022,0
21.023,0
21.024,0
21.025,0
21.026,0
21.027,0
21.028,0
21.029,0
21.03,0
21.031,0
21.032,0
21.033,0
21.034,0
21.035,0
21.036,0
21.037,0
21.038,0
21.039,0
21.04,0
21.041,0
21.042,0
21.043,0
21.044,0
21.045,0
21.046,0
21.047,0
21.048,0
21.049,0
21.05,0
21.051,0
21.052,0
21.053,0
21.054,0
21.055,0
21.056,0
21.057,0
21.058,0
21.059,0
21.06,0
21.061,0
21.062,0
21.063,0
21.064,0
21.065,0
21.066,0
21.067,0
21.068,0
21.069,0
21.07,0
21.071,0
21.072,0
21.073,0
21.074,0
21.075,0
21.076,0
21.077,0
21.078,0
21.079,0
21.08,0
21.081,0
21.082,0
21.083,0
21.084,0
21.085,0
21.086,0
21.087,0
21.088,0
21.089,0
21.09,0
21.091,0
21.092,0
21.093,0
21.094,0
21.095,0
21.096,0
21.097,0
21.098,0
21.0989146938,1
21.099,0
21.1,0
21.101,0
21.102,0
21.103,0
21.104,0
21.105,0
21.106,0
21.107,0
21.108,0
21.109,0
21.11,0
21.111,0
21.112,0
21.113,0
21.114,0
21.115,0
21.116,0
21.117,0
21.118,0
21.119,0
21.12,0
21.121,0
21.122,0
21.123,0
21.124,0
21.125,0
21.126,0
21.127,0
21.128,0
21.129,0
21.13,0
21.131,0
21.132,0
21.133,0
21.134,0
21.135,0
21.136,0
21.137,0
21.138,0
21.139,0
21.14,0
21.141,0
21.142,0
21.143,0
21.144,0
21.145,0
21.146,0
21.147,0
21.148,0
21.149,0
21.15,0
21.151,0
21.152,0
21.153,0
21.154,0
21.155,0
21.156,0
21.157,0
21.158,0
21.159,0
21.16,0
21.161,0
21.162,0
21.163,0
21.164,0
21.165,0
21.166,0
21.167,0
21.168,0
21.169,0
21.17,0
21.171,0
21.172,0
21.173,0
21.174,0
21.175,0
21.176,0
21.177,0
21.178,0
21.179,0
21.18,0
21.181,0
21.182,0
21.183,0
21.184,0
21.185,0
21.186,0
21.187,0
21.188,0
21.189,0
21.19,0
21.191,0
21.192,0
21.195,0
21.196,0
21.197,0
21.198,0
21.199,0
21.2,0
21.201,0
21.202,0
21.203,0
21.204,0
21.206,0
21.207,0
21.208,0
21.209,0
21.21,0
21.211,0
21.212,0
21.213,0
21.214,0
21.215,0
21.216,0
21.217,0
21.218,0
21.219,0
21.22,0
21.221,0
21.222,0
21.223,0
21.224,0
21.225,0
21.226,0
21.227,0
21.228,0
21.229,0
21.23,0
21.231,0
21.232,0
21.233,0
21.234,0
21.235,0
21.236,0
21.237,0
21.238,0
21.239,0
21.24,0
21.241,0
21.242,0
21.243,0
21.244,0
21.245,0
21.246,0
21.247,0
21.25,0
21.251,0
21.252,0
21.253,0
21.254,0
21.255,0
21.256,0
21.257,0
21.258,0
21.259,0
21.26,0
21.261,0
21.262,0
21.263,0
21.264,0
21.265,0
21.266,0
21.267,0
21.268,0
21.269,0
21.27,0
21.271,0
21.272,0
21.273,0
21.274,0
21.275,0
21.276,0
21.277,0
21.278,0
21.279,0
21.28,0
21.281,0
21.283,0
21.284,0
21.285,0
21.286,0
21.287,0
21.288,0
21.289,0
21.29,0
21.291,0
21.292,0
21.293,0
21.294,0
21.295,0
21.296,0
21.297,0
21.298,0
21.299,0
21.3,0
21.301,0
21.302,0
21.303,0
21.304,0
21.305,0
21.306,0
21.307,0
21.308,0
21.309,0
21.31,0
21.311,0
21.312,0
21.313,0
21.314,0
21.315,0
21.316,0
21.317,0
21.318,0
21.319,0
21.32,0
21.321,0
21.322,0
21.323,0
21.324,0
21.325,0
21.326,0
21.327,0
21.328,0
21.329,0
21.33,0
21.331,0
21.332,0
21.333,0
21.334,0
21.335,0
21.336,0
21.337,0
21.338,0
21.339,0
21.34,0
21.341,0
21.342,0
21.343,0
21.344,0
21.345,0
21.346,0
21.347,0
21.348,0
21.349,0
21.35,0
21.351,0
21.352,0
21.353,0
21.354,0
21.355,0
21.356,0
21.357,0
21.358,0
21.359,0
21.36,0
21.361,0
21.362,0
21.363,0
21.364,0
21.365,0
21.366,0
21.367,0
21.368,0
21.369,0
21.37,0
21.371,0
21.372,0
21.373,0
21.374,0
21.375,0
21.376,0
21.377,0
21.378,0
21.379,0
21.38,0
21.381,0
21.382,0
21.383,0
21.384,0
21.385,0
21.386,0
21.387,0
21.388,0
21.389,0
21.39,0
21.391,0
21.392,0
21.393,0
21.394,0
21.395,0
21.396,0
21.397,0
21.398,0
21.399,0
21.4,0
21.401,0
21.402,0
21.403,0
21.404,0
21.405,0
21.406,0
21.407,0
21.408,0
21.409,0
21.41,0
21.411,0
21.412,0
21.413,0
21.414,0
21.415,0
21.416,0
21.417,0
21.418,0
21.419,0
21.42,0
21.421,0
21.422,0
21.423,0
21.424,0
21.425,0
21.426,0
21.427,0
21.428,0
21.429,0
21.43,0
21.431,0
21.432,0
21.433,0
21.434,0
21.435,0
21.436,0
21.437,0
21.438,0
21.439,0
21.44,0
21.441,0
21.442,0
21.443,0
21.444,0
21.445,0
21.446,0
21.447,0
21.448,0
21.449,0
21.45,0
21.451,0
21.452,0
21.453,0
21.454,0
21.455,0
21.456,0
21.457,0
21.458,0
21.459,0
21.46,0
21.461,0
21.462,0
21.463,0
21.464,0
21.465,0
21.466,0
21.467,0
21.468,0
21.469,0
21.47,0
21.471,0
21.472,0
21.473,0
21.474,0
21.475,0
21.476,0
21.477,0
21.478,0
21.479,0
21.48,0
21.481,0
21.482,0
21.483,0
21.484,0
21.485,0
21.486,0
21.487,0
21.488,0
21.489,0
21.49,0
21.491,0
21.492,0
21.493,0
21.494,0
21.495,0
21.496,0
21.497,0
21.498,0
21.499,0
21.5,0
21.501,0
21.502,0
21.503,0
21.504,0
21.505,0
21.506,0
21.507,0
21.508,0
21.509,0
21.51,0
21.511,0
21.512,0
21.513,0
21.514,0
21.515,0
21.516,0
21.517,0
21.518,0
21.519,0
21.52,0
21.521,0
21.522,0
21.523,0
21.524,0
21.525,0
21.526,0
21.527,0
21.528,0
21.529,0
21.53,0
21.531,0
21.532,0
21.533,0
21.534,0
21.537,0
21.538,0
21.539,0
21.54,0
21.541,0
21.542,0
21.543,0
21.544,0
21.546,0
21.547,0
21.548,0
21.549,0
21.55,0
21.551,0
21.552,0
21.553,0
21.554,0
21.555,0
21.556,0
21.557,0
21.558,0
21.559,0
21.56,0
21.561,0
21.562,0
21.563,0
21.564,0
21.565,0
21.566,0
21.567,0
21.568,0
21.569,0
21.57,0
21.571,0
21.572,0
21.573,0
21.574,0
21.575,0
21.576,0
21.577,0
21.578,0
21.579,0
21.58,0
21.581,0
21.582,0
21.583,0
21.584,0
21.585,0
21.586,0
21.587,0
21.588,0
21.589,0
21.59,0
21.591,0
21.592,0
21.593,0
21.594,0
21.595,0
21.596,0
21.597,0
21.598,0
21.599,0
21.6,0
21.601,0
21.602,0
21.603,0
21.604,0
21.605,0
21.606,0
21.607,0
21.608,0
21.609,0
21.61,0
21.611,0
21.612,0
21.613,0
21.614,0
21.615,0
21.616,0
21.617,0
21.618,0
21.619,0
21.62,0
21.621,0
21.622,0
21.623,0
21.624,0
21.625,0
21.626,0
21.627,0
21.628,0
21.629,0
21.63,0
21.631,0
21.632,0
21.633,0
21.634,0
21.635,0
21.636,0
21.637,0
21.638,0
21.639,0
21.64,0
21.641,0
21.642,0
21.643,0
21.644,0
21.645,0
21.646,0
21.647,0
21.648,0
21.649,0
21.65,0
21.651,0
21.652,0
21.653,0
21.654,0
21.655,0
21.656,0
21.657,0
21.658,0
21.659,0
21.66,0
21.661,0
21.662,0
21.663,0
21.664,0
21.665,0
21.666,0
21.667,0
21.668,0
21.669,0
21.67,0
21.671,0
21.672,0
21.673,0
21.674,0
21.675,0
21.676,0
21.677,0
21.678,0
21.679,0
21.68,0
21.681,0
21.682,0
21.683,0
21.684,0
21.685,0
21.686,0
21.687,0
21.688,0
21.689,0
21.69,0
21.691,0
21.692,0
21.693,0
21.694,0
21.695,0
21.696,0
21.697,0
21.698,0
21.699,0
21.7,0
21.701,0
21.702,0
21.703,0
21.704,0
21.705,0
21.706,0
21.707,0
21.708,0
21.709,0
21.71,0
21.711,0
21.712,0
21.713,0
21.714,0
21.715,0
21.716,0
21.717,0
21.718,0
21.719,0
21.72,0
21.721,0
21.722,0
21.723,0
21.724,0
21.725,0
21.726,0
21.727,0
21.728,0
21.729,0
21.73,0
21.731,0
21.732,0
21.733,0
21.734,0
21.735,0
21.736,0
21.737,0
21.738,0
21.739,0
21.74,0
21.741,0
21.742,0
21.743,0
21.744,0
21.745,0
21.746,0
21.747,0
21.748,0
21.749,0
21.75,0
21.751,0
21.752,0
21.753,0
21.754,0
21.755,0
21.756,0
21.757,0
21.758,0
21.759,0
21.76,0
21.761,0
21.762,0
21.763,0
21.764,0
21.765,0
21.766,0
21.767,0
21.768,0
21.769,0
21.77,0
21.771,0
21.772,0
21.773,0
21.774,0
21.775,0
21.776,0
21.777,0
21.778,0
21.779,0
21.78,0
21.781,0
21.782,0
21.783,0
21.784,0
21.785,0
21.786,0
21.787,0
21.788,0
21.789,0
21.79,0
21.791,0
21.792,0
21.793,0
21.794,0
21.795,0
21.796,0
21.797,0
21.798,0
21.799,0
21.8,0
21.801,0
21.802,0
21.803,0
21.804,0
21.805,0
21.806,0
21.807,0
21.808,0
21.809,0
21.81,0
21.811,0
21.812,0
21.813,0
21.814,0
21.815,0
21.816,0
21.817,0
21.818,0
21.819,0
21.82,0
21.821,0
21.822,0
21.823,0
21.824,0
21.825,0
21.826,0
21.827,0
21.828,0
21.829,0
21.83,0
21.831,0
21.832,0
21.833,0
21.834,0
21.835,0
21.836,0
21.837,0
21.838,0
21.839,0
21.84,0
21.841,0
21.842,0
21.843,0
21.844,0
21.845,0
21.846,0
21.847,0
21.848,0
21.849,0
21.85,0
21.851,0
21.852,0
21.853,0
21.854,0
21.855,0
21.856,0
21.857,0
21.858,0
21.859,0
21.86,0
21.861,0
21.862,0
21.863,0
21.864,0
21.865,0
21.866,0
21.867,0
21.868,0
21.869,0
21.87,0
21.871,0
21.872,0
21.873,0
21.874,0
21.875,0
21.876,0
21.877,0
21.878,0
21.879,0
21.88,0
21.881,0
21.882,0
21.883,0
21.884,0
21.885,0
21.886,0
21.887,0
21.888,0
21.889,0
21.89,0
21.891,0
21.892,0
21.893,0
21.894,0
21.895,0
21.896,0
21.897,0
21.898,0
21.899,0
21.9,0
21.901,0
21.902,0
21.903,0
21.904,0
21.905,0
21.906,0
21.907,0
21.908,0
21.909,0
21.91,0
21.911,0
21.912,0
21.913,0
21.914,0
21.915,0
21.916,0
21.917,0
21.918,0
21.919,0
21.92,0
21.921,0
21.922,0
21.923,0
21.924,0
21.925,0
21.926,0
21.927,0
21.928,0
21.929,0
21.93,0
21.931,0
21.932,0
21.933,0
21.934,0
21.935,0
21.936,0
21.937,0
21.938,0
21.939,0
21.94,0
21.941,0
21.942,0
21.943,0
21.944,0
21.945,0
21.946,0
21.947,0
21.948,0
21.949,0
21.95,0
21.951,0
21.952,0
21.953,0
21.954,0
21.955,0
21.956,0
21.957,0
21.958,0
21.959,0
21.96,0
21.961,0
21.962,0
21.963,0
21.964,0
21.965,0
21.966,0
21.967,0
21.968,0
21.969,0
21.97,0
21.971,0
21.972,0
21.973,0
21.974,0
21.975,0
21.976,0
21.977,0
21.978,0
21.979,0
21.98,0
21.981,0
21.982,0
21.983,0
21.984,0
21.985,0
21.986,0
21.987,0
21.988,0
21.989,0
21.99,0
21.991,0
21.992,0
21.993,0
21.994,0
21.995,0
21.996,0
21.997,0
21.998,0
21.999,0
22,0
22.001,0
22.002,0
22.003,0
22.004,0
22.005,0
22.006,0
22.007,0
22.008,0
22.009,0
22.01,0
22.011,0
22.012,0
22.013,0
22.014,0
22.015,0
22.016,0
22.017,0
22.018,0
22.019,0
22.02,0
22.021,0
22.022,0
22.023,0
22.024,0
22.025,0
22.026,0
22.027,0
22.028,0
22.029,0
22.03,0
22.031,0
22.032,0
22.033,0
22.034,0
22.035,0
22.036,0
22.037,0
22.038,0
22.039,0
22.04,0
22.041,0
22.042,0
22.043,0
22.044,0
22.045,0
22.046,0
22.047,0
22.048,0
22.049,0
22.05,0
22.051,0
22.052,0
22.053,0
22.054,0
22.055,0
22.056,0
22.057,0
22.058,0
22.059,0
22.06,0
22.061,0
22.062,0
22.063,0
22.064,0
22.065,0
22.066,0
22.067,0
22.068,0
22.069,0
22.07,0
22.071,0
22.072,0
22.073,0
22.074,0
22.075,0
22.076,0
22.077,0
22.078,0
22.079,0
22.08,0
22.081,0
22.082,0
22.083,0
22.084,0
22.085,0
22.086,0
22.087,0
22.088,0
22.089,0
22.09,0
22.091,0
22.092,0
22.093,0
22.094,0
22.095,0
22.096,0
22.097,0
22.098,0
22.099,0
22.1,0
22.101,0
22.102,0
22.103,0
22.104,0
22.105,0
22.106,0
22.107,0
22.108,0
22.109,0
22.11,0
22.111,0
22.112,0
22.113,0
22.114,0
22.115,0
22.116,0
22.117,0
22.118,0
22.119,0
22.12,0
22.121,0
22.122,0
22.123,0
22.124,0
22.125,0
22.126,0
22.127,0
22.128,0
22.129,0
22.13,0
22.131,0
22.132,0
22.133,0
22.134,0
22.135,0
22.136,0
22.137,0
22.138,0
22.139,0
22.14,0
22.141,0
22.142,0
22.143,0
22.144,0
22.145,0
22.146,0
22.147,0
22.148,0
22.149,0
22.15,0
22.151,0
22.152,0
22.153,0
22.154,0
22.155,0
22.156,0
22.157,0
22.158,0
22.159,0
22.16,0
22.161,0
22.162,0
22.163,0
22.164,0
22.165,0
22.166,0
22.167,0
22.168,0
22.169,0
22.17,0
22.171,0
22.172,0
22.173,0
22.174,0
22.175,0
22.176,0
22.177,0
22.178,0
22.179,0
22.18,0
22.181,0
22.182,0
22.183,0
22.184,0
22.185,0
22.186,0
22.187,0
22.188,0
22.189,0
22.19,0
22.191,0
22.192,0
22.193,0
22.194,0
22.195,0
22.196,0
22.197,0
22.198,0
22.199,0
22.2,0
22.201,0
22.202,0
22.203,0
22.204,0
22.205,0
22.206,0
22.207,0
22.208,0
22.209,0
22.21,0
22.211,0
22.212,0
22.213,0
22.214,0
22.215,0
22.216,0
22.217,0
22.218,0
22.219,0
22.22,0
22.221,0
22.222,0
22.223,0
22.224,0
22.225,0
22.226,0
22.227,0
22.228,0
22.229,0
22.23,0
22.231,0
22.232,0
22.233,0
22.234,0
22.235,0
22.236,0
22.237,0
22.238,0
22.239,0
22.24,0
22.241,0
22.242,0
22.243,0
22.244,0
22.245,0
22.246,0
22.247,0
22.248,0
22.249,0
22.25,0
22.251,0
22.252,0
22.253,0
22.254,0
22.255,0
22.256,0
22.257,0
22.258,0
22.259,0
22.26,0
22.261,0
22.262,0
22.263,0
22.264,0
22.265,0
22.266,0
22.267,0
22.268,0
22.269,0
22.27,0
22.271,0
22.272,0
22.273,0
22.274,0
22.275,0
22.276,0
22.277,0
22.278,0
22.279,0
22.28,0
22.281,0
22.282,0
22.283,0
22.284,0
22.285,0
22.286,0
22.287,0
22.288,0
22.289,0
22.29,0
22.291,0
22.292,0
22.293,0
22.294,0
22.295,0
22.296,0
22.297,0
22.298,0
22.299,0
22.3,0
22.301,0
22.302,0
22.303,0
22.304,0
22.305,0
22.306,0
22.307,0
22.308,0
22.309,0
22.31,0
22.311,0
22.312,0
22.313,0
22.314,0
22.315,0
22.316,0
22.317,0
22.318,0
22.319,0
22.32,0
22.321,0
22.322,0
22.323,0
22.324,0
22.325,0
22.326,0
22.327,0
22.328,0
22.329,0
22.33,0
22.331,0
22.332,0
22.333,0
22.334,0
22.335,0
22.336,0
22.337,0
22.338,0
22.339,0
22.34,0
22.341,0
22.342,0
22.343,0
22.344,0
22.345,0
22.346,0
22.347,0
22.348,0
22.349,0
22.35,0
22.351,0
22.352,0
22.353,0
22.354,0
22.355,0
22.356,0
22.357,0
22.358,0
22.359,0
22.36,0
22.361,0
22.362,0
22.363,0
22.364,0
22.365,0
22.366,0
22.367,0
22.368,0
22.369,0
22.37,0
22.371,0
22.372,0
22.373,0
22.374,0
22.375,0
22.376,0
22.377,0
22.378,0
22.379,0
22.38,0
22.381,0
22.382,0
22.383,0
22.384,0
22.385,0
22.386,0
22.387,0
22.388,0
22.389,0
22.39,0
22.391,0
22.392,0
22.393,0
22.394,0
22.395,0
22.396,0
22.397,0
22.398,0
22.399,0
22.4,0
22.401,0
22.402,0
22.403,0
22.404,0
22.405,0
22.406,0
22.407,0
22.408,0
22.409,0
22.41,0
22.411,0
22.412,0
22.413,0
22.414,0
22.415,0
22.416,0
22.417,0
22.418,0
22.419,0
22.42,0
22.421,0
22.422,0
22.423,0
22.424,0
22.425,0
22.426,0
22.427,0
22.428,0
22.429,0
22.43,0
22.431,0
22.432,0
22.433,0
22.434,0
22.435,0
22.436,0
22.437,0
22.438,0
22.439,0
22.44,0
22.441,0
22.442,0
22.443,0
22.444,0
22.445,0
22.446,0
22.447,0
22.448,0
22.449,0
22.45,0
22.451,0
22.452,0
22.453,0
22.454,0
22.455,0
22.456,0
22.457,0
22.458,0
22.459,0
22.46,0
22.461,0
22.462,0
22.463,0
22.464,0
22.465,0
22.466,0
22.467,0
22.468,0
22.469,0
22.47,0
22.471,0
22.472,0
22.473,0
22.474,0
22.475,0
22.476,0
22.477,0
22.478,0
22.479,0
22.48,0
22.481,0
22.482,0
22.483,0
22.484,0
22.485,0
22.486,0
22.487,0
22.488,0
22.489,0
22.49,0
22.491,0
22.492,0
22.493,0
22.494,0
22.495,0
22.496,0
22.497,0
22.498,0
22.499,0
22.5,0
22.501,0
22.502,0
22.503,0
22.504,0
22.505,0
22.506,0
22.507,0
22.508,0
22.509,0
22.51,0
22.511,0
22.512,0
22.513,0
22.514,0
22.515,0
22.516,0
22.517,0
22.518,0
22.519,0
22.52,0
22.521,0
22.522,0
22.523,0
22.524,0
22.525,0
22.526,0
22.527,0
22.528,0
22.529,0
22.53,0
22.531,0
22.532,0
22.533,0
22.534,0
22.535,0
22.536,0
22.537,0
22.538,0
22.539,0
22.54,0
22.541,0
22.542,0
22.543,0
22.544,0
22.545,0
22.546,0
22.547,0
22.548,0
22.549,0
22.55,0
22.551,0
22.552,0
22.553,0
22.554,0
22.555,0
22.556,0
22.557,0
22.558,0
22.559,0
22.56,0
22.561,0
22.562,0
22.563,0
22.564,0
22.565,0
22.566,0
22.567,0
22.568,0
22.569,0
22.57,0
22.571,0
22.572,0
22.573,0
22.574,0
22.575,0
22.576,0
22.577,0
22.578,0
22.579,0
22.58,0
22.581,0
22.582,0
22.583,0
22.584,0
22.585,0
22.586,0
22.587,0
22.588,0
22.589,0
22.59,0
22.591,0
22.592,0
22.593,0
22.594,0
22.595,0
22.596,0
22.597,0
22.598,0
22.599,0
22.6,0
22.601,0
22.602,0
22.603,0
22.604,0
22.605,0
22.606,0
22.607,0
22.608,0
22.609,0
22.61,0
22.611,0
22.612,0
22.613,0
22.614,0
22.615,0
22.616,0
22.617,0
22.618,0
22.619,0
22.62,0
22.621,0
22.622,0
22.623,0
22.624,0
22.625,0
22.626,0
22.627,0
22.628,0
22.629,0
22.63,0
22.631,0
22.632,0
22.633,0
22.634,0
22.635,0
22.636,0
22.637,0
22.638,0
22.639,0
22.64,0
22.641,0
22.642,0
22.643,0
22.644,0
22.645,0
22.646,0
22.647,0
22.648,0
22.649,0
22.65,0
22.651,0
22.652,0
22.653,0
22.654,0
22.655,0
22.656,0
22.657,0
22.658,0
22.659,0
22.66,0
22.661,0
22.662,0
22.663,0
22.664,0
22.665,0
22.666,0
22.667,0
22.668,0
22.669,0
22.67,0
22.671,0
22.6718774808,1
22.672,0
22.673,0
22.674,0
22.675,0
22.676,0
22.677,0
22.678,0
22.679,0
22.68,0
22.681,0
22.682,0
22.683,0
22.684,0
22.685,0
22.686,0
22.687,0
22.688,0
22.689,0
22.69,0
22.691,0
22.692,0
22.693,0
22.694,0
22.695,0
22.696,0
22.697,0
22.698,0
22.699,0
22.7,0
22.701,0
22.702,0
22.703,0
22.704,0
22.705,0
22.706,0
22.707,0
22.708,0
22.709,0
22.71,0
22.711,0
22.712,0
22.713,0
22.714,0
22.715,0
22.716,0
22.717,0
22.718,0
22.719,0
22.72,0
22.721,0
22.722,0
22.723,0
22.724,0
22.725,0
22.726,0
22.727,0
22.728,0
22.729,0
22.73,0
22.731,0
22.732,0
22.733,0
22.734,0
22.735,0
22.736,0
22.737,0
22.738,0
22.739,0
22.74,0
22.741,0
22.742,0
22.743,0
22.744,0
22.745,0
22.746,0
22.747,0
22.748,0
22.749,0
22.75,0
22.751,0
22.752,0
22.753,0
22.754,0
22.755,0
22.756,0
22.757,0
22.758,0
22.759,0
22.76,0
22.761,0
22.762,0
22.763,0
22.764,0
22.765,0
22.766,0
22.768,0
22.769,0
22.77,0
22.771,0
22.772,0
22.773,0
22.774,0
22.775,0
22.776,0
22.777,0
22.779,0
22.78,0
22.781,0
22.782,0
22.783,0
22.784,0
22.785,0
22.786,0
22.787,0
22.788,0
22.789,0
22.79,0
22.791,0
22.792,0
22.793,0
22.794,0
22.795,0
22.796,0
22.797,0
22.798,0
22.8,0
22.801,0
22.802,0
22.803,0
22.804,0
22.805,0
22.806,0
22.807,0
22.808,0
22.809,0
22.81,0
22.811,0
22.812,0
22.813,0
22.814,0
22.815,0
22.816,0
22.817,0
22.818,0
22.819,0
22.82,0
22.821,0
22.822,0
22.823,0
22.824,0
22.825,0
22.826,0
22.827,0
22.828,0
22.829,0
22.83,0
22.831,0
22.832,0
22.833,0
22.834,0
22.835,0
22.836,0
22.837,0
22.838,0
22.839,0
22.84,0
22.841,0
22.842,0
22.843,0
22.845,0
22.846,0
22.847,0
22.848,0
22.849,0
22.85,0
22.851,0
22.852,0
22.853,0
22.854,0
22.855,0
22.856,0
22.857,0
22.858,0
22.859,0
22.86,0
22.861,0
22.862,0
22.863,0
22.864,0
22.865,0
22.866,0
22.867,0
22.868,0
22.869,0
22.87,0
22.871,0
22.872,0
22.873,0
22.874,0
22.875,0
22.876,0
22.877,0
22.878,0
22.879,0
22.88,0
22.881,0
22.882,0
22.883,0
22.884,0
22.885,0
22.886,0
22.889,0
22.89,0
22.891,0
22.892,0
22.893,0
22.894,0
22.895,0
22.896,0
22.897,0
22.898,0
22.899,0
22.9,0
22.901,0
22.902,0
22.903,0
22.904,0
22.905,0
22.906,0
22.907,0
22.908,0
22.909,0
22.91,0
22.911,0
22.912,0
22.913,0
22.914,0
22.915,0
22.916,0
22.917,0
22.918,0
22.919,0
22.92,0
22.921,0
22.922,0
22.923,0
22.924,0
22.925,0
22.926,0
22.927,0
22.928,0
22.929,0
22.93,0
22.931,0
22.932,0
22.933,0
22.934,0
22.935,0
22.936,0
22.937,0
22.938,0
22.939,0
22.94,0
22.941,0
22.942,0
22.943,0
22.944,0
22.945,0
22.946,0
22.947,0
22.948,0
22.949,0
22.95,0
22.951,0
22.952,0
22.953,0
22.954,0
22.955,0
22.956,0
22.957,0
22.958,0
22.959,0
22.96,0
22.961,0
22.962,0
22.963,0
22.964,0
22.965,0
22.966,0
22.967,0
22.968,0
22.969,0
22.97,0
22.971,0
22.972,0
22.973,0
22.974,0
22.975,0
22.976,0
22.977,0
22.978,0
22.979,0
22.98,0
22.981,0
22.982,0
22.983,0
22.984,0
22.985,0
22.986,0
22.987,0
22.988,0
22.989,0
22.99,0
22.991,0
22.992,0
22.993,0
22.994,0
22.995,0
22.996,0
22.997,0
22.998,0
22.999,0
23,0
23.001,0
23.002,0
23.003,0
23.004,0
23.005,0
23.006,0
23.007,0
23.008,0
23.009,0
23.01,0
23.011,0
23.012,0
23.013,0
23.014,0
23.015,0
23.016,0
23.017,0
23.018,0
23.019,0
23.02,0
23.021,0
23.022,0
23.023,0
23.024,0
23.025,0
23.026,0
23.027,0
23.028,0
23.029,0
23.03,0
23.031,0
23.032,0
23.033,0
23.034,0
23.035,0
23.036,0
23.037,0
23.038,0
23.039,0
23.04,0
23.041,0
23.042,0
23.043,0
23.044,0
23.045,0
23.046,0
23.047,0
23.048,0
23.049,0
23.05,0
23.051,0
23.052,0
23.053,0
23.054,0
23.055,0
23.056,0
23.057,0
23.058,0
23.059,0
23.06,0
23.061,0
23.062,0
23.063,0
23.064,0
23.065,0
23.066,0
23.067,0
23.068,0
23.069,0
23.07,0
23.071,0
23.072,0
23.073,0
23.074,0
23.075,0
23.076,0
23.077,0
23.078,0
23.079,0
23.08,0
23.081,0
23.082,0
23.083,0
23.084,0
23.085,0
23.086,0
23.087,0
23.088,0
23.089,0
23.091,0
23.092,0
23.093,0
23.094,0
23.095,0
23.096,0
23.099,0
23.1,0
23.102,0
23.103,0
23.104,0
23.105,0
23.106,0
23.108,0
23.109,0
23.11,0
23.111,0
23.113,0
23.114,0
23.115,0
23.116,0
23.117,0
23.118,0
23.119,0
23.12,0
23.121,0
23.122,0
23.123,0
23.124,0
23.125,0
23.126,0
23.127,0
23.128,0
23.129,0
23.13,0
23.131,0
23.132,0
23.133,0
23.134,0
23.135,0
23.136,0
23.137,0
23.138,0
23.139,0
23.14,0
23.141,0
23.142,0
23.143,0
23.144,0
23.145,0
23.146,0
23.147,0
23.148,0
23.149,0
23.15,0
23.151,0
23.152,0
23.153,0
23.154,0
23.155,0
23.156,0
23.157,0
23.158,0
23.159,0
23.16,0
23.161,0
23.162,0
23.163,0
23.164,0
23.165,0
23.166,0
23.167,0
23.168,0
23.169,0
23.17,0
23.171,0
23.172,0
23.173,0
23.174,0
23.175,0
23.176,0
23.177,0
23.178,0
23.179,0
23.18,0
23.181,0
23.182,0
23.183,0
23.184,0
23.185,0
23.186,0
23.187,0
23.188,0
23.189,0
23.19,0
23.191,0
23.192,0
23.193,0
23.194,0
23.195,0
23.196,0
23.197,0
23.198,0
23.199,0
23.2,0
23.201,0
23.202,0
23.203,0
23.204,0
23.205,0
23.206,0
23.207,0
23.208,0
23.209,0
23.21,0
23.211,0
23.212,0
23.213,0
23.214,0
23.215,0
23.216,0
23.217,0
23.218,0
23.219,0
23.22,0
23.221,0
23.222,0
23.223,0
23.224,0
23.225,0
23.226,0
23.227,0
23.228,0
23.229,0
23.23,0
23.231,0
23.232,0
23.233,0
23.234,0
23.235,0
23.236,0
23.237,0
23.238,0
23.239,0
23.24,0
23.241,0
23.242,0
23.243,0
23.244,0
23.245,0
23.246,0
23.247,0
23.248,0
23.249,0
23.25,0
23.251,0
23.252,0
23.253,0
23.254,0
23.255,0
23.256,0
23.257,0
23.258,0
23.259,0
23.26,0
23.261,0
23.262,0
23.263,0
23.264,0
23.265,0
23.266,0
23.267,0
23.268,0
23.269,0
23.27,0
23.271,0
23.272,0
23.273,0
23.274,0
23.275,0
23.276,0
23.277,0
23.278,0
23.279,0
23.28,0
23.281,0
23.282,0
23.283,0
23.284,0
23.285,0
23.286,0
23.287,0
23.288,0
23.289,0
23.29,0
23.291,0
23.292,0
23.293,0
23.294,0
23.295,0
23.296,0
23.297,0
23.298,0
23.299,0
23.3,0
23.301,0
23.302,0
23.303,0
23.304,0
23.305,0
23.306,0
23.307,0
23.308,0
23.309,0
23.31,0
23.311,0
23.312,0
23.313,0
23.314,0
23.315,0
23.316,0
23.317,0
23.318,0
23.319,0
23.32,0
23.321,0
23.322,0
23.323,0
23.324,0
23.325,0
23.326,0
23.327,0
23.328,0
23.329,0
23.33,0
23.331,0
23.332,0
23.333,0
23.334,0
23.335,0
23.336,0
23.337,0
23.338,0
23.339,0
23.34,0
23.341,0
23.342,0
23.343,0
23.344,0
23.345,0
23.346,0
23.347,0
23.348,0
23.349,0
23.35,0
23.351,0
23.352,0
23.353,0
23.354,0
23.355,0
23.356,0
23.357,0
23.358,0
23.359,0
23.36,0
23.361,0
23.362,0
23.363,0
23.364,0
23.365,0
23.366,0
23.367,0
23.368,0
23.369,0
23.37,0
23.371,0
23.372,0
23.373,0
23.374,0
23.375,0
23.376,0
23.377,0
23.378,0
23.379,0
23.38,0
23.381,0
23.382,0
23.383,0
23.384,0
23.385,0
23.386,0
23.387,0
23.388,0
23.389,0
23.39,0
23.391,0
23.392,0
23.393,0
23.394,0
23.395,0
23.396,0
23.397,0
23.398,0
23.399,0
23.4,0
23.401,0
23.402,0
23.403,0
23.404,0
23.405,0
23.406,0
23.407,0
23.408,0
23.409,0
23.41,0
23.411,0
23.412,0
23.413,0
23.414,0
23.415,0
23.416,0
23.417,0
23.418,0
23.419,0
23.42,0
23.421,0
23.422,0
23.423,0
23.424,0
23.425,0
23.426,0
23.427,0
23.428,0
23.429,0
23.43,0
23.431,0
23.432,0
23.433,0
23.434,0
23.435,0
23.436,0
23.437,0
23.438,0
23.439,0
23.44,0
23.441,0
23.442,0
23.443,0
23.444,0
23.445,0
23.446,0
23.447,0
23.448,0
23.449,0
23.45,0
23.451,0
23.452,0
23.453,0
23.454,0
23.455,0
23.456,0
23.457,0
23.458,0
23.459,0
23.46,0
23.461,0
23.462,0
23.463,0
23.464,0
23.465,0
23.466,0
23.467,0
23.468,0
23.469,0
23.47,0
23.471,0
23.472,0
23.473,0
23.474,0
23.475,0
23.476,0
23.477,0
23.478,0
23.479,0
23.48,0
23.481,0
23.482,0
23.483,0
23.484,0
23.485,0
23.486,0
23.487,0
23.488,0
23.489,0
23.49,0
23.491,0
23.492,0
23.493,0
23.494,0
23.495,0
23.496,0
23.497,0
23.498,0
23.499,0
23.5,0
23.501,0
23.502,0
23.503,0
23.504,0
23.505,0
23.506,0
23.507,0
23.508,0
23.509,0
23.51,0
23.511,0
23.512,0
23.513,0
23.514,0
23.515,0
23.516,0
23.517,0
23.518,0
23.519,0
23.52,0
23.521,0
23.522,0
23.523,0
23.524,0
23.525,0
23.526,0
23.527,0
23.528,0
23.529,0
23.53,0
23.531,0
23.532,0
23.533,0
23.534,0
23.535,0
23.536,0
23.537,0
23.538,0
23.539,0
23.54,0
23.541,0
23.542,0
23.543,0
23.544,0
23.545,0
23.546,0
23.547,0
23.548,0
23.549,0
23.55,0
23.551,0
23.552,0
23.553,0
23.554,0
23.555,0
23.556,0
23.557,0
23.558,0
23.559,0
23.56,0
23.561,0
23.562,0
23.563,0
23.564,0
23.565,0
23.566,0
23.567,0
23.568,0
23.569,0
23.57,0
23.571,0
23.572,0
23.573,0
23.574,0
23.575,0
23.576,0
23.577,0
23.578,0
23.579,0
23.58,0
23.581,0
23.582,0
23.583,0
23.584,0
23.585,0
23.586,0
23.587,0
23.588,0
23.589,0
23.59,0
23.591,0
23.592,0
23.593,0
23.594,0
23.595,0
23.596,0
23.597,0
23.598,0
23.599,0
23.6,0
23.601,0
23.602,0
23.603,0
23.604,0
23.605,0
23.606,0
23.607,0
23.608,0
23.609,0
23.61,0
23.611,0
23.612,0
23.613,0
23.614,0
23.615,0
23.616,0
23.617,0
23.618,0
23.619,0
23.62,0
23.621,0
23.622,0
23.623,0
23.624,0
23.625,0
23.626,0
23.627,0
23.628,0
23.629,0
23.63,0
23.631,0
23.632,0
23.633,0
23.634,0
23.635,0
23.636,0
23.637,0
23.638,0
23.639,0
23.64,0
23.641,0
23.642,0
23.643,0
23.644,0
23.645,0
23.646,0
23.647,0
23.648,0
23.649,0
23.65,0
23.651,0
23.652,0
23.653,0
23.654,0
23.655,0
23.656,0
23.657,0
23.658,0
23.659,0
23.66,0
23.661,0
23.662,0
23.663,0
23.664,0
23.665,0
23.666,0
23.667,0
23.668,0
23.669,0
23.67,0
23.671,0
23.672,0
23.673,0
23.674,0
23.675,0
23.676,0
23.677,0
23.678,0
23.679,0
23.68,0
23.681,0
23.682,0
23.683,0
23.684,0
23.685,0
23.686,0
23.687,0
23.688,0
23.689,0
23.69,0
23.691,0
23.692,0
23.693,0
23.694,0
23.695,0
23.696,0
23.697,0
23.698,0
23.699,0
23.7,0
23.701,0
23.702,0
23.703,0
23.704,0
23.705,0
23.706,0
23.707,0
23.708,0
23.709,0
23.71,0
23.711,0
23.712,0
23.713,0
23.714,0
23.715,0
23.716,0
23.717,0
23.718,0
23.719,0
23.72,0
23.721,0
23.722,0
23.723,0
23.724,0
23.725,0
23.726,0
23.727,0
23.728,0
23.729,0
23.73,0
23.731,0
23.732,0
23.733,0
23.734,0
23.735,0
23.736,0
23.737,0
23.738,0
23.739,0
23.74,0
23.741,0
23.742,0
23.743,0
23.744,0
23.745,0
23.746,0
23.747,0
23.748,0
23.749,0
23.75,0
23.751,0
23.752,0
23.753,0
23.754,0
23.755,0
23.756,0
23.757,0
23.758,0
23.759,0
23.76,0
23.761,0
23.762,0
23.763,0
23.764,0
23.765,0
23.766,0
23.767,0
23.768,0
23.769,0
23.77,0
23.771,0
23.772,0
23.773,0
23.774,0
23.775,0
23.776,0
23.777,0
23.778,0
23.779,0
23.78,0
23.781,0
23.782,0
23.783,0
23.784,0
23.785,0
23.786,0
23.787,0
23.788,0
23.789,0
23.79,0
23.791,0
23.792,0
23.793,0
23.794,0
23.795,0
23.796,0
23.797,0
23.798,0
23.799,0
23.8,0
23.801,0
23.802,0
23.803,0
23.804,0
23.805,0
23.806,0
23.807,0
23.808,0
23.809,0
23.81,0
23.811,0
23.812,0
23.813,0
23.814,0
23.815,0
23.816,0
23.817,0
23.818,0
23.819,0
23.82,0
23.821,0
23.822,0
23.823,0
23.824,0
23.825,0
23.826,0
23.827,0
23.828,0
23.829,0
23.83,0
23.831,0
23.832,0
23.833,0
23.834,0
23.835,0
23.836,0
23.837,0
23.838,0
23.839,0
23.84,0
23.841,0
23.842,0
23.843,0
23.844,0
23.845,0
23.846,0
23.847,0
23.848,0
23.849,0
23.85,0
23.851,0
23.852,0
23.853,0
23.854,0
23.855,0
23.856,0
23.857,0
23.858,0
23.859,0
23.86,0
23.861,0
23.862,0
23.863,0
23.864,0
23.865,0
23.866,0
23.867,0
23.868,0
23.869,0
23.87,0
23.871,0
23.872,0
23.873,0
23.874,0
23.875,0
23.876,0
23.877,0
23.878,0
23.879,0
23.88,0
23.881,0
23.882,0
23.883,0
23.884,0
23.885,0
23.886,0
23.887,0
23.888,0
23.889,0
23.89,0
23.891,0
23.893,0
23.894,0
23.895,0
23.896,0
23.897,0
23.899,0
23.9,0
23.901,0
23.902,0
23.903,0
23.904,0
23.905,0
23.906,0
23.907,0
23.908,0
23.909,0
23.91,0
23.911,0
23.912,0
23.913,0
23.914,0
23.915,0
23.916,0
23.917,0
23.918,0
23.919,0
23.92,0
23.921,0
23.922,0
23.923,0
23.924,0
23.925,0
23.926,0
23.927,0
23.928,0
23.929,0
23.93,0
23.931,0
23.932,0
23.933,0
23.934,0
23.935,0
23.936,0
23.937,0
23.938,0
23.939,0
23.94,0
23.941,0
23.942,0
23.943,0
23.944,0
23.945,0
23.946,0
23.947,0
23.948,0
23.949,0
23.95,0
23.951,0
23.952,0
23.953,0
23.954,0
23.955,0
23.956,0
23.957,0
23.958,0
23.959,0
23.96,0
23.961,0
23.962,0
23.963,0
23.964,0
23.965,0
23.966,0
23.967,0
23.968,0
23.969,0
23.97,0
23.971,0
23.972,0
23.973,0
23.974,0
23.975,0
23.976,0
23.977,0
23.978,0
23.979,0
23.98,0
23.981,0
23.982,0
23.983,0
23.984,0
23.985,0
23.986,0
23.987,0
23.988,0
23.989,0
23.99,0
23.991,0
23.992,0
23.993,0
23.994,0
23.995,0
23.996,0
23.997,0
23.998,0
23.999,0
24,0
24.001,0
24.002,0
24.003,0
24.004,0
24.005,0
24.006,0
24.007,0
24.008,0
24.009,0
24.01,0
24.011,0
24.012,0
24.013,0
24.014,0
24.015,0
24.016,0
24.017,0
24.018,0
24.019,0
24.02,0
24.021,0
24.022,0
24.023,0
24.024,0
24.025,0
24.026,0
24.027,0
24.028,0
24.029,0
24.03,0
24.031,0
24.032,0
24.033,0
24.034,0
24.035,0
24.036,0
24.037,0
24.038,0
24.039,0
24.04,0
24.041,0
24.042,0
24.043,0
24.044,0
24.045,0
24.046,0
24.047,0
24.048,0
24.049,0
24.05,0
24.051,0
24.052,0
24.053,0
24.054,0
24.055,0
24.056,0
24.057,0
24.058,0
24.059,0
24.06,0
24.061,0
24.062,0
24.063,0
24.064,0
24.065,0
24.066,0
24.067,0
24.068,0
24.069,0
24.07,0
24.071,0
24.072,0
24.073,0
24.074,0
24.075,0
24.076,0
24.077,0
24.078,0
24.079,0
24.08,0
24.081,0
24.082,0
24.083,0
24.084,0
24.085,0
24.086,0
24.087,0
24.088,0
24.089,0
24.09,0
24.091,0
24.092,0
24.093,0
24.094,0
24.095,0
24.096,0
24.097,0
24.098,0
24.099,0
24.1,0
24.101,0
24.102,0
24.103,0
24.104,0
24.105,0
24.106,0
24.107,0
24.108,0
24.109,0
24.11,0
24.111,0
24.112,0
24.113,0
24.114,0
24.115,0
24.116,0
24.117,0
24.118,0
24.119,0
24.12,0
24.121,0
24.122,0
24.123,0
24.124,0
24.125,0
24.126,0
24.127,0
24.128,0
24.129,0
24.13,0
24.131,0
24.132,0
24.133,0
24.134,0
24.135,0
24.136,0
24.137,0
24.138,0
24.139,0
24.14,0
24.141,0
24.142,0
24.143,0
24.144,0
24.145,0
24.146,0
24.147,0
24.148,0
24.149,0
24.15,0
24.151,0
24.152,0
24.153,0
24.154,0
24.155,0
24.156,0
24.157,0
24.158,0
24.159,0
24.16,0
24.161,0
24.162,0
24.163,0
24.164,0
24.165,0
24.166,0
24.167,0
24.168,0
24.169,0
24.17,0
24.171,0
24.172,0
24.173,0
24.174,0
24.175,0
24.176,0
24.177,0
24.178,0
24.179,0
24.18,0
24.181,0
24.182,0
24.183,0
24.184,0
24.185,0
24.186,0
24.187,0
24.188,0
24.189,0
24.19,0
24.191,0
24.192,0
24.193,0
24.194,0
24.195,0
24.196,0
24.197,0
24.198,0
24.199,0
24.2,0
24.201,0
24.202,0
24.203,0
24.204,0
24.205,0
24.206,0
24.207,0
24.208,0
24.209,0
24.21,0
24.211,0
24.212,0
24.213,0
24.214,0
24.215,0
24.216,0
24.217,0
24.218,0
24.219,0
24.22,0
24.221,0
24.222,0
24.223,0
24.224,0
24.225,0
24.226,0
24.227,0
24.228,0
24.229,0
24.23,0
24.231,0
24.232,0
24.233,0
24.234,0
24.235,0
24.236,0
24.237,0
24.238,0
24.239,0
24.24,0
24.241,0
24.242,0
24.243,0
24.244,0
24.245,0
24.246,0
24.247,0
24.248,0
24.249,0
24.25,0
24.251,0
24.252,0
24.253,0
24.254,0
24.255,0
24.256,0
24.257,0
24.258,0
24.259,0
24.26,0
24.261,0
24.262,0
24.263,0
24.264,0
24.265,0
24.266,0
24.267,0
24.268,0
24.269,0
24.27,0
24.271,0
24.272,0
24.273,0
24.274,0
24.275,0
24.276,0
24.277,0
24.278,0
24.279,0
24.28,0
24.281,0
24.282,0
24.283,0
24.284,0
24.285,0
24.286,0
24.287,0
24.288,0
24.289,0
24.29,0
24.291,0
24.292,0
24.293,0
24.294,0
24.295,0
24.296,0
24.297,0
24.298,0
24.299,0
24.3,0
24.301,0
24.302,0
24.303,0
24.304,0
24.305,0
24.306,0
24.307,0
24.308,0
24.309,0
24.31,0
24.311,0
24.312,0
24.313,0
24.314,0
24.315,0
24.316,0
24.317,0
24.318,0
24.319,0
24.32,0
24.321,0
24.322,0
24.323,0
24.324,0
24.325,0
24.326,0
24.327,0
24.328,0
24.329,0
24.33,0
24.331,0
24.332,0
24.333,0
24.334,0
24.335,0
24.336,0
24.337,0
24.338,0
24.339,0
24.34,0
24.341,0
24.342,0
24.343,0
24.344,0
24.345,0
24.346,0
24.347,0
24.348,0
24.349,0
24.35,0
24.351,0
24.352,0
24.353,0
24.354,0
24.355,0
24.356,0
24.357,0
24.358,0
24.359,0
24.36,0
24.361,0
24.362,0
24.363,0
24.364,0
24.365,0
24.366,0
24.367,0
24.368,0
24.369,0
24.37,0
24.371,0
24.372,0
24.373,0
24.374,0
24.375,0
24.376,0
24.377,0
24.378,0
24.379,0
24.38,0
24.381,0
24.382,0
24.383,0
24.384,0
24.385,0
24.386,0
24.387,0
24.388,0
24.389,0
24.39,0
24.391,0
24.392,0
24.393,0
24.394,0
24.395,0
24.396,0
24.397,0
24.398,0
24.399,0
24.4,0
24.401,0
24.402,0
24.403,0
24.404,0
24.405,0
24.406,0
24.407,0
24.408,0
24.409,0
24.41,0
24.411,0
24.412,0
24.413,0
24.414,0
24.415,0
24.416,0
24.417,0
24.418,0
24.419,0
24.42,0
24.421,0
24.422,0
24.423,0
24.424,0
24.425,0
24.426,0
24.427,0
24.428,0
24.429,0
24.43,0
24.431,0
24.432,0
24.433,0
24.434,0
24.435,0
24.436,0
24.437,0
24.438,0
24.439,0
24.44,0
24.441,0
24.442,0
24.443,0
24.444,0
24.445,0
24.446,0
24.447,0
24.448,0
24.449,0
24.45,0
24.451,0
24.452,0
24.453,0
24.454,0
24.455,0
24.456,0
24.457,0
24.458,0
24.459,0
24.46,0
24.461,0
24.462,0
24.463,0
24.464,0
24.465,0
24.466,0
24.467,0
24.468,0
24.469,0
24.47,0
24.471,0
24.472,0
24.473,0
24.474,0
24.475,0
24.476,0
24.477,0
24.478,0
24.479,0
24.48,0
24.481,0
24.482,0
24.483,0
24.484,0
24.485,0
24.486,0
24.487,0
24.488,0
24.489,0
24.49,0
24.491,0
24.492,0
24.493,0
24.494,0
24.495,0
24.496,0
24.497,0
24.498,0
24.499,0
24.5,0
24.501,0
24.502,0
24.503,0
24.504,0
24.505,0
24.506,0
24.507,0
24.508,0
24.509,0
24.51,0
24.511,0
24.512,0
24.513,0
24.514,0
24.515,0
24.516,0
24.517,0
24.518,0
24.519,0
24.52,0
24.521,0
24.522,0
24.523,0
24.524,0
24.525,0
24.526,0
24.527,0
24.528,0
24.529,0
24.53,0
24.531,0
24.532,0
24.533,0
24.534,0
24.535,0
24.536,0
24.537,0
24.538,0
24.539,0
24.54,0
24.541,0
24.542,0
24.543,0
24.544,0
24.545,0
24.546,0
24.547,0
24.548,0
24.549,0
24.55,0
24.551,0
24.552,0
24.553,0
24.554,0
24.555,0
24.556,0
24.557,0
24.558,0
24.559,0
24.56,0
24.561,0
24.562,0
24.563,0
24.564,0
24.565,0
24.566,0
24.567,0
24.568,0
24.569,0
24.57,0
24.571,0
24.572,0
24.573,0
24.574,0
24.575,0
24.576,0
24.577,0
24.578,0
24.579,0
24.58,0
24.581,0
24.582,0
24.583,0
24.584,0
24.585,0
24.586,0
24.587,0
24.588,0
24.589,0
24.59,0
24.591,0
24.592,0
24.593,0
24.594,0
24.595,0
24.596,0
24.597,0
24.598,0
24.599,0
24.6,0
24.601,0
24.602,0
24.603,0
24.604,0
24.605,0
24.606,0
24.607,0
24.608,0
24.609,0
24.61,0
24.611,0
24.612,0
24.613,0
24.614,0
24.615,0
24.616,0
24.617,0
24.618,0
24.619,0
24.62,0
24.621,0
24.622,0
24.623,0
24.624,0
24.625,0
24.626,0
24.627,0
24.628,0
24.629,0
24.63,0
24.631,0
24.632,0
24.633,0
24.634,0
24.635,0
24.636,0
24.637,0
24.638,0
24.639,0
24.64,0
24.641,0
24.642,0
24.643,0
24.644,0
24.645,0
24.646,0
24.647,0
24.648,0
24.649,0
24.65,0
24.651,0
24.652,0
24.653,0
24.654,0
24.655,0
24.656,0
24.657,0
24.658,0
24.659,0
24.66,0
24.661,0
24.662,0
24.663,0
24.664,0
24.665,0
24.666,0
24.667,0
24.668,0
24.669,0
24.67,0
24.671,0
24.672,0
24.673,0
24.674,0
24.675,0
24.676,0
24.677,0
24.678,0
24.679,0
24.68,0
24.681,0
24.682,0
24.683,0
24.684,0
24.685,0
24.686,0
24.687,0
24.688,0
24.689,0
24.69,0
24.691,0
24.692,0
24.693,0
24.694,0
24.695,0
24.696,0
24.697,0
24.698,0
24.699,0
24.7,0
24.701,0
24.702,0
24.703,0
24.704,0
24.705,0
24.706,0
24.707,0
24.708,0
24.709,0
24.71,0
24.711,0
24.712,0
24.713,0
24.714,0
24.715,0
24.716,0
24.718,0
24.719,0
24.72,0
24.721,0
24.722,0
24.723,0
24.724,0
24.725,0
24.726,0
24.727,0
24.728,0
24.729,0
24.73,0
24.731,0
24.732,0
24.733,0
24.734,0
24.735,0
24.736,0
24.737,0
24.738,0
24.739,0
24.74,0
24.741,0
24.742,0
24.743,0
24.744,0
24.745,0
24.746,0
24.747,0
24.748,0
24.749,0
24.75,0
24.751,0
24.752,0
24.753,0
24.754,0
24.755,0
24.756,0
24.757,0
24.758,0
24.759,0
24.76,0
24.761,0
24.762,0
24.763,0
24.764,0
24.765,0
24.766,0
24.767,0
24.768,0
24.769,0
24.77,0
24.771,0
24.772,0
24.773,0
24.774,0
24.775,0
24.776,0
24.777,0
24.778,0
24.779,0
24.78,0
24.781,0
24.7812199448,1
24.782,0
24.783,0
24.784,0
24.785,0
24.786,0
24.787,0
24.788,0
24.789,0
24.79,0
24.791,0
24.792,0
24.793,0
24.794,0
24.795,0
24.796,0
24.797,0
24.798,0
24.799,0
24.8,0
24.801,0
24.802,0
24.803,0
24.804,0
24.805,0
24.806,0
24.807,0
24.808,0
24.809,0
24.81,0
24.811,0
24.812,0
24.813,0
24.814,0
24.815,0
24.816,0
24.817,0
24.818,0
24.819,0
24.82,0
24.821,0
24.822,0
24.823,0
24.824,0
24.825,0
24.826,0
24.827,0
24.828,0
24.829,0
24.83,0
24.831,0
24.832,0
24.833,0
24.834,0
24.835,0
24.836,0
24.837,0
24.838,0
24.839,0
24.84,0
24.841,0
24.842,0
24.843,0
24.844,0
24.845,0
24.846,0
24.847,0
24.848,0
24.849,0
24.85,0
24.851,0
24.852,0
24.853,0
24.854,0
24.855,0
24.856,0
24.857,0
24.858,0
24.859,0
24.86,0
24.861,0
24.862,0
24.863,0
24.864,0
24.865,0
24.866,0
24.867,0
24.868,0
24.869,0
24.87,0
24.871,0
24.872,0
24.873,0
24.874,0
24.875,0
24.876,0
24.877,0
24.878,0
24.879,0
24.88,0
24.881,0
24.882,0
24.883,0
24.884,0
24.885,0
24.886,0
24.887,0
24.888,0
24.889,0
24.89,0
24.891,0
24.892,0
24.893,0
24.894,0
24.895,0
24.896,0
24.897,0
24.898,0
24.899,0
24.9,0
24.901,0
24.902,0
24.903,0
24.904,0
24.905,0
24.906,0
24.907,0
24.908,0
24.909,0
24.91,0
24.911,0
24.912,0
24.913,0
24.914,0
24.915,0
24.916,0
24.917,0
24.918,0
24.919,0
24.92,0
24.921,0
24.922,0
24.923,0
24.924,0
24.925,0
24.926,0
24.927,0
24.928,0
24.929,0
24.93,0
24.931,0
24.932,0
24.933,0
24.934,0
24.935,0
24.936,0
24.937,0
24.938,0
24.939,0
24.94,0
24.941,0
24.942,0
24.943,0
24.944,0
24.945,0
24.946,0
24.947,0
24.948,0
24.949,0
24.95,0
24.951,0
24.952,0
24.953,0
24.954,0
24.955,0
24.956,0
24.957,0
24.958,0
24.959,0
24.96,0
24.961,0
24.962,0
24.963,0
24.964,0
24.965,0
24.966,0
24.967,0
24.968,0
24.969,0
24.97,0
24.971,0
24.972,0
24.973,0
24.974,0
24.975,0
24.976,0
24.977,0
24.978,0
24.979,0
24.98,0
24.981,0
24.982,0
24.983,0
24.984,0
24.985,0
24.986,0
24.987,0
24.988,0
24.989,0
24.99,0
24.991,0
24.992,0
24.993,0
24.994,0
24.995,0
24.996,0
24.997,0
24.998,0
24.999,0
25,0
25.001,0
25.002,0
25.003,0
25.004,0
25.005,0
25.006,0
25.007,0
25.008,0
25.009,0
25.01,0
25.011,0
25.012,0
25.013,0
25.014,0
25.015,0
25.016,0
25.017,0
25.018,0
25.019,0
25.02,0
25.021,0
25.022,0
25.023,0
25.024,0
25.025,0
25.026,0
25.027,0
25.028,0
25.029,0
25.03,0
25.031,0
25.032,0
25.033,0
25.034,0
25.035,0
25.036,0
25.037,0
25.038,0
25.039,0
25.04,0
25.041,0
25.042,0
25.043,0
25.044,0
25.045,0
25.046,0
25.047,0
25.048,0
25.049,0
25.05,0
25.051,0
25.052,0
25.053,0
25.054,0
25.055,0
25.056,0
25.057,0
25.058,0
25.059,0
25.06,0
25.061,0
25.062,0
25.063,0
25.064,0
25.065,0
25.066,0
25.067,0
25.068,0
25.069,0
25.07,0
25.071,0
25.072,0
25.073,0
25.074,0
25.075,0
25.076,0
25.077,0
25.078,0
25.079,0
25.08,0
25.081,0
25.082,0
25.083,0
25.084,0
25.085,0
25.086,0
25.087,0
25.088,0
25.089,0
25.09,0
25.091,0
25.092,0
25.093,0
25.094,0
25.095,0
25.096,0
25.097,0
25.098,0
25.099,0
25.1,0
25.101,0
25.102,0
25.103,0
25.104,0
25.105,0
25.106,0
25.107,0
25.108,0
25.109,0
25.11,0
25.111,0
25.112,0
25.113,0
25.114,0
25.115,0
25.116,0
25.117,0
25.118,0
25.119,0
25.12,0
25.121,0
25.122,0
25.123,0
25.124,0
25.125,0
25.126,0
25.127,0
25.128,0
25.129,0
25.13,0
25.131,0
25.132,0
25.133,0
25.134,0
25.135,0
25.136,0
25.137,0
25.138,0
25.139,0
25.14,0
25.141,0
25.142,0
25.143,0
25.144,0
25.145,0
25.146,0
25.147,0
25.148,0
25.149,0
25.15,0
25.151,0
25.152,0
25.153,0
25.154,0
25.155,0
25.156,0
25.157,0
25.158,0
25.159,0
25.16,0
25.161,0
25.162,0
25.163,0
25.164,0
25.165,0
25.166,0
25.167,0
25.168,0
25.169,0
25.17,0
25.171,0
25.172,0
25.173,0
25.174,0
25.175,0
25.176,0
25.177,0
25.178,0
25.179,0
25.18,0
25.181,0
25.182,0
25.183,0
25.184,0
25.185,0
25.186,0
25.187,0
25.188,0
25.189,0
25.19,0
25.191,0
25.192,0
25.193,0
25.194,0
25.195,0
25.196,0
25.197,0
25.198,0
25.199,0
25.2,0
25.201,0
25.202,0
25.203,0
25.204,0
25.205,0
25.206,0
25.207,0
25.208,0
25.209,0
25.21,0
25.211,0
25.212,0
25.213,0
25.214,0
25.215,0
25.216,0
25.217,0
25.218,0
25.219,0
25.22,0
25.221,0
25.222,0
25.223,0
25.224,0
25.225,0
25.226,0
25.227,0
25.228,0
25.229,0
25.23,0
25.231,0
25.232,0
25.233,0
25.234,0
25.235,0
25.236,0
25.237,0
25.238,0
25.239,0
25.24,0
25.241,0
25.242,0
25.243,0
25.244,0
25.245,0
25.246,0
25.247,0
25.248,0
25.249,0
25.25,0
25.251,0
25.252,0
25.253,0
25.254,0
25.255,0
25.256,0
25.257,0
25.258,0
25.259,0
25.26,0
25.261,0
25.262,0
25.263,0
25.264,0
25.265,0
25.266,0
25.267,0
25.268,0
25.269,0
25.27,0
25.271,0
25.272,0
25.273,0
25.274,0
25.275,0
25.276,0
25.277,0
25.278,0
25.279,0
25.28,0
25.281,0
25.282,0
25.283,0
25.284,0
25.285,0
25.286,0
25.287,0
25.288,0
25.289,0
25.29,0
25.291,0
25.292,0
25.293,0
25.294,0
25.295,0
25.296,0
25.297,0
25.298,0
25.299,0
25.3,0
25.301,0
25.302,0
25.303,0
25.304,0
25.305,0
25.306,0
25.307,0
25.308,0
25.309,0
25.31,0
25.311,0
25.312,0
25.313,0
25.314,0
25.315,0
25.316,0
25.317,0
25.318,0
25.319,0
25.32,0
25.321,0
25.322,0
25.323,0
25.324,0
25.325,0
25.326,0
25.327,0
25.328,0
25.329,0
25.33,0
25.331,0
25.332,0
25.333,0
25.334,0
25.335,0
25.336,0
25.337,0
25.338,0
25.339,0
25.34,0
25.341,0
25.342,0
25.343,0
25.344,0
25.345,0
25.346,0
25.347,0
25.348,0
25.349,0
25.35,0
25.351,0
25.352,0
25.353,0
25.354,0
25.355,0
25.356,0
25.357,0
25.358,0
25.359,0
25.36,0
25.361,0
25.362,0
25.363,0
25.364,0
25.365,0
25.366,0
25.367,0
25.368,0
25.369,0
25.37,0
25.371,0
25.372,0
25.373,0
25.374,0
25.375,0
25.376,0
25.377,0
25.378,0
25.379,0
25.38,0
25.381,0
25.382,0
25.383,0
25.384,0
25.385,0
25.386,0
25.387,0
25.388,0
25.389,0
25.39,0
25.391,0
25.392,0
25.393,0
25.394,0
25.395,0
25.396,0
25.397,0
25.398,0
25.399,0
25.4,0
25.401,0
25.402,0
25.403,0
25.404,0
25.405,0
25.406,0
25.407,0
25.408,0
25.409,0
25.41,0
25.411,0
25.412,0
25.413,0
25.414,0
25.415,0
25.416,0
25.417,0
25.418,0
25.419,0
25.42,0
25.421,0
25.422,0
25.423,0
25.424,0
25.425,0
25.426,0
25.427,0
25.428,0
25.429,0
25.43,0
25.431,0
25.432,0
25.433,0
25.434,0
25.435,0
25.436,0
25.437,0
25.438,0
25.439,0
25.44,0
25.441,0
25.442,0
25.443,0
25.444,0
25.445,0
25.446,0
25.447,0
25.448,0
25.449,0
25.45,0
25.451,0
25.452,0
25.453,0
25.454,0
25.455,0
25.456,0
25.457,0
25.458,0
25.459,0
25.46,0
25.461,0
25.462,0
25.463,0
25.464,0
25.465,0
25.466,0
25.467,0
25.468,0
25.469,0
25.47,0
25.471,0
25.472,0
25.473,0
25.474,0
25.475,0
25.476,0
25.477,0
25.478,0
25.479,0
25.48,0
25.481,0
25.482,0
25.483,0
25.484,0
25.485,0
25.486,0
25.487,0
25.488,0
25.489,0
25.49,0
25.491,0
25.492,0
25.493,0
25.494,0
25.495,0
25.496,0
25.497,0
25.498,0
25.499,0
25.5,0
25.501,0
25.502,0
25.503,0
25.504,0
25.505,0
25.506,0
25.507,0
25.508,0
25.509,0
25.51,0
25.511,0
25.512,0
25.513,0
25.514,0
25.515,0
25.516,0
25.517,0
25.518,0
25.519,0
25.52,0
25.521,0
25.522,0
25.523,0
25.524,0
25.525,0
25.526,0
25.527,0
25.528,0
25.529,0
25.53,0
25.531,0
25.532,0
25.533,0
25.534,0
25.535,0
25.536,0
25.537,0
25.538,0
25.539,0
25.54,0
25.541,0
25.542,0
25.543,0
25.544,0
25.545,0
25.546,0
25.547,0
25.548,0
25.549,0
25.55,0
25.551,0
25.552,0
25.553,0
25.554,0
25.555,0
25.556,0
25.557,0
25.558,0
25.559,0
25.56,0
25.561,0
25.562,0
25.563,0
25.564,0
25.565,0
25.566,0
25.567,0
25.568,0
25.569,0
25.57,0
25.571,0
25.572,0
25.573,0
25.574,0
25.575,0
25.576,0
25.577,0
25.578,0
25.579,0
25.58,0
25.581,0
25.582,0
25.583,0
25.584,0
25.585,0
25.586,0
25.587,0
25.588,0
25.589,0
25.59,0
25.591,0
25.592,0
25.593,0
25.594,0
25.595,0
25.596,0
25.597,0
25.598,0
25.599,0
25.6,0
25.601,0
25.602,0
25.603,0
25.604,0
25.605,0
25.606,0
25.607,0
25.608,0
25.609,0
25.61,0
25.611,0
25.612,0
25.613,0
25.614,0
25.615,0
25.616,0
25.617,0
25.618,0
25.619,0
25.62,0
25.621,0
25.622,0
25.623,0
25.624,0
25.625,0
25.626,0
25.627,0
25.628,0
25.629,0
25.63,0
25.631,0
25.632,0
25.633,0
25.634,0
25.635,0
25.636,0
25.637,0
25.638,0
25.639,0
25.64,0
25.641,0
25.642,0
25.643,0
25.644,0
25.645,0
25.646,0
25.647,0
25.648,0
25.649,0
25.65,0
25.651,0
25.652,0
25.653,0
25.654,0
25.655,0
25.656,0
25.657,0
25.658,0
25.659,0
25.66,0
25.661,0
25.662,0
25.663,0
25.664,0
25.665,0
25.666,0
25.667,0
25.668,0
25.669,0
25.67,0
25.671,0
25.672,0
25.673,0
25.674,0
25.675,0
25.676,0
25.677,0
25.678,0
25.679,0
25.68,0
25.681,0
25.682,0
25.683,0
25.684,0
25.685,0
25.686,0
25.687,0
25.688,0
25.689,0
25.69,0
25.691,0
25.692,0
25.693,0
25.694,0
25.695,0
25.696,0
25.697,0
25.698,0
25.699,0
25.7,0
25.701,0
25.702,0
25.703,0
25.704,0
25.705,0
25.706,0
25.707,0
25.708,0
25.709,0
25.71,0
25.711,0
25.712,0
25.713,0
25.714,0
25.715,0
25.716,0
25.717,0
25.718,0
25.719,0
25.72,0
25.721,0
25.722,0
25.723,0
25.724,0
25.725,0
25.726,0
25.727,0
25.728,0
25.729,0
25.73,0
25.731,0
25.732,0
25.733,0
25.734,0
25.735,0
25.736,0
25.737,0
25.738,0
25.739,0
25.74,0
25.741,0
25.742,0
25.743,0
25.744,0
25.745,0
25.746,0
25.747,0
25.748,0
25.749,0
25.75,0
25.751,0
25.752,0
25.753,0
25.754,0
25.755,0
25.756,0
25.757,0
25.758,0
25.759,0
25.76,0
25.761,0
25.762,0
25.763,0
25.764,0
25.765,0
25.766,0
25.767,0
25.768,0
25.769,0
25.77,0
25.771,0
25.772,0
25.773,0
25.774,0
25.775,0
25.776,0
25.777,0
25.778,0
25.779,0
25.78,0
25.781,0
25.782,0
25.783,0
25.784,0
25.785,0
25.786,0
25.787,0
25.788,0
25.789,0
25.79,0
25.791,0
25.792,0
25.793,0
25.794,0
25.795,0
25.796,0
25.797,0
25.798,0
25.799,0
25.8,0
25.801,0
25.802,0
25.803,0
25.804,0
25.805,0
25.806,0
25.807,0
25.808,0
25.809,0
25.81,0
25.811,0
25.812,0
25.813,0
25.814,0
25.815,0
25.816,0
25.817,0
25.818,0
25.819,0
25.82,0
25.821,0
25.822,0
25.823,0
25.824,0
25.825,0
25.826,0
25.827,0
25.828,0
25.829,0
25.83,0
25.831,0
25.832,0
25.833,0
25.834,0
25.835,0
25.836,0
25.837,0
25.838,0
25.839,0
25.84,0
25.841,0
25.842,0
25.844,0
25.845,0
25.846,0
25.851,0
25.852,0
25.853,0
25.854,0
25.855,0
25.857,0
25.858,0
25.859,0
25.86,0
25.861,0
25.862,0
25.863,0
25.864,0
25.865,0
25.866,0
25.867,0
25.868,0
25.869,0
25.87,0
25.871,0
25.872,0
25.873,0
25.874,0
25.875,0
25.876,0
25.877,0
25.878,0
25.879,0
25.885,0
25.886,0
25.887,0
25.888,0
25.889,0
25.89,0
25.891,0
25.892,0
25.893,0
25.894,0
25.896,0
25.897,0
25.898,0
25.899,0
25.9,0
25.901,0
25.902,0
25.903,0
25.904,0
25.905,0
25.906,0
25.908,0
25.909,0
25.91,0
25.911,0
25.912,0
25.913,0
25.914,0
25.915,0
25.917,0
25.918,0
25.919,0
25.92,0
25.921,0
25.922,0
25.923,0
25.924,0
25.925,0
25.928,0
25.929,0
25.93,0
25.931,0
25.932,0
25.933,0
25.934,0
25.935,0
25.936,0
25.937,0
25.938,0
25.939,0
25.94,0
25.941,0
25.942,0
25.943,0
25.944,0
25.946,0
25.947,0
25.948,0
25.95,0
25.951,0
25.952,0
25.953,0
25.954,0
25.955,0
25.956,0
25.957,0
25.958,0
25.961,0
25.962,0
25.963,0
25.964,0
25.965,0
25.966,0
25.967,0
25.973,0
25.974,0
25.975,0
25.976,0
25.977,0
25.978,0
25.979,0
25.98,0
25.981,0
25.982,0
25.983,0
25.984,0
25.985,0
25.986,0
25.988,0
25.989,0
25.99,0
25.991,0
25.992,0
25.993,0
25.994,0
25.995,0
25.996,0
25.997,0
25.998,0
25.999,0
26,0
26.001,0
26.002,0
26.011,0
26.012,0
26.013,0
26.014,0
26.015,0
26.016,0
26.017,0
26.018,0
26.019,0
26.02,0
26.021,0
26.03,0
26.031,0
26.032,0
26.033,0
26.034,0
26.035,0
26.037,0
26.038,0
26.039,0
26.04,0
26.041,0
26.042,0
26.043,0
26.044,0
26.045,0
26.046,0
26.047,0
26.048,0
26.049,0
26.05,0
26.051,0
26.052,0
26.053,0
26.054,0
26.055,0
26.057,0
26.058,0
26.059,0
26.06,0
26.061,0
26.062,0
26.063,0
26.064,0
26.065,0
26.066,0
26.067,0
26.069,0
26.07,0
26.071,0
26.072,0
26.073,0
26.074,0
26.075,0
26.076,0
26.077,0
26.078,0
26.079,0
26.08,0
26.081,0
26.082,0
26.083,0
26.084,0
26.085,0
26.086,0
26.087,0
26.088,0
26.089,0
26.09,0
26.092,0
26.093,0
26.095,0
26.096,0
26.097,0
26.098,0
26.099,0
26.1,0
26.101,0
26.102,0
26.103,0
26.104,0
26.105,0
26.106,0
26.107,0
26.108,0
26.109,0
26.11,0
26.111,0
26.112,0
26.113,0
26.114,0
26.115,0
26.116,0
26.117,0
26.118,0
26.119,0
26.13,0
26.131,0
26.132,0
26.133,0
26.135,0
26.136,0
26.137,0
26.138,0
26.139,0
26.14,0
26.141,0
26.142,0
26.143,0
26.144,0
26.145,0
26.146,0
26.147,0
26.148,0
26.149,0
26.15,0
26.151,0
26.152,0
26.153,0
26.154,0
26.155,0
26.156,0
26.157,0
26.158,0
26.159,0
26.16,0
26.161,0
26.162,0
26.163,0
26.164,0
26.165,0
26.166,0
26.167,0
26.168,0
26.169,0
26.17,0
26.171,0
26.172,0
26.173,0
26.174,0
26.175,0
26.176,0
26.177,0
26.178,0
26.179,0
26.18,0
26.181,0
26.182,0
26.183,0
26.184,0
26.185,0
26.186,0
26.187,0
26.188,0
26.189,0
26.19,0
26.191,0
26.192,0
26.193,0
26.194,0
26.195,0
26.196,0
26.197,0
26.198,0
26.199,0
26.2,0
26.201,0
26.202,0
26.203,0
26.204,0
26.205,0
26.206,0
26.207,0
26.208,0
26.209,0
26.21,0
26.211,0
26.212,0
26.213,0
26.214,0
26.215,0
26.216,0
26.217,0
26.218,0
26.224,0
26.225,0
26.226,0
26.227,0
26.228,0
26.229,0
26.23,0
26.231,0
26.232,0
26.233,0
26.235,0
26.236,0
26.237,0
26.238,0
26.239,0
26.24,0
26.241,0
26.242,0
26.243,0
26.244,0
26.245,0
26.246,0
26.247,0
26.248,0
26.249,0
26.25,0
26.251,0
26.252,0
26.253,0
26.254,0
26.255,0
26.256,0
26.257,0
26.258,0
26.259,0
26.26,0
26.261,0
26.262,0
26.263,0
26.264,0
26.265,0
26.266,0
26.267,0
26.268,0
26.269,0
26.27,0
26.271,0
26.272,0
26.273,0
26.274,0
26.275,0
26.276,0
26.277,0
26.278,0
26.279,0
26.28,0
26.281,0
26.282,0
26.283,0
26.284,0
26.285,0
26.286,0
26.287,0
26.288,0
26.289,0
26.29,0
26.291,0
26.292,0
26.293,0
26.294,0
26.295,0
26.296,0
26.297,0
26.298,0
26.299,0
26.3,0
26.301,0
26.302,0
26.303,0
26.304,0
26.305,0
26.307,0
26.311,0
26.312,0
26.314,0
26.315,0
26.316,0
26.323,0
26.324,0
26.325,0
26.326,0
26.327,0
26.328,0
26.329,0
26.33,0
26.331,0
26.332,0
26.333,0
26.334,0
26.335,0
26.336,0
26.337,0
26.338,0
26.339,0
26.34,0
26.341,0
26.342,0
26.343,0
26.344,0
26.345,0
26.346,0
26.347,0
26.348,0
26.349,0
26.35,0
26.351,0
26.352,0
26.353,0
26.354,0
26.355,0
26.361,0
26.362,0
26.363,0
26.364,0
26.365,0
26.366,0
26.367,0
26.368,0
26.369,0
26.37,0
26.371,0
26.372,0
26.373,0
26.374,0
26.375,0
26.382,0
26.383,0
26.384,0
26.385,0
26.386,0
26.387,0
26.388,0
26.393,0
26.394,0
26.395,0
26.396,0
26.397,0
26.398,0
26.399,0
26.4,0
26.401,0
26.402,0
26.404,0
26.405,0
26.406,0
26.407,0
26.408,0
26.409,0
26.422,0
26.423,0
26.424,0
26.425,0
26.427,0
26.428,0
26.429,0
26.43,0
26.431,0
26.432,0
26.433,0
26.434,0
26.435,0
26.436,0
26.437,0
26.438,0
26.439,0
26.44,0
26.441,0
26.442,0
26.443,0
26.444,0
26.447,0
26.454,0
26.455,0
26.456,0
26.457,0
26.458,0
26.459,0
26.46,0
26.461,0
26.462,0
26.463,0
26.464,0
26.465,0
26.466,0
26.467,0
26.468,0
26.469,0
26.47,0
26.471,0
26.472,0
26.473,0
26.475,0
26.476,0
26.477,0
26.478,0
26.479,0
26.48,0
26.488,0
26.489,0
26.49,0
26.491,0
26.492,0
26.493,0
26.494,0
26.495,0
26.496,0
26.497,0
26.499,0
26.5,0
26.501,0
26.502,0
26.503,0
26.504,0
26.505,0
26.506,0
26.507,0
26.508,0
26.509,0
26.51,0
26.511,0
26.512,0
26.514,0
26.515,0
26.516,0
26.517,0
26.518,0
26.52,0
26.521,0
26.522,0
26.523,0
26.524,0
26.525,0
26.526,0
26.531,0
26.532,0
26.533,0
26.534,0
26.535,0
26.536,0
26.537,0
26.538,0
26.539,0
26.542,0
26.543,0
26.544,0
26.545,0
26.546,0
26.547,0
26.548,0
26.549,0
26.55,0
26.551,0
26.552,0
26.553,0
26.554,0
26.555,0
26.556,0
26.557,0
26.558,0
26.559,0
26.565,0
26.566,0
26.567,0
26.569,0
26.57,0
26.571,0
26.572,0
26.573,0
26.577,0
26.578,0
26.579,0
26.58,0
26.581,0
26.582,0
26.583,0
26.584,0
26.586,0
26.587,0
26.588,0
26.589,0
26.59,0
26.591,0
26.592,0
26.593,0
26.594,0
26.595,0
26.596,0
26.597,0
26.598,0
26.599,0
26.6,0
26.601,0
26.602,0
26.603,0
26.604,0
26.605,0
26.608,0
26.609,0
26.61,0
26.611,0
26.612,0
26.613,0
26.614,0
26.615,0
26.616,0
26.626,0
26.627,0
26.628,0
26.629,0
26.63,0
26.631,0
26.632,0
26.633,0
26.634,0
26.635,0
26.636,0
26.637,0
26.638,0
26.639,0
26.64,0
26.641,0
26.642,0
26.643,0
26.644,0
26.645,0
26.646,0
26.647,0
26.648,0
26.649,0
26.652,0
26.653,0
26.654,0
26.655,0
26.656,0
26.657,0
26.658,0
26.659,0
26.66,0
26.661,0
26.663,0
26.664,0
26.665,0
26.666,0
26.667,0
26.668,0
26.669,0
26.67,0
26.671,0
26.672,0
26.674,0
26.675,0
26.676,0
26.677,0
26.678,0
26.679,0
26.68,0
26.681,0
26.682,0
26.683,0
26.684,0
26.685,0
26.686,0
26.687,0
26.688,0
26.689,0
26.69,0
26.691,0
26.692,0
26.693,0
26.696,0
26.697,0
26.698,0
26.699,0
26.7,0
26.701,0
26.702,0
26.703,0
26.704,0
26.705,0
26.706,0
26.708,0
26.71,0
26.711,0
26.712,0
26.713,0
26.714,0
26.715,0
26.716,0
26.717,0
26.718,0
26.719,0
26.72,0
26.721,0
26.722,0
26.723,0
26.724,0
26.725,0
26.726,0
26.727,0
26.729,0
26.73,0
26.731,0
26.732,0
26.733,0
26.734,0
26.735,0
26.736,0
26.737,0
26.74,0
26.741,0
26.742,0
26.743,0
26.749,0
26.754,0
26.76,0
26.761,0
26.762,0
26.782,0
26.783,0
26.784,0
26.785,0
26.8,0
26.816,0
26.817,0
26.818,0
26.819,0
26.82,0
26.821,0
26.822,0
26.823,0
26.824,0
26.826,0
26.827,0
26.828,0
26.829,0
26.83,0
26.832,0
26.833,0
26.834,0
26.835,0
26.836,0
26.838,0
26.839,0
26.841,0
26.855,0
26.856,0
26.857,0
26.858,0
26.86,0
26.861,0
26.863,0
26.864,0
26.865,0
26.867,0
26.868,0
26.87,0
26.871,0
26.872,0
26.873,0
26.874,0
26.875,0
26.876,0
26.88,0
26.881,0
26.887,0
26.888,0
26.889,0
26.89,0
26.891,0
26.892,0
26.893,0
26.898,0
26.899,0
26.9,0
26.901,0
26.902,0
26.903,0
26.904,0
26.909,0
26.91,0
26.911,0
26.912,0
26.913,0
26.914,0
26.915,0
26.919,0
26.92,0
26.921,0
26.922,0
26.924,0
26.931,0
26.932,0
26.933,0
26.934,0
26.935,0
26.936,0
26.937,0
26.938,0
26.939,0
26.94,0
26.941,0
26.942,0
26.943,0
26.944,0
26.945,0
26.946,0
26.947,0
26.952,0
26.953,0
26.954,0
26.955,0
26.956,0
26.957,0
26.958,0
26.964,0
26.965,0
26.966,0
26.967,0
26.968,0
26.969,0
26.97,0
26.971,0
26.972,0
26.973,0
26.974,0
26.975,0
26.976,0
26.977,0
26.978,0
26.979,0
26.98,0
26.986,0
26.987,0
26.988,0
26.989,0
26.99,0
26.991,0
26.992,0
26.997,0
26.998,0
26.999,0
27,0
27.001,0
27.002,0
27.003,0
27.004,0
27.005,0
27.006,0
27.007,0
27.008,0
27.012,0
27.013,0
27.015,0
27.016,0
27.018,0
27.019,0
27.02,0
27.021,0
27.022,0
27.023,0
27.029,0
27.031,0
27.032,0
27.034,0
27.035,0
27.041,0
27.042,0
27.043,0
27.044,0
27.045,0
27.046,0
27.047,0
27.048,0
27.049,0
27.053,0
27.054,0
27.055,0
27.056,0
27.057,0
27.058,0
27.059,0
27.06,0
27.061,0
27.062,0
27.075,0
27.085,0
27.086,0
27.087,0
27.088,0
27.089,0
27.09,0
27.091,0
27.092,0
27.093,0
27.094,0
27.095,0
27.096,0
27.097,0
27.099,0
27.106,0
27.107,0
27.108,0
27.109,0
27.11,0
27.111,0
27.112,0
27.116,0
27.117,0
27.118,0
27.119,0
27.12,0
27.121,0
27.127,0
27.128,0
27.129,0
27.13,0
27.131,0
27.133,0
27.134,0
27.135,0
27.138,0
27.139,0
27.14,0
27.141,0
27.142,0
27.143,0
27.144,0
27.145,0
27.146,0
27.149,0
27.15,0
27.151,0
27.152,0
27.155,0
27.156,0
27.161,0
27.162,0
27.163,0
27.164,0
27.165,0
27.166,0
27.172,0
27.173,0
27.174,0
27.175,0
27.177,0
27.178,0
27.183,0
27.184,0
27.185,0
27.186,0
27.187,0
27.188,0
27.189,0
27.19,0
27.193,0
27.194,0
27.195,0
27.198,0
27.205,0
27.206,0
27.207,0
27.208,0
27.209,0
27.21,0
27.211,0
27.212,0
27.213,0
27.214,0
27.216,0
27.217,0
27.219,0
27.22,0
27.221,0
27.226,0
27.227,0
27.228,0
27.229,0
27.23,0
27.232,0
27.245,0
27.246,0
27.247,0
27.248,0
27.249,0
27.25,0
27.251,0
27.252,0
27.254,0
27.255,0
27.256,0
27.257,0
27.258,0
27.259,0
27.26,0
27.261,0
27.262,0
27.265,0
27.266,0
27.267,0
27.27,0
27.271,0
27.277,0
27.278,0
27.279,0
27.28,0
27.281,0
27.282,0
27.283,0
27.284,0
27.285,0
27.286,0
27.288,0
27.289,0
27.29,0
27.291,0
27.292,0
27.293,0
27.299,0
27.3,0
27.301,0
27.302,0
27.303,0
27.304,0
27.31,0
27.311,0
27.312,0
27.313,0
27.314,0
27.315,0
27.316,0
27.317,0
27.318,0
27.319,0
27.32,0
27.325,0
27.326,0
27.327,0
27.328,0
27.329,0
27.33,0
27.331,0
27.338,0
27.339,0
27.34,0
27.341,0
27.342,0
27.343,0
27.344,0
27.345,0
27.346,0
27.347,0
27.348,0
27.349,0
27.35,0
27.351,0
27.352,0
27.353,0
27.359,0
27.36,0
27.361,0
27.362,0
27.363,0
27.364,0
27.365,0
27.37,0
27.371,0
27.372,0
27.373,0
27.374,0
27.375,0
27.376,0
27.377,0
27.378,0
27.379,0
27.381,0
27.382,0
27.383,0
27.384,0
27.385,0
27.386,0
27.387,0
27.388,0
27.391,0
27.392,0
27.393,0
27.394,0
27.395,0
27.397,0
27.398,0
27.404,0
27.405,0
27.406,0
27.407,0
27.408,0
27.409,0
27.41,0
27.411,0
27.412,0
27.413,0
27.414,0
27.415,0
27.416,0
27.417,0
27.418,0
27.419,0
27.42,0
27.421,0
27.424,0
27.425,0
27.426,0
27.427,0
27.428,0
27.429,0
27.444,0
27.445,0
27.446,0
27.448,0
27.449,0
27.45,0
27.451,0
27.452,0
27.453,0
27.454,0
27.455,0
27.456,0
27.457,0
27.458,0
27.459,0
27.46,0
27.461,0
27.462,0
27.463,0
27.464,0
27.465,0
27.466,0
27.469,0
27.47,0
27.471,0
27.476,0
27.477,0
27.478,0
27.479,0
27.48,0
27.481,0
27.482,0
27.483,0
27.484,0
27.487,0
27.488,0
27.489,0
27.49,0
27.491,0
27.492,0
27.493,0
27.494,0
27.495,0
27.496,0
27.498,0
27.499,0
27.5,0
27.501,0
27.502,0
27.503,0
27.525,0
27.526,0
27.527,0
27.528,0
27.529,0
27.53,0
27.531,0
27.532,0
27.533,0
27.534,0
27.535,0
27.536,0
27.537,0
27.538,0
27.539,0
27.54,0
27.541,0
27.542,0
27.543,0
27.544,0
27.545,0
27.546,0
27.547,0
27.548,0
27.549,0
27.55,0
27.551,0
27.557,0
27.558,0
27.559,0
27.56,0
27.561,0
27.562,0
27.563,0
27.564,0
27.565,0
27.566,0
27.567,0
27.568,0
27.569,0
27.57,0
27.571,0
27.572,0
27.573,0
27.574,0
27.575,0
27.576,0
27.577,0
27.578,0
27.579,0
27.58,0
27.581,0
27.582,0
27.583,0
27.584,0
27.591,0
27.592,0
27.593,0
27.594,0
27.595,0
27.596,0
27.597,0
27.598,0
27.599,0
27.6,0
27.601,0
27.602,0
27.603,0
27.604,0
27.605,0
27.606,0
27.607,0
27.608,0
27.609,0
27.61,0
27.611,0
27.612,0
27.613,0
27.614,0
27.616,0
27.631,0
27.632,0
27.633,0
27.634,0
27.635,0
27.636,0
27.637,0
27.638,0
27.639,0
27.64,0
27.641,0
27.642,0
27.643,0
27.644,0
27.645,0
27.646,0
27.647,0
27.648,0
27.649,0
27.65,0
27.651,0
27.652,0
27.653,0
27.654,0
27.655,0
27.656,0
27.657,0
27.658,0
27.663,0
27.664,0
27.665,0
27.666,0
27.667,0
27.668,0
27.669,0
27.67,0
27.671,0
27.672,0
27.673,0
27.675,0
27.676,0
27.677,0
27.678,0
27.679,0
27.68,0
27.681,0
27.682,0
27.683,0
27.684,0
27.685,0
27.686,0
27.687,0
27.688,0
27.689,0
27.69,0
27.691,0
27.692,0
27.693,0
27.696,0
27.697,0
27.698,0
27.699,0
27.7,0
27.701,0
27.702,0
27.703,0
27.722,0
27.723,0
27.724,0
27.725,0
27.726,0
27.727,0
27.728,0
27.729,0
27.73,0
27.731,0
27.732,0
27.733,0
27.734,0
27.735,0
27.736,0
27.737,0
27.738,0
27.739,0
27.74,0
27.741,0
27.742,0
27.743,0
27.744,0
27.745,0
27.746,0
27.747,0
27.748,0
27.749,0
27.75,0
27.755,0
27.756,0
27.757,0
27.758,0
27.759,0
27.76,0
27.761,0
27.762,0
27.763,0
27.764,0
27.765,0
27.766,0
27.767,0
27.768,0
27.769,0
27.77,0
27.771,0
27.772,0
27.773,0
27.774,0
27.775,0
27.776,0
27.777,0
27.778,0
27.779,0
27.78,0
27.781,0
27.782,0
27.783,0
27.784,0
27.789,0
27.79,0
27.791,0
27.792,0
27.793,0
27.794,0
27.795,0
27.796,0
27.797,0
27.798,0
27.799,0
27.8,0
27.801,0
27.802,0
27.803,0
27.804,0
27.805,0
27.806,0
27.807,0
27.808,0
27.809,0
27.81,0
27.811,0
27.812,0
27.816,0
27.817,0
27.818,0
27.819,0
27.82,0
27.821,0
27.822,0
27.828,0
27.829,0
27.83,0
27.831,0
27.832,0
27.833,0
27.834,0
27.835,0
27.836,0
27.837,0
27.838,0
27.839,0
27.84,0
27.841,0
27.842,0
27.843,0
27.844,0
27.845,0
27.846,0
27.847,0
27.848,0
27.849,0
27.85,0
27.851,0
27.852,0
27.853,0
27.854,0
27.855,0
27.856,0
27.857,0
27.858,0
27.859,0
27.86,0
27.861,0
27.862,0
27.865,0
27.866,0
27.867,0
27.868,0
27.869,0
27.87,0
27.871,0
27.872,0
27.873,0
27.874,0
27.875,0
27.876,0
27.877,0
27.878,0
27.879,0
27.88,0
27.881,0
27.882,0
27.883,0
27.884,0
27.885,0
27.886,0
27.887,0
27.888,0
27.889,0
27.89,0
27.891,0
27.892,0
27.893,0
27.894,0
27.895,0
27.896,0
27.897,0
27.898,0
27.899,0
27.9,0
27.901,0
27.902,0
27.903,0
27.904,0
27.905,0
27.906,0
27.907,0
27.908,0
27.909,0
27.91,0
27.911,0
27.912,0
27.913,0
27.914,0
27.915,0
27.916,0
27.917,0
27.918,0
27.919,0
27.92,0
27.921,0
27.922,0
27.923,0
27.924,0
27.925,0
27.926,0
27.927,0
27.928,0
27.929,0
27.93,0
27.932,0
27.933,0
27.934,0
27.935,0
27.936,0
27.937,0
27.938,0
27.939,0
27.94,0
27.941,0
27.942,0
27.943,0
27.944,0
27.945,0
27.946,0
27.947,0
27.948,0
27.949,0
27.95,0
27.951,0
27.952,0
27.953,0
27.954,0
27.955,0
27.956,0
27.957,0
27.958,0
27.959,0
27.96,0
27.961,0
27.962,0
27.963,0
27.965,0
27.966,0
27.967,0
27.968,0
27.969,0
27.97,0
27.971,0
27.972,0
27.973,0
27.974,0
27.975,0
27.976,0
27.977,0
27.978,0
27.979,0
27.98,0
27.981,0
27.982,0
27.983,0
27.984,0
27.985,0
27.986,0
27.987,0
27.988,0
27.989,0
27.99,0
27.991,0
27.992,0
27.993,0
27.994,0
27.995,0
27.996,0
27.997,0
27.998,0
27.999,0
28,0
28.001,0
28.002,0
28.003,0
28.004,0
28.005,0
28.006,0
28.007,0
28.008,0
28.009,0
28.01,0
28.011,0
28.012,0
28.013,0
28.014,0
28.015,0
28.016,0
28.017,0
28.018,0
28.019,0
28.02,0
28.021,0
28.022,0
28.023,0
28.024,0
28.025,0
28.026,0
28.027,0
28.028,0
28.029,0
28.03,0
28.031,0
28.032,0
28.043,0
28.044,0
28.045,0
28.046,0
28.047,0
28.048,0
28.049,0
28.05,0
28.051,0
28.052,0
28.053,0
28.054,0
28.055,0
28.056,0
28.057,0
28.058,0
28.059,0
28.06,0
28.061,0
28.062,0
28.063,0
28.064,0
28.065,0
28.066,0
28.067,0
28.068,0
28.069,0
28.07,0
28.071,0
28.072,0
28.073,0
28.074,0
28.075,0
28.076,0
28.077,0
28.078,0
28.079,0
28.08,0
28.081,0
28.082,0
28.083,0
28.084,0
28.085,0
28.086,0
28.087,0
28.088,0
28.089,0
28.09,0
28.091,0
28.092,0
28.093,0
28.094,0
28.095,0
28.096,0
28.097,0
28.098,0
28.099,0
28.1,0
28.101,0
28.106,0
28.107,0
28.108,0
28.109,0
28.11,0
28.111,0
28.112,0
28.113,0
28.114,0
28.115,0
28.116,0
28.117,0
28.118,0
28.119,0
28.12,0
28.121,0
28.122,0
28.123,0
28.124,0
28.125,0
28.126,0
28.127,0
28.128,0
28.129,0
28.13,0
28.131,0
28.132,0
28.133,0
28.134,0
28.136,0
28.137,0
28.138,0
28.139,0
28.14,0
28.141,0
28.142,0
28.143,0
28.144,0
28.145,0
28.146,0
28.147,0
28.148,0
28.149,0
28.15,0
28.151,0
28.152,0
28.153,0
28.154,0
28.155,0
28.156,0
28.157,0
28.158,0
28.159,0
28.16,0
28.161,0
28.162,0
28.163,0
28.164,0
28.165,0
28.166,0
28.167,0
28.168,0
28.169,0
28.17,0
28.171,0
28.172,0
28.173,0
28.174,0
28.175,0
28.176,0
28.177,0
28.178,0
28.179,0
28.18,0
28.181,0
28.182,0
28.183,0
28.184,0
28.185,0
28.186,0
28.187,0
28.188,0
28.189,0
28.19,0
28.191,0
28.192,0
28.193,0
28.194,0
28.195,0
28.196,0
28.197,0
28.198,0
28.199,0
28.2,0
28.201,0
28.202,0
28.203,0
28.204,0
28.205,0
28.206,0
28.207,0
28.208,0
28.209,0
28.21,0
28.211,0
28.212,0
28.213,0
28.214,0
28.215,0
28.216,0
28.217,0
28.219,0
28.22,0
28.221,0
28.222,0
28.223,0
28.224,0
28.225,0
28.226,0
28.227,0
28.228,0
28.229,0
28.23,0
28.231,0
28.232,0
28.233,0
28.234,0
28.235,0
28.236,0
28.237,0
28.238,0
28.239,0
28.24,0
28.241,0
28.242,0
28.243,0
28.244,0
28.245,0
28.246,0
28.247,0
28.248,0
28.249,0
28.25,0
28.251,0
28.252,0
28.253,0
28.254,0
28.255,0
28.256,0
28.257,0
28.258,0
28.259,0
28.26,0
28.261,0
28.262,0
28.263,0
28.264,0
28.265,0
28.266,0
28.267,0
28.268,0
28.269,0
28.27,0
28.271,0
28.272,0
28.273,0
28.274,0
28.275,0
28.276,0
28.277,0
28.278,0
28.279,0
28.28,0
28.281,0
28.282,0
28.283,0
28.29,0
28.291,0
28.292,0
28.293,0
28.294,0
28.295,0
28.296,0
28.297,0
28.298,0
28.299,0
28.3,0
28.301,0
28.302,0
28.303,0
28.304,0
28.305,0
28.306,0
28.307,0
28.308,0
28.309,0
28.31,0
28.311,0
28.312,0
28.313,0
28.314,0
28.315,0
28.316,0
28.317,0
28.318,0
28.319,0
28.32,0
28.321,0
28.322,0
28.323,0
28.324,0
28.325,0
28.326,0
28.327,0
28.328,0
28.329,0
28.33,0
28.331,0
28.332,0
28.333,0
28.334,0
28.335,0
28.336,0
28.337,0
28.338,0
28.339,0
28.34,0
28.341,0
28.342,0
28.343,0
28.344,0
28.345,0
28.346,0
28.347,0
28.348,0
28.349,0
28.35,0
28.351,0
28.352,0
28.353,0
28.354,0
28.355,0
28.356,0
28.357,0
28.358,0
28.359,0
28.36,0
28.361,0
28.362,0
28.363,0
28.364,0
28.365,0
28.366,0
28.367,0
28.368,0
28.369,0
28.37,0
28.371,0
28.372,0
28.373,0
28.374,0
28.375,0
28.376,0
28.377,0
28.378,0
28.379,0
28.38,0
28.381,0
28.382,0
28.383,0
28.384,0
28.385,0
28.386,0
28.387,0
28.388,0
28.389,0
28.39,0
28.391,0
28.392,0
28.393,0
28.394,0
28.395,0
28.396,0
28.397,0
28.398,0
28.399,0
28.4,0
28.401,0
28.402,0
28.403,0
28.404,0
28.405,0
28.406,0
28.407,0
28.408,0
28.409,0
28.41,0
28.411,0
28.412,0
28.413,0
28.414,0
28.415,0
28.416,0
28.417,0
28.418,0
28.419,0
28.42,0
28.421,0
28.422,0
28.423,0
28.424,0
28.425,0
28.426,0
28.427,0
28.428,0
28.434,0
28.435,0
28.436,0
28.437,0
28.438,0
28.439,0
28.44,0
28.441,0
28.442,0
28.443,0
28.444,0
28.445,0
28.446,0
28.447,0
28.448,0
28.449,0
28.45,0
28.451,0
28.452,0
28.453,0
28.454,0
28.455,0
28.456,0
28.457,0
28.458,0
28.459,0
28.46,0
28.461,0
28.462,0
28.463,0
28.464,0
28.465,0
28.466,0
28.467,0
28.468,0
28.469,0
28.47,0
28.471,0
28.472,0
28.473,0
28.474,0
28.475,0
28.476,0
28.477,0
28.478,0
28.479,0
28.48,0
28.481,0
28.482,0
28.483,0
28.484,0
28.485,0
28.486,0
28.487,0
28.488,0
28.489,0
28.49,0
28.491,0
28.492,0
28.493,0
28.494,0
28.495,0
28.496,0
28.497,0
28.498,0
28.499,0
28.5,0
28.501,0
28.502,0
28.503,0
28.504,0
28.505,0
28.506,0
28.51,0
28.512,0
28.513,0
28.514,0
28.515,0
28.517,0
28.522,0
28.523,0
28.524,0
28.525,0
28.526,0
28.527,0
28.528,0
28.529,0
28.53,0
28.531,0
28.532,0
28.533,0
28.534,0
28.535,0
28.536,0
28.537,0
28.538,0
28.539,0
28.54,0
28.541,0
28.542,0
28.543,0
28.544,0
28.545,0
28.546,0
28.547,0
28.548,0
28.549,0
28.55,0
28.551,0
28.552,0
28.553,0
28.554,0
28.555,0
28.556,0
28.557,0
28.558,0
28.559,0
28.56,0
28.561,0
28.562,0
28.566,0
28.567,0
28.572,0
28.579,0
28.58,0
28.581,0
28.582,0
28.589,0
28.59,0
28.591,0
28.592,0
28.595,0
28.602,0
28.606,0
28.607,0
28.608,0
28.609,0
28.622,0
28.623,0
28.624,0
28.625,0
28.626,0
28.627,0
28.628,0
28.629,0
28.641,0
28.642,0
28.643,0
28.644,0
28.645,0
28.646,0
28.647,0
28.648,0
28.649,0
28.65,0
28.651,0
28.652,0
28.653,0
28.654,0
28.655,0
28.656,0
28.661,0
28.662,0
28.663,0
28.664,0
28.665,0
28.666,0
28.667,0
28.668,0
28.669,0
28.672,0
28.673,0
28.674,0
28.675,0
28.676,0
28.677,0
28.678,0
28.679,0
28.68,0
28.681,0
28.682,0
28.683,0
28.684,0
28.685,0
28.686,0
28.687,0
28.688,0
28.689,0
28.694,0
28.695,0
28.696,0
28.697,0
28.698,0
28.699,0
28.7,0
28.701,0
28.703,0
28.706,0
28.707,0
28.708,0
28.709,0
28.71,0
28.711,0
28.712,0
28.713,0
28.714,0
28.715,0
28.716,0
28.717,0
28.718,0
28.719,0
28.72,0
28.721,0
28.727,0
28.728,0
28.729,0
28.73,0
28.731,0
28.732,0
28.733,0
28.734,0
28.735,0
28.736,0
28.739,0
28.74,0
28.741,0
28.742,0
28.743,0
28.744,0
28.745,0
28.746,0
28.747,0
28.748,0
28.749,0
28.75,0
28.751,0
28.752,0
28.753,0
28.754,0
28.76,0
28.761,0
28.762,0
28.763,0
28.764,0
28.765,0
28.766,0
28.767,0
28.768,0
28.769,0
28.77,0
28.772,0
28.773,0
28.774,0
28.775,0
28.776,0
28.777,0
28.778,0
28.779,0
28.78,0
28.781,0
28.782,0
28.783,0
28.784,0
28.785,0
28.786,0
28.787,0
28.788,0
28.793,0
28.794,0
28.795,0
28.796,0
28.797,0
28.798,0
28.799,0
28.8,0
28.801,0
28.802,0
28.803,0
28.805,0
28.806,0
28.807,0
28.808,0
28.809,0
28.81,0
28.811,0
28.812,0
28.813,0
28.814,0
28.815,0
28.816,0
28.817,0
28.818,0
28.819,0
28.82,0
28.821,0
28.822,0
28.839,0
28.84,0
28.841,0
28.842,0
28.843,0
28.844,0
28.845,0
28.846,0
28.847,0
28.848,0
28.85,0
28.851,0
28.852,0
28.853,0
28.854,0
28.855,0
28.856,0
28.857,0
28.858,0
28.859,0
28.86,0
28.861,0
28.862,0
28.863,0
28.864,0
28.865,0
28.866,0
28.867,0
28.868,0
28.871,0
28.872,0
28.873,0
28.874,0
28.875,0
28.876,0
28.877,0
28.878,0
28.879,0
28.88,0
28.881,0
28.883,0
28.884,0
28.885,0
28.886,0
28.887,0
28.888,0
28.889,0
28.89,0
28.891,0
28.892,0
28.893,0
28.894,0
28.895,0
28.896,0
28.897,0
28.898,0
28.899,0
28.9,0
28.901,0
28.902,0
28.904,0
28.907,0
28.908,0
28.909,0
28.911,0
28.912,0
28.913,0
28.914,0
28.915,0
28.916,0
28.917,0
28.918,0
28.92,0
28.921,0
28.922,0
28.923,0
28.924,0
28.925,0
28.926,0
28.927,0
28.928,0
28.929,0
28.93,0
28.931,0
28.932,0
28.938,0
28.939,0
28.94,0
28.941,0
28.942,0
28.943,0
28.944,0
28.945,0
28.946,0
28.947,0
28.948,0
28.949,0
28.95,0
28.951,0
28.956,0
28.965,0
28.966,0
28.967,0
28.968,0
28.969,0
28.97,0
28.971,0
28.972,0
28.973,0
28.974,0
28.975,0
28.976,0
28.977,0
28.979,0
28.985,0
28.986,0
28.987,0
28.99,0
28.991,0
28.998,0
28.999,0
29,0
29.001,0
29.002,0
29.004,0
29.005,0
29.006,0
29.007,0
29.008,0
29.009,0
29.01,0
29.011,0
29.012,0
29.013,0
29.014,0
29.018,0
29.019,0
29.02,0
29.021,0
29.024,0
29.025,0
29.03,0
29.031,0
29.032,0
29.033,0
29.034,0
29.035,0
29.036,0
29.037,0
29.041,0
29.042,0
29.043,0
29.044,0
29.045,0
29.046,0
29.047,0
29.048,0
29.052,0
29.053,0
29.054,0
29.055,0
29.056,0
29.057,0
29.058,0
29.063,0
29.064,0
29.065,0
29.066,0
29.067,0
29.068,0
29.069,0
29.07,0
29.074,0
29.075,0
29.076,0
29.077,0
29.078,0
29.079,0
29.08,0
29.081,0
29.082,0
29.083,0
29.085,0
29.086,0
29.087,0
29.088,0
29.089,0
29.09,0
29.096,0
29.097,0
29.098,0
29.099,0
29.1,0
29.101,0
29.102,0
29.103,0
29.114,0
29.115,0
29.116,0
29.117,0
29.118,0
29.119,0
29.12,0
29.121,0
29.122,0
29.123,0
29.124,0
29.125,0
29.126,0
29.127,0
29.128,0
29.129,0
29.13,0
29.131,0
29.134,0
29.135,0
29.136,0
29.137,0
29.138,0
29.139,0
29.14,0
29.146,0
29.147,0
29.148,0
29.149,0
29.15,0
29.151,0
29.152,0
29.153,0
29.154,0
29.155,0
29.156,0
29.157,0
29.158,0
29.159,0
29.16,0
29.161,0
29.162,0
29.163,0
29.168,0
29.169,0
29.17,0
29.171,0
29.172,0
29.173,0
29.174,0
29.175,0
29.179,0
29.18,0
29.181,0
29.182,0
29.183,0
29.184,0
29.185,0
29.186,0
29.187,0
29.188,0
29.189,0
29.19,0
29.191,0
29.192,0
29.193,0
29.194,0
29.195,0
29.196,0
29.201,0
29.202,0
29.203,0
29.204,0
29.205,0
29.206,0
29.207,0
29.208,0
29.22,0
29.221,0
29.222,0
29.223,0
29.224,0
29.225,0
29.226,0
29.227,0
29.228,0
29.229,0
29.23,0
29.231,0
29.232,0
29.233,0
29.234,0
29.235,0
29.236,0
29.237,0
29.238,0
29.239,0
29.241,0
29.242,0
29.243,0
29.244,0
29.245,0
29.246,0
29.247,0
29.248,0
29.249,0
29.252,0
29.253,0
29.254,0
29.255,0
29.256,0
29.257,0
29.263,0
29.264,0
29.265,0
29.266,0
29.267,0
29.268,0
29.269,0
29.27,0
29.271,0
29.272,0
29.273,0
29.275,0
29.276,0
29.277,0
29.278,0
29.279,0
29.28,0
29.281,0
29.282,0
29.283,0
29.284,0
29.285,0
29.286,0
29.287,0
29.288,0
29.291,0
29.292,0
29.298,0
29.299,0
29.3,0
29.301,0
29.302,0
29.303,0
29.304,0
29.305,0
29.308,0
29.309,0
29.31,0
29.311,0
29.312,0
29.313,0
29.314,0
29.315,0
29.316,0
29.317,0
29.318,0
29.319,0
29.32,0
29.321,0
29.322,0
29.323,0
29.324,0
29.325,0
29.326,0
29.329,0
29.33,0
29.331,0
29.332,0
29.333,0
29.334,0
29.335,0
29.34,0
29.341,0
29.342,0
29.343,0
29.344,0
29.345,0
29.346,0
29.347,0
29.348,0
29.349,0
29.35,0
29.351,0
29.352,0
29.353,0
29.354,0
29.355,0
29.356,0
29.357,0
29.358,0
29.359,0
29.36,0
29.361,0
29.362,0
29.363,0
29.364,0
29.365,0
29.366,0
29.367,0
29.374,0
29.375,0
29.376,0
29.377,0
29.378,0
29.379,0
29.38,0
29.381,0
29.382,0
29.383,0
29.384,0
29.385,0
29.386,0
29.387,0
29.388,0
29.389,0
29.39,0
29.391,0
29.392,0
29.393,0
29.394,0
29.395,0
29.396,0
29.397,0
29.398,0
29.399,0
29.413,0
29.414,0
29.415,0
29.416,0
29.417,0
29.418,0
29.419,0
29.42,0
29.421,0
29.422,0
29.423,0
29.424,0
29.425,0
29.426,0
29.427,0
29.428,0
29.429,0
29.43,0
29.431,0
29.432,0
29.433,0
29.434,0
29.435,0
29.446,0
29.447,0
29.448,0
29.449,0
29.45,0
29.451,0
29.452,0
29.453,0
29.454,0
29.455,0
29.456,0
29.457,0
29.458,0
29.459,0
29.46,0
29.461,0
29.462,0
29.463,0
29.464,0
29.465,0
29.466,0
29.467,0
29.468,0
29.469,0
29.47,0
29.471,0
29.472,0
29.473,0
29.474,0
29.478,0
29.479,0
29.48,0
29.481,0
29.482,0
29.483,0
29.484,0
29.485,0
29.486,0
29.487,0
29.488,0
29.49,0
29.491,0
29.492,0
29.493,0
29.494,0
29.495,0
29.496,0
29.497,0
29.498,0
29.499,0
29.5,0
29.501,0
29.502,0
29.503,0
29.504,0
29.506,0
29.507,0
29.508,0
29.509,0
29.512,0
29.513,0
29.514,0
29.515,0
29.516,0
29.517,0
29.518,0
29.519,0
29.52,0
29.521,0
29.522,0
29.523,0
29.524,0
29.525,0
29.526,0
29.527,0
29.534,0
29.535,0
29.536,0
29.537,0
29.538,0
29.539,0
29.54,0
29.541,0
29.542,0
29.543,0
29.544,0
29.545,0
29.546,0
29.547,0
29.548,0
29.549,0
29.55,0
29.551,0
29.552,0
29.553,0
29.554,0
29.555,0
29.556,0
29.557,0
29.558,0
29.559,0
29.56,0
29.561,0
29.562,0
29.567,0
29.568,0
29.569,0
29.57,0
29.571,0
29.572,0
29.573,0
29.574,0
29.575,0
29.576,0
29.577,0
29.578,0
29.579,0
29.58,0
29.581,0
29.582,0
29.583,0
29.584,0
29.585,0
29.586,0
29.587,0
29.588,0
29.589,0
29.59,0
29.591,0
29.592,0
29.593,0
29.594,0
29.595,0
29.596,0
29.597,0
29.6,0
29.601,0
29.602,0
29.603,0
29.604,0
29.605,0
29.606,0
29.608,0
29.609,0
29.611,0
29.612,0
29.624,0
29.625,0
29.626,0
29.627,0
29.628,0
29.629,0
29.631,0
29.632,0
29.633,0
29.634,0
29.635,0
29.636,0
29.637,0
29.638,0
29.641,0
29.642,0
29.643,0
29.644,0
29.645,0
29.646,0
29.647,0
29.648,0
29.649,0
29.65,0
29.651,0
29.652,0
29.653,0
29.654,0
29.655,0
29.656,0
29.657,0
29.658,0
29.659,0
29.66,0
29.661,0
29.662,0
29.663,0
29.664,0
29.665,0
29.666,0
29.667,0
29.668,0
29.669,0
29.672,0
29.677,0
29.679,0
29.68,0
29.681,0
29.683,0
29.693,0
29.694,0
29.695,0
29.696,0
29.697,0
29.698,0
29.699,0
29.7,0
29.701,0
29.702,0
29.703,0
29.704,0
29.705,0
29.707,0
29.708,0
29.713,0
29.714,0
29.715,0
29.716,0
29.717,0
29.719,0
29.72,0
29.726,0
29.727,0
29.728,0
29.729,0
29.73,0
29.731,0
29.732,0
29.733,0
29.734,0
29.735,0
29.736,0
29.737,0
29.738,0
29.739,0
29.74,0
29.741,0
29.742,0
29.746,0
29.747,0
29.748,0
29.749,0
29.751,0
29.752,0
29.759,0
29.76,0
29.761,0
29.762,0
29.763,0
29.764,0
29.765,0
29.766,0
29.767,0
29.768,0
29.769,0
29.77,0
29.771,0
29.772,0
29.773,0
29.774,0
29.775,0
29.779,0
29.78,0
29.781,0
29.782,0
29.783,0
29.784,0
29.785,0
29.786,0
29.792,0
29.793,0
29.794,0
29.795,0
29.796,0
29.797,0
29.798,0
29.799,0
29.801,0
29.802,0
29.803,0
29.804,0
29.805,0
29.806,0
29.807,0
29.808,0
29.818,0
29.819,0
29.82,0
29.821,0
29.822,0
29.826,0
29.827,0
29.828,0
29.829,0
29.83,0
29.831,0
29.832,0
29.833,0
29.834,0
29.835,0
29.836,0
29.837,0
29.838,0
29.839,0
29.84,0
29.841,0
29.842,0
29.843,0
29.846,0
29.847,0
29.848,0
29.849,0
29.854,0
29.855,0
29.856,0
29.857,0
29.858,0
29.859,0
29.86,0
29.861,0
29.862,0
29.863,0
29.865,0
29.866,0
29.867,0
29.868,0
29.869,0
29.87,0
29.871,0
29.872,0
29.873,0
29.874,0
29.875,0
29.876,0
29.877,0
29.878,0
29.879,0
29.886,0
29.887,0
29.888,0
29.889,0
29.89,0
29.891,0
29.892,0
29.893,0
29.894,0
29.895,0
29.896,0
29.897,0
29.898,0
29.899,0
29.9,0
29.901,0
29.902,0
29.903,0
29.904,0
29.905,0
29.907,0
29.908,0
29.909,0
29.91,0
29.911,0
29.913,0
29.914,0
29.915,0
29.921,0
29.922,0
29.924,0
29.925,0
29.926,0
29.927,0
29.928,0
29.931,0
29.932,0
29.933,0
29.935,0
29.936,0
29.937,0
29.938,0
29.939,0
29.941,0
29.942,0
29.943,0
29.944,0
29.945,0
29.946,0
29.947,0
29.948,0
29.949,0
29.95,0
29.951,0
29.952,0
29.953,0
29.954,0
29.955,0
29.956,0
29.957,0
29.958,0
29.959,0
29.963,0
29.964,0
29.965,0
29.966,0
29.967,0
29.968,0
29.969,0
29.97,0
29.971,0
29.972,0
29.974,0
29.975,0
29.976,0
29.977,0
29.978,0
29.979,0
29.98,0
29.981,0
29.982,0
29.983,0
29.985,0
29.986,0
29.987,0
29.988,0
29.989,0
29.99,0
29.991,0
29.996,0
29.997,0
29.998,0
29.999,0
30,0
30.001,0
30.002,0
30.003,0
30.004,0
30.005,0
30.006,0
30.007,0
30.008,0
30.009,0
30.01,0
30.011,0
30.012,0
30.013,0
30.014,0
30.015,0
30.016,0
30.017,0
30.018,0
30.019,0
30.02,0
30.021,0
30.022,0
30.023,0
30.045,0
30.046,0
30.047,0
30.048,0
30.049,0
30.05,0
30.051,0
30.052,0
30.053,0
30.054,0
30.055,0
30.056,0
30.057,0
30.058,0
30.059,0
30.06,0
30.061,0
30.062,0
30.063,0
30.064,0
30.065,0
30.066,0
30.067,0
30.068,0
30.069,0
30.07,0
30.071,0
30.072,0
30.073,0
30.074,0
30.077,0
30.078,0
30.079,0
30.08,0
30.081,0
30.082,0
30.083,0
30.084,0
30.085,0
30.089,0
30.09,0
30.091,0
30.092,0
30.093,0
30.094,0
30.095,0
30.096,0
30.1,0
30.101,0
30.102,0
30.103,0
30.104,0
30.105,0
30.106,0
30.107,0
30.108,0
30.109,0
30.11,0
30.116,0
30.117,0
30.118,0
30.119,0
30.12,0
30.122,0
30.124,0
30.129,0
30.13,0
30.131,0
30.132,0
30.133,0
30.134,0
30.135,0
30.136,0
30.137,0
30.138,0
30.139,0
30.14,0
30.141,0
30.142,0
30.144,0
30.145,0
30.146,0
30.147,0
30.148,0
30.149,0
30.15,0
30.151,0
30.152,0
30.153,0
30.154,0
30.155,0
30.156,0
30.157,0
30.158,0
30.159,0
30.16,0
30.161,0
30.162,0
30.164,0
30.165,0
30.172,0
30.173,0
30.174,0
30.175,0
30.176,0
30.177,0
30.178,0
30.179,0
30.18,0
30.181,0
30.182,0
30.183,0
30.184,0
30.185,0
30.186,0
30.187,0
30.188,0
30.189,0
30.19,0
30.191,0
30.192,0
30.193,0
30.194,0
30.195,0
30.196,0
30.197,0
30.198,0
30.199,0
30.2,0
30.204,0
30.205,0
30.206,0
30.207,0
30.208,0
30.209,0
30.21,0
30.211,0
30.212,0
30.213,0
30.214,0
30.215,0
30.216,0
30.222,0
30.223,0
30.224,0
30.225,0
30.226,0
30.227,0
30.228,0
30.229,0
30.23,0
30.231,0
30.232,0
30.233,0
30.234,0
30.235,0
30.236,0
30.237,0
30.238,0
30.239,0
30.24,0
30.241,0
30.242,0
30.243,0
30.244,0
30.245,0
30.246,0
30.247,0
30.248,0
30.249,0
30.25,0
30.251,0
30.252,0
30.253,0
30.254,0
30.255,0
30.256,0
30.257,0
30.258,0
30.259,0
30.26,0
30.261,0
30.262,0
30.263,0
30.264,0
30.265,0
30.266,0
30.267,0
30.268,0
30.27,0
30.271,0
30.272,0
30.273,0
30.274,0
30.275,0
30.276,0
30.277,0
30.278,0
30.279,0
30.28,0
30.281,0
30.282,0
30.283,0
30.284,0
30.285,0
30.286,0
30.287,0
30.288,0
30.289,0
30.29,0
30.291,0
30.292,0
30.293,0
30.294,0
30.295,0
30.296,0
30.297,0
30.298,0
30.299,0
30.3,0
30.301,0
30.302,0
30.304,0
30.305,0
30.306,0
30.307,0
30.308,0
30.309,0
30.31,0
30.311,0
30.312,0
30.317,0
30.318,0
30.319,0
30.32,0
30.321,0
30.322,0
30.323,0
30.324,0
30.325,0
30.326,0
30.327,0
30.328,0
30.329,0
30.33,0
30.331,0
30.332,0
30.333,0
30.334,0
30.335,0
30.336,0
30.337,0
30.338,0
30.339,0
30.34,0
30.341,0
30.342,0
30.343,0
30.344,0
30.345,0
30.355,0
30.361,0
30.369,0
30.376,0
30.621,0
32.356,0
32.357,0
32.363,0
32.364,0
32.365,0
32.366,0
32.367,0
32.368,0
32.384,0
32.385,0
32.39,0
32.392,0
32.393,0
32.394,0
32.395,0
32.396,0
32.397,0
32.398,0
32.4,0
32.402,0
32.405,0
32.406,0
32.411,0
32.412,0
32.424,0
32.425,0
32.426,0
32.428,0
32.429,0
32.43,0
32.431,0
32.433,0
32.435,0
32.436,0
32.437,0
32.438,0
32.439,0
32.44,0
32.441,0
32.442,0
32.445,0
32.446,0
32.447,0
32.448,0
32.449,0
32.45,0
32.452,0
32.453,0
32.454,0
32.456,0
32.463,0
32.464,0
32.465,0
32.466,0
32.467,0
32.468,0
32.469,0
32.47,0
32.471,0
32.472,0
32.473,0
32.474,0
32.475,0
32.476,0
32.477,0
32.478,0
32.479,0
32.48,0
32.481,0
32.483,0
32.484,0
32.485,0
32.486,0
32.488,0
32.495,0
32.496,0
32.497,0
32.498,0
32.499,0
32.5,0
32.501,0
32.502,0
32.503,0
32.512,0
32.513,0
32.514,0
32.515,0
32.517,0
32.518,0
32.519,0
32.52,0
32.521,0
32.522,0
32.523,0
32.524,0
32.525,0
32.526,0
32.527,0
32.528,0
32.529,0
32.53,0
32.531,0
32.532,0
32.539,0
32.54,0
32.541,0
32.542,0
32.543,0
32.544,0
32.545,0
32.546,0
32.55,0
32.551,0
32.552,0
32.553,0
32.554,0
32.555,0
32.556,0
32.557,0
32.558,0
32.559,0
32.561,0
32.562,0
32.563,0
32.564,0
32.565,0
32.566,0
32.572,0
32.573,0
32.574,0
32.575,0
32.576,0
32.577,0
32.578,0
32.579,0
32.583,0
32.584,0
32.585,0
32.586,0
32.587,0
32.588,0
32.589,0
32.59,0
32.591,0
32.592,0
32.594,0
32.595,0
32.596,0
32.597,0
32.598,0
32.599,0
32.6,0
32.605,0
32.606,0
32.607,0
32.608,0
32.609,0
32.61,0
32.611,0
32.612,0
32.623,0
32.624,0
32.625,0
32.626,0
32.627,0
32.628,0
32.629,0
32.63,0
32.631,0
32.632,0
32.633,0
32.634,0
32.635,0
32.636,0
32.637,0
32.638,0
32.639,0
32.64,0
32.641,0
32.642,0
32.643,0
32.644,0
32.645,0
32.649,0
32.65,0
32.651,0
32.654,0
32.655,0
32.656,0
32.661,0
32.662,0
32.663,0
32.664,0
32.665,0
32.666,0
32.667,0
32.668,0
32.669,0
32.67,0
32.671,0
32.672,0
32.673,0
32.674,0
32.675,0
32.676,0
32.677,0
32.678,0
32.679,0
32.68,0
32.681,0
32.682,0
32.683,0
32.684,0
32.685,0
32.686,0
32.687,0
32.688,0
32.689,0
32.69,0
32.691,0
32.693,0
32.694,0
32.695,0
32.696,0
32.697,0
32.698,0
32.699,0
32.7,0
32.701,0
32.702,0
32.703,0
32.704,0
32.707,0
32.708,0
32.709,0
32.71,0
32.712,0
32.713,0
32.714,0
32.715,0
32.716,0
32.717,0
32.718,0
32.719,0
32.721,0
32.722,0
32.723,0
32.726,0
32.727,0
32.728,0
32.729,0
32.73,0
32.731,0
32.732,0
32.733,0
32.734,0
32.735,0
32.736,0
32.737,0
32.738,0
32.739,0
32.74,0
32.741,0
32.742,0
32.743,0
32.744,0
32.745,0
32.746,0
32.747,0
32.748,0
32.749,0
32.75,0
32.751,0
32.752,0
32.753,0
32.754,0
32.755,0
32.756,0
32.757,0
32.758,0
32.759,0
32.76,0
32.761,0
32.762,0
32.763,0
32.764,0
32.765,0
32.766,0
32.767,0
32.768,0
32.769,0
32.77,0
32.771,0
32.772,0
32.773,0
32.774,0
32.775,0
32.776,0
32.777,0
32.778,0
32.779,0
32.78,0
32.781,0
32.782,0
32.783,0
32.784,0
32.785,0
32.786,0
32.787,0
32.788,0
32.789,0
32.79,0
32.791,0
32.792,0
32.793,0
32.794,0
32.795,0
32.796,0
32.797,0
32.798,0
32.799,0
32.8,0
32.801,0
32.802,0
32.803,0
32.804,0
32.805,0
32.806,0
32.807,0
32.808,0
32.811,0
32.813,0
32.815,0
32.816,0
32.817,0
32.818,0
32.82,0
32.821,0
32.822,0
32.823,0
32.824,0
32.825,0
32.827,0
32.829,0
32.83,0
32.831,0
32.832,0
32.833,0
32.836,0
32.84,0
32.841,0
32.843,0
32.844,0
32.845,0
32.848,0
32.849,0
32.85,0
32.851,0
32.852,0
32.853,0
32.854,0
32.855,0
32.856,0
32.857,0
32.858,0
32.859,0
32.86,0
32.861,0
32.862,0
32.863,0
32.864,0
32.865,0
32.866,0
32.867,0
32.868,0
32.869,0
32.87,0
32.871,0
32.872,0
32.873,0
32.874,0
32.875,0
32.876,0
32.877,0
32.878,0
32.879,0
32.88,0
32.881,0
32.882,0
32.883,0
32.884,0
32.885,0
32.886,0
32.887,0
32.888,0
32.889,0
32.89,0
32.891,0
32.892,0
32.893,0
32.894,0
32.895,0
32.896,0
32.897,0
32.898,0
32.899,0
32.9,0
32.901,0
32.902,0
32.903,0
32.904,0
32.905,0
32.907,0
32.908,0
32.909,0
32.91,0
32.911,0
32.912,0
32.913,0
32.914,0
32.915,0
32.916,0
32.917,0
32.918,0
32.919,0
32.92,0
32.921,0
32.922,0
32.923,0
32.924,0
32.925,0
32.926,0
32.927,0
32.928,0
32.929,0
32.93,0
32.931,0
32.932,0
32.933,0
32.934,0
32.935,0
32.936,0
32.937,0
32.938,0
32.939,0
32.94,0
32.941,0
32.942,0
32.943,0
32.944,0
32.945,0
32.946,0
32.947,0
32.948,0
32.949,0
32.95,0
32.951,0
32.952,0
32.953,0
32.954,0
32.955,0
32.956,0
32.957,0
32.958,0
32.959,0
32.96,0
32.961,0
32.962,0
32.963,0
32.964,0
32.965,0
32.966,0
32.967,0
32.968,0
32.969,0
32.97,0
32.971,0
32.972,0
32.973,0
32.974,0
32.975,0
32.976,0
32.977,0
32.978,0
32.979,0
32.98,0
32.981,0
32.982,0
32.983,0
32.984,0
32.985,0
32.986,0
32.987,0
32.988,0
32.989,0
32.99,0
32.991,0
32.992,0
32.993,0
32.994,0
32.995,0
32.996,0
32.997,0
32.998,0
32.999,0
33,0
33.001,0
33.002,0
33.003,0
33.004,0
33.005,0
33.006,0
33.007,0
33.008,0
33.009,0
33.01,0
33.011,0
33.013,0
33.014,0
33.015,0
33.016,0
33.017,0
33.018,0
33.019,0
33.02,0
33.021,0
33.023,0
33.024,0
33.025,0
33.026,0
33.027,0
33.028,0
33.029,0
33.03,0
33.031,0
33.032,0
33.033,0
33.035,0
33.036,0
33.037,0
33.038,0
33.039,0
33.04,0
33.042,0
33.043,0
33.044,0
33.045,0
33.046,0
33.047,0
33.048,0
33.049,0
33.05,0
33.051,0
33.052,0
33.053,0
33.054,0
33.055,0
33.056,0
33.057,0
33.058,0
33.059,0
33.06,0
33.061,0
33.062,0
33.063,0
33.064,0
33.065,0
33.066,0
33.067,0
33.068,0
33.071,0
33.078,0
33.079,0
33.08,0
33.081,0
33.082,0
33.083,0
33.084,0
33.085,0
33.089,0
33.09,0
33.091,0
33.092,0
33.093,0
33.094,0
33.095,0
33.096,0
33.099,0
33.1,0
33.101,0
33.102,0
33.105,0
33.106,0
33.107,0
33.117,0
33.118,0
33.119,0
33.12,0
33.121,0
33.122,0
33.123,0
33.124,0
33.125,0
33.126,0
33.127,0
33.128,0
33.129,0
33.13,0
33.131,0
33.132,0
33.133,0
33.134,0
33.135,0
33.136,0
33.138,0
33.139,0
33.14,0
33.141,0
33.142,0
33.143,0
33.144,0
33.145,0
33.146,0
33.15,0
33.151,0
33.152,0
33.153,0
33.154,0
33.155,0
33.156,0
33.157,0
33.16,0
33.161,0
33.162,0
33.163,0
33.164,0
33.165,0
33.166,0
33.167,0
33.168,0
33.169,0
33.171,0
33.172,0
33.173,0
33.174,0
33.175,0
33.176,0
33.177,0
33.178,0
33.183,0
33.184,0
33.185,0
33.186,0
33.187,0
33.188,0
33.189,0
33.19,0
33.191,0
33.192,0
33.193,0
33.194,0
33.195,0
33.196,0
33.197,0
33.198,0
33.199,0
33.2,0
33.205,0
33.206,0
33.207,0
33.208,0
33.209,0
33.21,0
33.211,0
33.212,0
33.213,0
33.215,0
33.216,0
33.217,0
33.218,0
33.219,0
33.22,0
33.221,0
33.222,0
33.223,0
33.224,0
33.225,0
33.226,0
33.227,0
33.228,0
33.229,0
33.23,0
33.231,0
33.232,0
33.233,0
33.234,0
33.235,0
33.236,0
33.237,0
33.238,0
33.239,0
33.24,0
33.241,0
33.242,0
33.243,0
33.244,0
33.245,0
33.246,0
33.248,0
33.249,0
33.25,0
33.251,0
33.252,0
33.253,0
33.254,0
33.255,0
33.256,0
33.257,0
33.258,0
33.26,0
33.261,0
33.262,0
33.263,0
33.264,0
33.265,0
33.266,0
33.267,0
33.268,0
33.269,0
33.27,0
33.271,0
33.272,0
33.273,0
33.274,0
33.275,0
33.276,0
33.277,0
33.281,0
33.282,0
33.283,0
33.284,0
33.285,0
33.286,0
33.287,0
33.288,0
33.289,0
33.29,0
33.293,0
33.294,0
33.295,0
33.296,0
33.297,0
33.298,0
33.299,0
33.3,0
33.301,0
33.302,0
33.303,0
33.304,0
33.305,0
33.306,0
33.307,0
33.308,0
33.309,0
33.31,0
33.311,0
33.312,0
33.313,0
33.314,0
33.315,0
33.316,0
33.317,0
33.318,0
33.319,0
33.32,0
33.321,0
33.322,0
33.323,0
33.326,0
33.327,0
33.328,0
33.329,0
33.33,0
33.331,0
33.332,0
33.333,0
33.334,0
33.335,0
33.336,0
33.337,0
33.338,0
33.339,0
33.34,0
33.341,0
33.342,0
33.343,0
33.344,0
33.345,0
33.346,0
33.348,0
33.349,0
33.35,0
33.351,0
33.352,0
33.353,0
33.354,0
33.355,0
33.356,0
33.357,0
33.358,0
33.359,0
33.36,0
33.361,0
33.362,0
33.363,0
33.364,0
33.365,0
33.366,0
33.367,0
33.369,0
33.37,0
33.371,0
33.372,0
33.373,0
33.374,0
33.375,0
33.376,0
33.377,0
33.378,0
33.379,0
33.38,0
33.381,0
33.382,0
33.383,0
33.384,0
33.385,0
33.386,0
33.387,0
33.388,0
33.389,0
33.39,0
33.391,0
33.392,0
33.393,0
33.394,0
33.395,0
33.396,0
33.397,0
33.398,0
33.399,0
33.4,0
33.401,0
33.404,0
33.406,0
33.407,0
33.408,0
33.411,0
33.415,0
33.416,0
33.419,0
33.42,0
33.423,0
33.424,0
33.428,0
33.431,0
33.432,0
33.433,0
33.435,0
33.436,0
33.437,0
33.44,0
33.441,0
33.442,0
33.443,0
33.444,0
33.445,0
33.446,0
33.447,0
33.448,0
33.449,0
33.45,0
33.451,0
33.452,0
33.453,0
33.454,0
33.455,0
33.456,0
33.457,0
33.461,0
33.462,0
33.463,0
33.464,0
33.475,0
33.482,0
33.483,0
33.484,0
33.498,0
33.5,0
33.745,0
34.257,0
34.472,0
34.473,0
34.474,0
34.475,0
34.476,0
34.477,0
34.48,0
34.481,0
34.482,0
34.486,0
34.487,0
34.488,0
34.489,0
34.49,0
34.495,0
34.502,0
34.503,0
34.504,0
34.505,0
34.506,0
34.527,0
34.528,0
34.53,0
34.531,0
34.532,0
34.533,0
34.534,0
34.536,0
34.537,0
34.538,0
34.539,0
34.54,0
34.541,0
34.542,0
34.549,0
34.55,0
34.551,0
34.552,0
34.553,0
34.554,0
34.56,0
34.561,0
34.562,0
34.563,0
34.564,0
34.565,0
34.566,0
34.567,0
34.571,0
34.572,0
34.573,0
34.574,0
34.575,0
34.576,0
34.582,0
34.583,0
34.584,0
34.585,0
34.586,0
34.587,0
34.593,0
34.594,0
34.595,0
34.596,0
34.597,0
34.598,0
34.604,0
34.605,0
34.606,0
34.607,0
34.608,0
34.614,0
34.615,0
34.616,0
34.617,0
34.618,0
34.619,0
34.632,0
34.633,0
34.634,0
34.635,0
34.637,0
34.638,0
34.639,0
34.641,0
34.642,0
34.643,0
34.644,0
34.645,0
34.654,0
34.655,0
34.656,0
35.024,0
35.026,0
35.027,0
35.028,0
35.029,0
35.031,0
35.034,0
35.035,0
35.036,0
35.038,0
35.039,0
35.051,0
35.052,0
35.053,0
35.054,0
35.055,0
35.056,0
35.063,0
35.064,0
35.065,0
35.066,0
35.067,0
36.06,0
36.062,0
36.063,0
36.064,0
36.065,0
36.067,0
36.069,0
36.07,0
36.071,0
36.072,0
36.081,0
36.087,0
36.089,0
36.09,0
36.091,0
36.092,0
36.093,0
36.094,0
36.096,0
36.097,0
36.099,0
36.1,0
36.101,0
36.103,0
36.109,0
36.11,0
36.111,0
36.114,0
36.121,0
36.122,0
36.123,0
36.124,0
36.125,0
36.126,0
36.127,0
36.128,0
36.131,0
36.132,0
36.137,0
36.138,0
36.143,0
36.144,0
36.145,0
36.146,0
36.147,0
36.148,0
36.153,0
36.155,0
36.156,0
36.158,0
36.159,0
36.165,0
36.166,0
36.167,0
36.168,0
36.169,0
36.17,0
36.171,0
36.175,0
36.176,0
36.177,0
36.181,0
36.187,0
36.189,0
36.19,0
36.192,0
36.193,0
36.198,0
36.199,0
36.2,0
36.201,0
36.202,0
36.203,0
36.208,0
36.21,0
36.211,0
36.215,0
36.222,0
36.223,0
36.224,0
36.225,0
37.223,0
37.224,0
37.225,0
37.226,0
37.227,0
37.228,0
37.229,0
37.231,0
37.232,0
37.233,0
37.238,0
37.245,0
37.246,0
37.247,0
37.248,0
37.249,0
37.25,0
37.252,0
37.253,0
37.254,0
37.256,0
37.261,0
37.262,0
37.268,0
37.269,0
37.27,0
37.272,0
37.278,0
37.279,0
37.28,0
37.281,0
37.284,0
37.285,0
37.29,0
37.292,0
37.293,0
37.294,0
37.295,0
37.296,0
37.3,0
37.302,0
37.303,0
37.305,0
37.311,0
37.313,0
37.314,0
37.315,0
37.317,0
37.318,0
37.323,0
37.324,0
37.325,0
37.326,0
37.328,0
37.329,0
37.331,0
37.332,0
37.338,0
37.339,0
37.345,0
37.346,0
37.347,0
37.348,0
37.349,0
37.35,0
37.355,0
37.356,0
37.357,0
37.358,0
37.359,0
37.36,0
37.361,0
37.362,0
37.367,0
37.368,0
37.369,0
37.37,0
37.371,0
37.372,0
37.373,0
37.374,0
37.377,0
37.378,0
37.379,0
37.382,0
37.383,0
37.384,0
37.389,0
37.39,0
37.391,0
37.392,0
37.393,0
37.394,0
37.395,0
37.396,0
37.397,0
37.399,0
37.4,0
37.401,0
37.405,0
37.406,0
37.407,0
37.412,0
37.414,0
37.415,0
37.416,0
37.417,0
37.419,0
37.421,0
37.422,0
37.423,0
37.454,0
37.461,0
37.462,0
37.463,0
37.464,0
37.465,0
37.466,0
37.467,0
37.468,0
37.469,0
37.47,0
37.484,0
37.486,0
37.491,0
37.492,0
37.508,0
37.509,0
37.51,0
37.511,0
37.512,0
37.514,0
37.516,0
37.517,0
37.523,0
37.529,0
37.536,0
37.537,0
37.538,0
37.539,0
37.54,0
37.542,0
37.543,0
37.545,0
37.546,0
37.547,0
37.551,0
37.553,0
37.554,0
37.557,0
37.558,0
37.56,0
37.562,0
37.564,0
37.565,0
37.566,0
37.568,0
37.569,0
37.571,0
37.573,0
37.574,0
37.575,0
37.576,0
37.577,0
37.578,0
37.579,0
37.584,0
37.585,0
37.586,0
37.587,0
37.589,0
37.59,0
37.591,0
37.595,0
37.596,0
37.597,0
37.598,0
37.599,0
37.6,0
37.601,0
37.602,0
37.614,0
37.615,0
37.616,0
37.617,0
37.618,0
37.619,0
37.624,0
37.625,0
37.654,0
37.713,0
38.161,0
38.358,0
38.359,0
38.36,0
38.361,0
38.362,0
38.363,0
38.364,0
38.365,0
39.354,0
39.356,0
39.357,0
39.358,0
39.359,0
39.361,0
39.374,0
39.375,0
39.387,0
39.388,0
39.389,0
39.391,0
39.392,0
39.396,0
39.409,0
39.41,0
39.411,0
39.413,0
39.414,0
39.416,0
39.418,0
39.43,0
39.431,0
39.432,0
39.439,0
39.44,0
39.441,0
39.442,0
39.443,0
39.452,0
39.453,0
39.457,0
39.458,0
39.459,0
39.462,0
39.463,0
39.468,0
39.469,0
39.47,0
39.474,0
39.476,0
39.477,0
39.478,0
39.48,0
39.481,0
39.484,0
39.485,0
39.49,0
39.491,0
39.496,0
39.497,0
39.502,0
39.503,0
39.504,0
39.505,0
39.506,0
39.507,0
39.508,0
39.509,0
39.51,0
39.512,0
39.513,0
39.514,0
39.518,0
39.519,0
39.523,0
39.524,0
39.525,0
39.526,0
39.528,0
39.529,0
39.535,0
39.536,0
39.537,0
39.538,0
39.539,0
39.54,0
39.542,0
39.543,0
39.545,0
39.546,0
39.55,0
39.551,0
39.556,0
39.557,0
39.558,0
39.559,0
39.56,0
39.562,0
39.563,0
39.568,0
39.569,0
39.57,0
39.571,0
39.572,0
39.573,0
39.574,0
39.575,0
39.576,0
39.578,0
39.579,0
39.584,0
39.585,0
39.59,0
39.591,0
39.592,0
39.593,0
39.594,0
39.595,0
39.596,0
39.597,0
39.598,0
39.599,0
39.6,0
39.601,0
39.605,0
39.606,0
39.611,0
39.612,0
39.613,0
39.614,0
39.615,0
39.623,0
39.624,0
39.625,0
39.626,0
39.627,0
39.628,0
39.629,0
39.63,0
39.633,0
39.634,0
39.635,0
39.636,0
39.637,0
39.651,0
39.652,0
39.653,0
39.654,0
39.656,0
39.657,0
39.658,0
39.659,0
39.66,0
39.661,0
39.662,0
39.663,0
39.664,0
39.665,0
39.666,0
39.667,0
39.672,0
39.673,0
39.674,0
39.675,0
39.676,0
39.677,0
39.678,0
39.684,0
39.685,0
39.686,0
39.687,0
39.688,0
39.689,0
39.69,0
39.691,0
39.692,0
39.693,0
39.694,0
39.695,0
39.696,0
39.697,0
39.699,0
39.7,0
39.705,0
39.706,0
39.707,0
39.708,0
39.709,0
39.71,0
39.711,0
39.712,0
39.717,0
39.718,0
39.719,0
39.72,0
39.721,0
39.722,0
39.723,0
39.724,0
39.725,0
39.727,0
39.728,0
39.729,0
39.73,0
39.731,0
39.733,0
39.734,0
39.738,0
39.739,0
39.74,0
39.741,0
39.742,0
39.743,0
39.744,0
39.745,0
39.749,0
39.75,0
39.751,0
39.752,0
39.753,0
39.754,0
39.755,0
39.756,0
39.757,0
39.76,0
39.761,0
39.762,0
39.763,0
39.764,0
39.765,0
39.766,0
39.767,0
39.772,0
39.773,0
39.774,0
39.775,0
39.776,0
39.777,0
39.778,0
39.779,0
39.783,0
39.784,0
39.785,0
39.786,0
39.787,0
39.788,0
39.793,0
39.794,0
39.795,0
39.796,0
39.797,0
39.798,0
39.799,0
39.8,0
39.805,0
39.806,0
39.807,0
39.808,0
39.809,0
39.81,0
39.811,0
39.812,0
39.815,0
39.816,0
39.828,0
39.829,0
39.83,0
39.831,0
39.832,0
39.833,0
39.835,0
39.852,0
39.853,0
39.854,0
39.855,0
39.856,0
39.857,0
39.858,0
39.859,0
39.86,0
39.863,0
39.864,0
39.865,0
39.866,0
39.867,0
39.868,0
39.869,0
39.87,0
39.871,0
39.872,0
39.873,0
39.874,0
39.875,0
39.876,0
39.877,0
39.878,0
39.879,0
39.88,0
39.881,0
39.882,0
39.884,0
39.885,0
39.886,0
39.887,0
39.888,0
39.889,0
39.89,0
39.896,0
39.897,0
39.898,0
39.899,0
39.9,0
39.901,0
39.902,0
39.903,0
39.904,0
39.905,0
39.913,0
39.914,0
39.915,0
39.916,0
39.917,0
39.918,0
39.919,0
39.92,0
39.922,0
39.923,0
39.924,0
39.925,0
39.926,0
39.927,0
39.928,0
39.929,0
39.93,0
39.931,0
39.932,0
39.933,0
39.934,0
39.939,0
39.94,0
39.941,0
39.942,0
39.943,0
39.944,0
39.945,0
39.946,0
39.947,0
39.948,0
39.951,0
39.952,0
39.953,0
39.954,0
39.955,0
39.956,0
39.957,0
39.958,0
39.959,0
39.96,0
39.961,0
39.962,0
39.963,0
39.964,0
39.965,0
39.966,0
39.967,0
39.973,0
39.974,0
39.975,0
39.976,0
39.977,0
39.978,0
39.979,0
39.98,0
39.984,0
39.985,0
39.986,0
39.987,0
39.988,0
39.989,0
39.99,0
39.991,0
39.992,0
39.993,0
39.994,0
39.995,0
39.996,0
39.997,0
39.998,0
39.999,0
40,0
40.001,0
40.006,0
40.008,0
40.009,0
40.01,0
40.011,0
40.012,0
40.013,0
40.014,0
40.015,0
40.016,0
40.017,0
40.018,0
40.019,0
40.02,0
40.021,0
40.022,0
40.023,0
40.024,0
40.025,0
40.026,0
40.027,0
40.028,0
40.029,0
40.03,0
40.031,0
40.032,0
40.033,0
40.034,0
40.035,0
40.042,0
40.043,0
40.044,0
40.045,0
40.046,0
40.047,0
40.054,0
40.055,0
40.056,0
40.057,0
40.058,0
40.059,0
40.06,0
40.061,0
40.062,0
40.063,0
40.064,0
40.065,0
40.066,0
40.067,0
40.069,0
40.07,0
40.071,0
40.076,0
40.077,0
40.078,0
40.079,0
40.08,0
40.081,0
40.082,0
40.083,0
40.084,0
40.086,0
40.087,0
40.088,0
40.089,0
40.09,0
40.091,0
40.092,0
40.093,0
40.094,0
40.095,0
40.096,0
40.098,0
40.099,0
40.1,0
40.101,0
40.102,0
40.103,0
40.104,0
40.106,0
40.107,0
40.109,0
40.11,0
40.111,0
40.112,0
40.113,0
40.114,0
40.115,0
40.116,0
40.117,0
40.12,0
40.121,0
40.122,0
40.123,0
40.125,0
40.126,0
40.127,0
40.128,0
40.132,0
40.133,0
40.134,0
40.135,0
40.136,0
40.137,0
40.138,0
40.139,0
40.14,0
40.142,0
40.143,0
40.147,0
40.148,0
40.154,0
40.155,0
40.156,0
40.157,0
40.158,0
40.159,0
40.16,0
40.161,0
40.162,0
40.163,0
40.164,0
40.166,0
40.167,0
40.168,0
40.169,0
40.171,0
40.172,0
40.173,0
40.175,0
40.177,0
40.178,0
40.179,0
40.18,0
40.181,0
40.182,0
40.183,0
40.184,0
40.19,0
40.191,0
40.197,0
40.198,0
40.199,0
40.2,0
40.201,0
40.202,0
40.205,0
40.206,0
40.207,0
40.208,0
40.209,0
40.214,0
40.215,0
40.216,0
40.217,0
40.219,0
40.22,0
40.221,0
40.222,0
40.24,0
40.241,0
40.242,0
40.243,0
40.244,0
40.245,0
40.246,0
40.247,0
40.248,0
40.251,0
40.252,0
40.253,0
40.255,0
40.256,0
40.258,0
40.259,0
40.26,0
40.262,0
40.263,0
40.264,0
40.265,0
40.266,0
40.267,0
40.272,0
40.273,0
40.274,0
40.275,0
40.276,0
40.277,0
40.278,0
40.285,0
40.286,0
40.287,0
40.288,0
40.289,0
40.29,0
40.291,0
40.292,0
40.293,0
40.294,0
40.295,0
40.296,0
40.297,0
40.298,0
40.299,0
40.3,0
40.306,0
40.307,0
40.308,0
40.309,0
40.31,0
40.311,0
40.316,0
40.317,0
40.318,0
40.319,0
40.32,0
40.321,0
40.322,0
40.323,0
40.324,0
40.327,0
40.328,0
40.329,0
40.33,0
40.331,0
40.332,0
40.333,0
40.334,0
40.335,0
40.338,0
40.339,0
40.34,0
40.341,0
40.342,0
40.343,0
40.344,0
40.35,0
40.351,0
40.352,0
40.353,0
40.354,0
40.355,0
40.356,0
40.357,0
40.361,0
40.362,0
40.363,0
40.364,0
40.365,0
40.366,0
40.367,0
40.368,0
40.369,0
40.371,0
40.372,0
40.373,0
40.374,0
40.375,0
40.376,0
40.377,0
40.383,0
40.384,0
40.385,0
40.386,0
40.387,0
40.388,0
40.389,0
40.39,0
40.391,0
40.392,0
40.393,0
40.394,0
40.395,0
40.396,0
40.397,0
40.398,0
40.399,0
40.4,0
40.401,0
40.404,0
40.405,0
40.406,0
40.407,0
40.408,0
40.409,0
40.41,0
40.411,0
40.412,0
40.416,0
40.417,0
40.418,0
40.419,0
40.42,0
40.421,0
40.422,0
40.423,0
40.424,0
40.425,0
40.455,0
40.456,0
40.457,0
40.458,0
40.459,0
40.46,0
40.461,0
40.463,0
40.464,0
40.465,0
40.466,0
40.467,0
40.468,0
40.476,0
40.477,0
40.478,0
40.479,0
40.48,0
40.481,0
40.482,0
40.486,0
40.487,0
40.488,0
40.489,0
40.49,0
40.491,0
40.492,0
40.493,0
40.494,0
40.497,0
40.498,0
40.499,0
40.5,0
40.503,0
40.504,0
40.515,0
40.516,0
40.517,0
40.518,0
40.52,0
40.521,0
40.522,0
40.523,0
40.524,0
40.525,0
40.526,0
40.527,0
40.528,0
40.529,0
40.53,0
40.531,0
40.536,0
40.537,0
40.538,0
40.541,0
40.542,0
40.548,0
40.549,0
40.55,0
40.551,0
40.552,0
40.553,0
40.554,0
40.555,0
40.556,0
40.557,0
40.558,0
40.559,0
40.56,0
40.561,0
40.563,0
40.564,0
40.569,0
40.57,0
40.571,0
40.572,0
40.573,0
40.575,0
40.576,0
40.577,0
40.581,0
40.582,0
40.583,0
40.584,0
40.585,0
40.586,0
40.587,0
40.588,0
40.589,0
40.591,0
40.592,0
40.596,0
40.597,0
40.603,0
40.604,0
40.605,0
40.606,0
40.607,0
40.608,0
40.61,0
40.611,0
40.619,0
40.62,0
40.621,0
40.622,0
40.623,0
40.624,0
40.625,0
40.63,0
40.631,0
40.644,0
40.645,0
40.646,0
40.647,0
40.648,0
40.649,0
40.65,0
40.652,0
40.654,0
40.655,0
40.656,0
40.657,0
40.658,0
40.659,0
40.66,0
40.661,0
40.662,0
40.688,0
40.689,0
40.69,0
40.691,0
40.692,0
40.693,0
40.694,0
40.695,0
40.696,0
40.697,0
40.698,0
40.699,0
40.7,0
40.703,0
40.704,0
40.708,0
40.709,0
40.71,0
40.714,0
40.715,0
40.716,0
40.717,0
40.718,0
40.719,0
40.72,0
40.721,0
40.722,0
40.723,0
40.724,0
40.725,0
40.726,0
40.727,0
40.728,0
40.729,0
40.73,0
40.731,0
40.737,0
40.738,0
40.739,0
40.74,0
40.741,0
40.742,0
40.743,0
40.744,0
40.747,0
40.748,0
40.749,0
40.75,0
40.751,0
40.752,0
40.753,0
40.754,0
40.755,0
40.756,0
40.758,0
40.759,0
40.76,0
40.761,0
40.762,0
40.763,0
40.764,0
40.77,0
40.771,0
40.772,0
40.773,0
40.774,0
40.775,0
40.776,0
40.777,0
40.778,0
40.779,0
40.78,0
40.781,0
40.782,0
40.783,0
40.784,0
40.785,0
40.786,0
40.787,0
40.791,0
40.792,0
40.793,0
40.794,0
40.795,0
40.796,0
40.797,0
40.798,0
40.803,0
40.804,0
40.805,0
40.806,0
40.807,0
40.808,0
40.809,0
40.81,0
40.811,0
40.812,0
40.814,0
40.815,0
40.816,0
40.817,0
40.818,0
40.819,0
40.82,0
40.824,0
40.825,0
40.826,0
40.827,0
40.828,0
40.829,0
40.83,0
40.842,0
40.843,0
40.844,0
40.845,0
40.846,0
40.847,0
40.848,0
40.849,0
40.85,0
40.851,0
40.852,0
40.853,0
40.854,0
40.855,0
40.856,0
40.857,0
40.858,0
40.859,0
40.86,0
40.861,0
40.862,0
40.863,0
40.864,0
40.865,0
40.866,0
40.867,0
40.868,0
40.869,0
40.874,0
40.875,0
40.876,0
40.877,0
40.878,0
40.879,0
40.88,0
40.881,0
40.882,0
40.883,0
40.884,0
40.886,0
40.887,0
40.888,0
40.889,0
40.89,0
40.891,0
40.892,0
40.893,0
40.894,0
40.895,0
40.896,0
40.897,0
40.898,0
40.899,0
40.901,0
40.902,0
40.903,0
40.914,0
40.915,0
40.916,0
40.917,0
40.918,0
40.919,0
40.923,0
40.924,0
40.926,0
40.927,0
40.928,0
40.929,0
40.93,0
40.932,0
40.933,0
40.934,0
40.935,0
40.936,0
40.937,0
40.938,0
40.939,0
40.94,0
40.941,0
40.942,0
40.943,0
40.944,0
40.945,0
40.946,0
40.947,0
40.948,0
40.949,0
40.952,0
40.959,0
40.96,0
40.961,0
40.962,0
40.963,0
40.964,0
40.965,0
40.97,0
40.971,0
40.972,0
40.973,0
40.974,0
40.975,0
40.976,0
40.977,0
40.981,0
40.982,0
40.983,0
40.984,0
40.985,0
40.986,0
40.987,0
40.988,0
40.991,0
40.992,0
40.996,0
40.997,0
41.003,0
41.004,0
41.005,0
41.006,0
41.007,0
41.008,0
41.01,0
41.015,0
41.017,0
41.018,0
41.019,0
41.02,0
41.022,0
41.029,0
41.03,0
41.031,0
41.032,0
41.033,0
41.034,0
41.039,0
41.041,0
41.043,0
41.048,0
41.049,0
41.05,0
41.051,0
41.052,0
41.053,0
41.057,0
41.058,0
41.125,0
41.144,0
41.145,0
41.152,0
41.153,0
41.154,0
41.155,0
41.156,0
41.157,0
41.164,0
41.165,0
41.166,0
41.167,0
41.168,0
41.169,0
41.17,0
41.171,0
41.172,0
41.173,0
41.174,0
41.176,0
41.177,0
41.178,0
41.179,0
41.18,0
41.181,0
41.182,0
41.186,0
41.193,0
41.194,0
41.195,0
41.196,0
41.197,0
41.198,0
41.199,0
41.2,0
41.201,0
41.202,0
41.204,0
41.205,0
41.206,0
41.207,0
41.208,0
41.209,0
41.21,0
41.211,0
41.212,0
41.213,0
41.214,0
41.215,0
41.216,0
41.22,0
41.221,0
41.222,0
41.232,0
41.233,0
41.234,0
41.235,0
41.236,0
41.237,0
41.238,0
41.24,0
41.241,0
41.242,0
41.243,0
41.244,0
41.245,0
41.246,0
41.247,0
41.25,0
41.251,0
41.252,0
41.253,0
41.255,0
41.256,0
41.262,0
41.263,0
41.264,0
41.265,0
41.325,0
41.346,0
41.359,0
41.36,0
41.361,0
41.362,0
41.364,0
41.367,0
41.368,0
41.369,0
41.37,0
41.38,0
41.387,0
41.388,0
41.389,0
41.39,0
41.391,0
41.392,0
41.394,0
41.395,0
41.396,0
41.398,0
41.401,0
41.402,0
41.408,0
41.409,0
41.41,0
41.411,0
41.412,0
41.413,0
41.418,0
41.419,0
41.42,0
41.421,0
41.454,0
41.455,0
41.456,0
41.533,0
41.534,0
41.618,0
41.625,0
41.626,0
42.161,0
42.624,0
42.626,0
42.627,0
42.628,0
42.629,0
42.631,0
42.65,0
42.66,0
42.661,0
42.662,0
42.663,0
42.665,0
42.666,0
42.667,0
42.674,0
42.68,0
42.681,0
42.682,0
42.686,0
42.688,0
42.689,0
42.691,0
42.692,0
42.697,0
42.703,0
42.704,0
42.705,0
42.706,0
42.707,0
42.708,0
42.718,0
42.719,0
42.724,0
42.725,0
42.73,0
42.732,0
42.733,0
42.734,0
42.735,0
42.736,0
42.741,0
42.742,0
42.743,0
42.744,0
42.746,0
42.747,0
42.752,0
42.754,0
42.755,0
42.756,0
42.757,0
42.758,0
42.763,0
42.764,0
42.765,0
42.766,0
42.769,0
42.77,0
42.775,0
42.776,0
42.777,0
42.778,0
42.779,0
42.78,0
42.781,0
42.782,0
42.783,0
42.784,0
42.785,0
42.786,0
42.79,0
42.791,0
42.796,0
42.797,0
42.798,0
42.799,0
42.801,0
42.802,0
42.808,0
42.809,0
42.81,0
42.811,0
42.812,0
42.813,0
42.818,0
42.819,0
42.82,0
42.821,0
42.836,0
42.837,0
42.838,0
42.839,0
42.84,0
42.841,0
42.842,0
42.844,0
42.845,0
42.846,0
42.847,0
42.848,0
42.849,0
42.85,0
42.864,0
42.865,0
42.866,0
42.867,0
42.868,0
42.869,0
42.87,0
42.872,0
42.873,0
42.874,0
42.875,0
42.876,0
42.877,0
42.878,0
42.879,0
42.88,0
42.885,0
42.886,0
42.887,0
42.888,0
42.89,0
42.891,0
42.897,0
42.898,0
42.899,0
42.9,0
42.901,0
42.902,0
42.903,0
42.904,0
42.906,0
42.907,0
42.908,0
42.909,0
42.91,0
42.911,0
42.918,0
42.919,0
42.92,0
42.921,0
42.93,0
42.931,0
42.932,0
42.933,0
42.934,0
42.935,0
42.936,0
42.937,0
42.938,0
42.939,0
42.941,0
42.942,0
42.943,0
42.944,0
42.945,0
42.946,0
42.947,0
42.951,0
42.952,0
42.953,0
42.956,0
42.957,0
42.963,0
42.964,0
42.965,0
42.966,0
42.967,0
42.968,0
42.969,0
42.97,0
42.971,0
42.972,0
42.973,0
42.974,0
42.975,0
42.976,0
42.978,0
42.979,0
42.984,0
42.985,0
42.986,0
42.987,0
42.988,0
42.989,0
42.99,0
42.996,0
42.997,0
42.998,0
42.999,0
43,0
43.001,0
43.002,0
43.003,0
43.004,0
43.005,0
43.006,0
43.007,0
43.012,0
43.014,0
43.015,0
43.016,0
43.017,0
43.019,0
43.02,0
43.022,0
43.05,0
43.051,0
43.052,0
43.053,0
43.054,0
43.055,0
43.056,0
43.059,0
43.06,0
43.072,0
43.073,0
43.074,0
43.075,0
43.076,0
43.082,0
43.083,0
43.084,0
43.085,0
43.086,0
43.094,0
43.095,0
43.096,0
43.097,0
43.105,0
43.106,0
43.107,0
43.108,0
43.109,0
43.11,0
43.115,0
43.116,0
43.117,0
43.118,0
43.119,0
43.127,0
43.128,0
43.129,0
43.13,0
43.131,0
43.132,0
43.133,0
43.134,0
43.137,0
43.138,0
43.149,0
43.15,0
43.151,0
43.152,0
43.153,0
43.154,0
43.155,0
43.159,0
43.16,0
43.161,0
43.162,0
43.163,0
43.17,0
43.171,0
43.172,0
43.173,0
43.174,0
43.175,0
43.176,0
43.181,0
43.182,0
43.183,0
43.184,0
43.185,0
43.186,0
43.193,0
43.194,0
43.195,0
43.196,0
43.197,0
43.198,0
43.199,0
43.204,0
43.205,0
43.206,0
43.207,0
43.208,0
43.209,0
43.215,0
43.216,0
43.217,0
43.218,0
43.219,0
43.22,0
43.227,0
43.228,0
43.229,0
43.232,0
43.236,0
43.237,0
43.24,0
43.241,0
43.244,0
43.245,0
43.248,0
43.249,0
43.25,0
43.26,0
43.261,0
43.262,0
43.263,0
43.264,0
43.265,0
43.266,0
43.271,0
43.272,0
43.273,0
43.274,0
43.275,0
43.276,0
43.277,0
43.278,0
43.281,0
43.282,0
43.284,0
43.285,0
43.293,0
43.294,0
43.295,0
43.296,0
43.297,0
43.298,0
43.299,0
43.3,0
43.301,0
43.304,0
43.305,0
43.306,0
43.307,0
43.308,0
43.309,0
43.31,0
43.311,0
43.314,0
43.315,0
43.316,0
43.317,0
43.327,0
43.328,0
43.329,0
43.33,0
43.331,0
43.332,0
43.333,0
43.334,0
43.335,0
43.337,0
43.338,0
43.339,0
43.34,0
43.341,0
43.342,0
43.343,0
43.348,0
43.349,0
43.35,0
43.351,0
43.352,0
43.353,0
43.354,0
43.361,0
43.362,0
43.363,0
43.364,0
43.365,0
43.366,0
43.367,0
43.368,0
43.371,0
43.372,0
43.373,0
43.374,0
43.375,0
43.376,0
43.383,0
43.384,0
43.385,0
43.386,0
43.387,0
43.388,0
43.389,0
43.394,0
43.395,0
43.396,0
43.397,0
43.398,0
43.399,0
43.4,0
43.401,0
43.404,0
43.405,0
43.406,0
43.407,0
43.408,0
43.409,0
43.415,0
43.416,0
43.419,0
43.42,0
43.421,0
43.423,0
43.424,0
43.427,0
43.428,0
43.431,0
43.433,0
43.435,0
43.438,0
43.439,0
43.458,0
43.459,0
43.46,0
43.461,0
43.729,0
44.241,0
44.242,0
44.269,0
44.27,0
45.464,0
45.466,0
45.467,0
45.468,0
45.469,0
45.492,0
45.493,0
45.494,0
45.495,0
45.496,0
45.52,0
45.521,0
45.522,0
45.526,0
45.527,0
45.541,0
45.542,0
45.543,0
45.545,0
45.551,0
45.557,0
45.563,0
45.565,0
45.566,0
45.573,0
45.579,0
45.585,0
45.587,0
45.588,0
45.589,0
45.6,0
45.607,0
45.613,0
45.614,0
45.615,0
45.628,0
45.64,0
45.646,0
45.653,0
45.654,0
45.655,0
45.662,0
45.668,0
45.674,0
45.676,0
45.677,0
45.684,0
45.69,0
45.696,0
45.698,0
45.699,0
45.706,0
45.712,0
45.718,0
45.719,0
45.734,0
45.735,0
45.736,0
45.738,0
45.744,0
45.75,0
45.751,0
45.756,0
45.758,0
45.76,0
45.765,0
45.766,0
45.771,0
45.777,0
45.779,0
45.782,0
45.783,0
45.788,0
45.794,0
45.799,0
45.8,0
45.804,0
45.81,0
45.816,0
45.822,0
45.828,0
45.829,0
45.833,0
45.845,0
45.846,0
45.847,0
45.849,0
45.854,0
45.86,0
45.862,0
45.866,0
45.868,0
45.872,0
45.873,0
45.878,0
45.884,0
45.89,0
45.896,0
45.898,0
45.899,0
45.9,0
45.905,0
45.911,0
45.918,0
45.919,0
45.92,0
45.921,0
45.927,0
45.933,0
45.939,0
45.941,0
45.942,0
45.944,0
45.945,0
45.954,0
45.96,0
45.962,0
45.966,0
45.967,0
45.972,0
45.976,0
45.982,0
45.988,0
45.989,0
45.994,0
45.995,0
45.998,0
46.004,0
46.005,0
46.009,0
46.011,0
46.021,0
46.033,0
46.034,0
46.044,0
46.05,0
46.056,0
46.067,0
46.068,0
46.069,0
46.078,0
46.079,0
46.089,0
46.09,0
46.091,0
46.1,0
46.101,0
46.111,0
46.112,0
46.113,0
46.128,0
46.129,0
46.13,0
46.138,0
46.139,0
46.15,0
46.151,0
46.152,0
46.161,0
46.162,0
46.172,0
46.173,0
46.174,0
46.182,0
46.183,0
46.194,0
46.195,0
46.196,0
46.204,0
46.205,0
46.206,0
46.217,0
46.218,0
46.219,0
46.22,0
46.244,0
46.245,0
46.246,0
46.249,0
46.25,0
46.251,0
46.252,0
46.267,0
46.268,0
46.269,0
46.271,0
46.272,0
46.273,0
46.278,0
46.279,0
46.295,0
46.296,0
46.297,0
46.298,0
46.299,0
46.3,0
46.301,0
46.318,0
46.319,0
46.32,0
46.321,0
46.322,0
46.323,0
46.334,0
46.335,0
46.339,0
46.34,0
46.341,0
46.345,0
46.346,0
46.347,0
46.356,0
46.357,0
46.361,0
46.362,0
46.367,0
46.368,0
46.369,0
46.372,0
46.373,0
46.38,0
46.381,0
46.383,0
46.384,0
46.389,0
46.39,0
46.391,0
46.394,0
46.395,0
46.4,0
46.401,0
46.413,0
46.414,0
46.415,0
46.416,0
46.417,0
46.418,0
46.423,0
46.424,0
46.43,0
46.431,0
46.432,0
46.442,0
46.443,0
46.444,0
46.445,0
46.446,0
46.447,0
46.448,0
46.465,0
46.466,0
46.467,0
46.468,0
46.469,0
46.47,0
46.472,0
46.492,0
46.493,0
46.494,0
46.495,0
46.496,0
46.497,0
46.498,0
46.515,0
46.516,0
46.517,0
46.518,0
46.519,0
46.52,0
46.523,0
46.544,0
46.545,0
46.546,0
46.547,0
46.548,0
46.549,0
46.55,0
46.567,0
46.568,0
46.569,0
46.57,0
46.571,0
46.572,0
46.574,0
46.594,0
46.595,0
46.596,0
46.597,0
46.598,0
46.599,0
46.6,0
46.61,0
46.622,0
46.623,0
46.624,0
46.627,0
46.643,0
46.644,0
46.645,0
46.649,0
46.664,0
46.665,0
46.666,0
46.669,0
46.686,0
46.687,0
46.688,0
46.69,0
46.714,0
46.715,0
46.716,0
46.717,0
46.718,0
46.736,0
46.737,0
46.738,0
46.739,0
46.74,0
46.758,0
46.759,0
46.76,0
46.761,0
46.762,0
46.78,0
46.781,0
46.782,0
46.783,0
46.784,0
46.802,0
46.804,0
46.805,0
46.806,0
46.824,0
46.834,0
46.835,0
46.836,0
46.837,0
46.846,0
46.857,0
46.859,0
46.86,0
46.862,0
46.868,0
46.88,0
46.881,0
46.883,0
46.89,0
46.891,0
46.902,0
46.903,0
46.913,0
46.914,0
46.924,0
46.925,0
46.926,0
46.936,0
46.937,0
46.946,0
46.948,0
46.949,0
46.958,0
46.959,0
46.969,0
46.97,0
46.971,0
46.973,0
46.979,0
46.991,0
46.992,0
46.993,0
46.994,0
47.001,0
47.013,0
47.015,0
47.016,0
47.017,0
47.024,0
47.04,0
47.041,0
47.042,0
47.043,0
47.051,0
47.067,0
47.068,0
47.544,0
47.545,0
47.546,0
47.547,0
47.548,0
47.565,0
47.571,0
47.577,0
47.578,0
47.579,0
47.588,0
47.592,0
47.598,0
47.599,0
47.6,0
47.61,0
47.611,0
47.614,0
47.615,0
47.62,0
47.639,0
47.64,0
47.641,0
47.642,0
47.643,0
47.661,0
47.662,0
47.663,0
47.672,0
47.673,0
47.683,0
47.684,0
47.685,0
47.694,0
47.695,0
47.705,0
47.706,0
47.722,0
47.723,0
47.733,0
47.734,0
47.735,0
47.743,0
47.744,0
47.755,0
47.756,0
47.757,0
47.766,0
47.767,0
47.776,0
47.778,0
47.779,0
47.788,0
47.789,0
47.799,0
47.8,0
47.801,0
47.81,0
47.811,0
47.827,0
47.828,0
47.829,0
47.831,0
47.854,0
47.855,0
47.856,0
47.857,0
47.858,0
47.876,0
47.877,0
47.878,0
47.879,0
47.88,0
47.898,0
47.899,0
47.9,0
47.901,0
47.902,0
47.919,0
47.92,0
47.924,0
47.925,0
47.93,0
47.941,0
47.947,0
47.948,0
47.949,0
47.953,0
47.964,0
47.968,0
47.97,0
47.974,0
47.976,0
47.987,0
47.988,0
47.992,0
47.998,0
47.999,0
48.021,0
48.022,0
48.023,0
48.025,0
48.026,0
48.049,0
48.05,0
48.051,0
48.052,0
48.053,0
48.071,0
48.072,0
48.073,0
48.074,0
48.075,0
48.093,0
48.094,0
48.095,0
48.096,0
48.097,0
48.121,0
48.122,0
48.123,0
48.124,0
48.125,0
48.143,0
48.144,0
48.145,0
48.146,0
48.147,0
48.165,0
48.166,0
48.167,0
48.168,0
48.169,0
48.187,0
48.188,0
48.189,0
48.19,0
48.191,0
48.209,0
48.21,0
48.211,0
48.212,0
48.213,0
48.214,0
48.244,0
48.245,0
48.246,0
48.247,0
48.248,0
48.249,0
48.267,0
48.268,0
48.269,0
48.27,0
48.271,0
48.272,0
48.29,0
48.291,0
48.294,0
48.295,0
48.296,0
48.297,0
48.298,0
48.313,0
48.314,0
48.315,0
48.317,0
48.318,0
48.323,0
48.324,0
48.325,0
48.326,0
48.34,0
48.341,0
48.342,0
48.343,0
48.345,0
48.346,0
48.351,0
48.352,0
48.368,0
48.369,0
48.37,0
48.371,0
48.372,0
48.373,0
48.374,0
48.423,0
48.424,0
48.425,0
48.426,0
48.427,0
48.428,0
48.432,0
48.452,0
48.453,0
48.454,0
48.455,0
48.456,0
48.457,0
48.462,0
48.463,0
48.475,0
48.476,0
48.477,0
48.478,0
48.479,0
48.485,0
48.486,0
48.498,0
48.499,0
48.5,0
48.501,0
48.502,0
48.508,0
48.509,0
48.527,0
48.528,0
48.529,0
48.53,0
48.531,0
48.549,0
48.55,0
48.551,0
48.552,0
48.553,0
48.577,0
48.578,0
48.579,0
48.58,0
48.581,0
48.599,0
48.6,0
48.601,0
48.602,0
48.603,0
48.604,0
48.664,0
48.665,0
48.666,0
48.667,0
48.668,0
48.692,0
48.693,0
48.694,0
48.695,0
48.696,0
48.721,0
48.722,0
48.723,0
48.724,0
48.725,0
48.749,0
48.75,0
48.751,0
48.752,0
48.753,0
48.771,0
48.772,0
48.773,0
48.774,0
48.775,0
48.792,0
48.804,0
48.805,0
48.806,0
48.807,0
48.808,0
48.826,0
48.827,0
48.844,0
48.845,0
48.846,0
48.847,0
48.86,0
48.872,0
48.873,0
48.874,0
48.875,0
48.882,0
48.894,0
48.895,0
48.896,0
48.897,0
48.904,0
48.922,0
48.923,0
48.924,0
48.925,0
48.932,0
48.944,0
48.945,0
48.946,0
48.947,0
48.954,0
48.966,0
48.967,0
48.968,0
48.969,0
48.976,0
48.988,0
48.989,0
48.99,0
48.991,0
48.998,0
49.01,0
49.011,0
49.012,0
49.013,0
49.02,0
49.038,0
49.039,0
49.048,0
49.05,0
49.051,0
49.065,0
49.067,0
49.068,0
49.077,0
49.078,0
49.088,0
49.089,0
49.09,0
49.098,0
49.099,0
49.116,0
49.117,0
49.118,0
49.12,0
49.121,0
49.138,0
49.139,0
49.14,0
49.141,0
49.142,0
49.16,0
49.161,0
49.162,0
49.163,0
49.164,0
49.181,0
49.182,0
49.195,0
49.196,0
49.197,0
49.207,0
49.208,0
49.217,0
49.219,0
49.22,0
49.235,0
49.236,0
49.25,0
49.251,0
49.253,0
49.262,0
49.263,0
49.274,0
49.275,0
49.276,0
49.284,0
49.285,0
49.296,0
49.297,0
49.298,0
49.306,0
49.308,0
49.318,0
49.319,0
49.321,0
49.334,0
49.346,0
49.347,0
49.348,0
49.349,0
49.356,0
49.368,0
49.37,0
49.371,0
49.372,0
49.373,0
49.39,0
49.391,0
49.392,0
49.393,0
49.394,0
49.424,0
49.425,0
49.426,0
49.427,0
49.428,0
49.451,0
49.452,0
49.453,0
49.454,0
49.455,0
49.473,0
49.474,0
49.475,0
49.476,0
49.477,0
49.495,0
49.496,0
49.497,0
49.498,0
49.499,0
49.524,0
49.525,0
49.526,0
49.527,0
49.528,0
49.546,0
49.547,0
49.548,0
49.549,0
49.55,0
49.568,0
49.569,0
49.57,0
49.571,0
49.572,0
49.59,0
49.591,0
49.592,0
49.593,0
49.594,0
49.618,0
49.619,0
49.62,0
49.621,0
49.622,0
49.64,0
49.645,0
49.646,0
49.647,0
49.648,0
49.655,0
49.661,0
49.667,0
49.668,0
49.669,0
49.671,0
49.677,0
49.683,0
49.684,0
49.689,0
49.69,0
49.694,0
49.7,0
49.701,0
49.705,0
49.71,0
49.715,0
49.721,0
49.728,0
49.729,0
49.73,0
49.734,0
49.74,0
49.745,0
49.747,0
49.75,0
49.756,0
49.762,0
49.768,0
49.77,0
49.771,0
49.772,0
49.777,0
49.783,0
49.79,0
49.791,0
49.792,0
49.794,0
49.799,0
49.806,0
49.807,0
49.818,0
49.819,0
49.833,0
49.834,0
49.835,0
49.839,0
49.84,0
49.855,0
49.856,0
49.857,0
49.866,0
49.867,0
49.873,0
49.876,0
49.877,0
49.878,0
49.888,0
49.889,0
49.893,0
49.894,0
49.899,0
49.9,0
49.901,0
49.902,0
49.903,0
49.904,0
49.906,0
49.907,0
49.909,0
49.914,0
49.92,0
49.925,0
49.933,0
49.934,0
49.935,0
49.936,0
49.937,0
49.938,0
49.939,0
49.94,0
49.945,0
49.946,0
49.951,0
49.952,0
49.957,0
49.959,0
49.96,0
49.961,0
49.962,0
49.963,0
49.964,0
49.965,0
49.967,0
49.968,0
49.973,0
49.974,0
49.979,0
49.98,0
49.981,0
49.982,0
49.983,0
49.984,0
49.985,0
49.986,0
49.989,0
49.99,0
49.991,0
49.992,0
49.994,0
49.995,0
50.001,0
50.002,0
50.003,0
50.004,0
50.005,0
50.006,0
50.007,0
50.011,0
50.012,0
50.013,0
50.014,0
50.029,0
50.03,0
50.031,0
50.032,0
50.033,0
50.034,0
50.035,0
50.039,0
50.04,0
50.041,0
50.042,0
50.043,0
50.044,0
50.045,0
50.046,0
50.05,0
50.051,0
50.052,0
50.053,0
50.054,0
50.055,0
50.056,0
50.057,0
50.061,0
50.062,0
50.063,0
50.064,0
50.065,0
50.073,0
50.074,0
50.075,0
50.076,0
50.077,0
50.078,0
50.079,0
50.084,0
50.085,0
50.086,0
50.087,0
50.088,0
50.089,0
50.09,0
50.095,0
50.096,0
50.097,0
50.098,0
50.099,0
50.1,0
50.112,0
50.113,0
50.114,0
50.115,0
50.117,0
50.118,0
50.119,0
50.12,0
50.121,0
50.122,0
50.123,0
50.127,0
50.128,0
50.129,0
50.14,0
50.141,0
50.142,0
50.143,0
50.144,0
50.145,0
50.146,0
50.147,0
50.148,0
50.149,0
50.15,0
50.151,0
50.152,0
50.153,0
50.154,0
50.155,0
50.156,0
50.162,0
50.163,0
50.164,0
50.165,0
50.166,0
50.167,0
50.173,0
50.174,0
50.175,0
50.176,0
50.177,0
50.178,0
50.179,0
50.184,0
50.185,0
50.186,0
50.187,0
50.188,0
50.189,0
50.194,0
50.195,0
50.196,0
50.197,0
50.198,0
50.199,0
50.2,0
50.201,0
50.206,0
50.208,0
50.209,0
50.21,0
50.211,0
50.212,0
50.213,0
50.214,0
50.215,0
50.216,0
50.217,0
50.218,0
50.219,0
50.224,0
50.225,0
50.226,0
50.227,0
50.252,0
50.253,0
50.254,0
50.255,0
50.256,0
50.257,0
50.258,0
50.26,0
50.261,0
50.262,0
50.263,0
50.274,0
50.275,0
50.276,0
50.285,0
50.286,0
50.287,0
50.288,0
50.289,0
50.29,0
50.291,0
50.292,0
50.295,0
50.296,0
50.297,0
50.298,0
50.313,0
50.314,0
50.315,0
50.316,0
50.317,0
50.318,0
50.32,0
50.321,0
50.322,0
50.323,0
50.324,0
50.325,0
50.326,0
50.341,0
50.342,0
50.343,0
50.344,0
50.345,0
50.346,0
50.347,0
50.348,0
50.349,0
50.35,0
50.351,0
50.352,0
50.354,0
50.355,0
50.363,0
50.364,0
50.365,0
50.366,0
50.367,0
50.368,0
50.369,0
50.371,0
50.374,0
50.376,0
50.377,0
50.378,0
50.379,0
50.38,0
50.381,0
50.384,0
50.385,0
50.386,0
50.389,0
50.39,0
50.395,0
50.396,0
50.397,0
50.398,0
50.399,0
50.4,0
50.407,0
50.408,0
50.409,0
50.41,0
50.411,0
50.412,0
50.413,0
50.414,0
50.415,0
50.418,0
50.419,0
50.42,0
50.423,0
50.424,0
50.425,0
50.439,0
50.44,0
50.452,0
50.705,0
51.217,0
51.452,0
51.454,0
51.455,0
51.456,0
51.457,0
51.459,0
51.461,0
51.48,0
51.481,0
51.482,0
51.483,0
51.484,0
51.485,0
51.486,0
51.487,0
51.494,0
51.501,0
51.502,0
51.503,0
51.504,0
51.505,0
51.506,0
51.507,0
51.518,0
51.519,0
51.52,0
51.521,0
51.534,0
51.536,0
51.537,0
51.54,0
51.541,0
51.543,0
51.544,0
51.557,0
51.558,0
51.559,0
51.567,0
51.568,0
51.569,0
51.57,0
51.571,0
51.572,0
51.597,0
51.598,0
51.599,0
51.6,0
51.601,0
51.619,0
51.62,0
51.621,0
51.622,0
51.636,0
51.637,0
51.638,0
51.639,0
51.725,0
52.625,0
52.634,0
52.635,0
52.636,0
52.637,0
52.651,0
52.652,0
52.657,0
52.667,0
52.669,0
52.67,0
52.68,0
52.681,0
52.682,0
52.69,0
52.691,0
52.692,0
52.693,0
52.702,0
52.703,0
52.704,0
52.719,0
52.72,0
52.721,0
52.722,0
52.723,0
52.729,0
52.73,0
52.741,0
52.742,0
52.743,0
52.744,0
52.745,0
52.751,0
52.752,0
52.753,0
52.754,0
52.762,0
52.763,0
52.764,0
52.765,0
52.774,0
52.775,0
52.776,0
52.777,0
52.778,0
52.784,0
52.785,0
52.786,0
52.787,0
52.795,0
52.796,0
52.797,0
52.798,0
52.799,0
52.8,0
52.801,0
52.806,0
52.807,0
52.808,0
52.809,0
52.818,0
52.819,0
52.82,0
52.821,0
52.877,0
52.878,0
52.879,0
52.88,0
52.881,0
52.882,0
52.884,0
52.885,0
52.886,0
52.887,0
52.888,0
52.889,0
52.899,0
52.9,0
52.901,0
52.902,0
52.903,0
52.904,0
52.906,0
52.907,0
52.91,0
52.912,0
52.913,0
52.914,0
52.915,0
52.926,0
52.927,0
52.928,0
52.929,0
52.93,0
52.931,0
52.933,0
52.934,0
52.935,0
52.936,0
52.937,0
52.938,0
52.941,0
52.942,0
52.948,0
52.949,0
52.95,0
52.951,0
52.952,0
52.953,0
52.954,0
52.958,0
52.959,0
52.96,0
52.961,0
52.962,0
52.963,0
52.964,0
52.966,0
52.969,0
52.97,0
52.971,0
52.972,0
52.973,0
52.981,0
52.982,0
52.983,0
52.984,0
52.985,0
52.986,0
52.987,0
52.992,0
52.994,0
52.995,0
52.996,0
52.997,0
52.998,0
52.999,0
53.002,0
53.003,0
53.005,0
53.006,0
53.007,0
53.01,0
53.02,0
53.021,0
53.022,0
53.023,0
53.024,0
53.025,0
53.032,0
53.033,0
53.034,0
53.035,0
53.036,0
53.042,0
53.045,0
53.046,0
53.052,0
53.054,0
53.058,0
53.06,0
53.061,0
53.062,0
53.063,0
53.064,0
53.07,0
53.071,0
53.072,0
53.073,0
53.074,0
53.075,0
53.076,0
53.077,0
53.078,0
53.08,0
53.081,0
53.082,0
53.083,0
53.084,0
53.085,0
53.086,0
53.087,0
53.088,0
53.091,0
53.092,0
53.093,0
53.096,0
53.097,0
53.103,0
53.104,0
53.105,0
53.106,0
53.107,0
53.108,0
53.111,0
53.112,0
53.113,0
53.114,0
53.115,0
53.116,0
53.117,0
53.118,0
53.119,0
53.124,0
53.125,0
53.131,0
53.132,0
53.133,0
53.134,0
53.135,0
53.136,0
53.137,0
53.138,0
53.139,0
53.14,0
53.142,0
53.143,0
53.144,0
53.145,0
53.146,0
53.147,0
53.152,0
53.154,0
53.155,0
53.156,0
53.157,0
53.158,0
53.159,0
53.163,0
53.164,0
53.165,0
53.166,0
53.167,0
53.168,0
53.169,0
53.17,0
53.171,0
53.174,0
53.175,0
53.176,0
53.177,0
53.178,0
53.179,0
53.18,0
53.185,0
53.186,0
53.187,0
53.188,0
53.189,0
53.19,0
53.191,0
53.196,0
53.197,0
53.198,0
53.201,0
53.202,0
53.209,0
53.21,0
53.211,0
53.212,0
53.213,0
53.214,0
53.222,0
53.224,0
53.225,0
53.227,0
53.229,0
53.232,0
53.234,0
53.236,0
53.237,0
53.239,0
53.241,0
53.243,0
53.244,0
53.245,0
53.246,0
53.247,0
53.248,0
53.249,0
53.25,0
53.251,0
53.252,0
53.261,0
53.262,0
53.265,0
53.266,0
53.267,0
53.268,0
53.269,0
53.27,0
53.271,0
53.517,0
53.518,0
54.033,0
54.034,0
55.057,0
55.584,0
55.585,0
55.623,0
55.624,0
55.644,0
55.645,0
55.646,0
55.647,0
55.665,0
55.666,0
55.667,0
55.668,0
55.669,0
55.67,0
55.671,0
55.672,0
55.686,0
55.687,0
55.688,0
55.689,0
55.691,0
55.692,0
55.693,0
55.695,0
55.696,0
55.698,0
55.699,0
55.7,0
55.708,0
55.709,0
55.71,0
55.712,0
55.713,0
55.72,0
55.721,0
55.722,0
55.723,0
55.724,0
55.731,0
55.732,0
55.733,0
55.734,0
55.736,0
55.737,0
55.743,0
55.744,0
55.745,0
55.746,0
55.747,0
55.748,0
55.749,0
55.75,0
55.751,0
55.752,0
55.753,0
55.754,0
55.765,0
55.766,0
55.767,0
55.768,0
55.769,0
55.77,0
55.771,0
55.772,0
55.773,0
55.774,0
55.776,0
55.777,0
55.778,0
55.779,0
55.78,0
55.786,0
55.787,0
55.788,0
55.789,0
55.791,0
55.792,0
55.798,0
55.799,0
55.8,0
55.801,0
55.802,0
55.803,0
55.804,0
55.805,0
55.806,0
55.807,0
55.808,0
55.81,0
55.812,0
55.815,0
55.817,0
55.822,0
55.824,0
55.825,0
55.826,0
55.854,0
55.855,0
55.856,0
55.857,0
55.858,0
55.859,0
55.86,0
55.861,0
55.877,0
55.878,0
55.879,0
55.88,0
55.881,0
55.882,0
55.883,0
55.884,0
55.899,0
55.9,0
55.901,0
55.902,0
55.903,0
55.904,0
55.905,0
55.907,0
55.92,0
55.925,0
55.926,0
55.93,0
55.931,0
55.932,0
55.933,0
55.934,0
55.935,0
55.936,0
55.946,0
55.947,0
55.95,0
55.951,0
55.956,0
55.957,0
55.958,0
55.959,0
55.96,0
55.961,0
55.962,0
55.963,0
55.967,0
55.968,0
55.969,0
55.973,0
55.974,0
55.979,0
55.98,0
55.981,0
55.982,0
55.983,0
55.984,0
55.989,0
55.99,0
55.991,0
55.992,0
55.994,0
55.995,0
56.001,0
56.002,0
56.003,0
56.004,0
56.005,0
56.006,0
56.008,0
56.009,0
56.011,0
56.012,0
56.022,0
56.023,0
56.04,0
56.041,0
56.042,0
56.043,0
56.044,0
56.045,0
56.046,0
56.047,0
56.048,0
56.05,0
56.051,0
56.052,0
56.056,0
56.057,0
56.062,0
56.063,0
56.064,0
56.065,0
56.066,0
56.067,0
56.073,0
56.074,0
56.075,0
56.076,0
56.077,0
56.078,0
56.084,0
56.085,0
56.086,0
56.087,0
56.088,0
56.089,0
56.094,0
56.095,0
56.096,0
56.097,0
56.098,0
56.099,0
56.1,0
56.101,0
56.106,0
56.108,0
56.109,0
56.11,0
56.112,0
56.113,0
56.114,0
56.115,0
56.117,0
56.118,0
56.119,0
56.12,0
56.132,0
56.134,0
56.135,0
56.136,0
56.137,0
56.138,0
56.139,0
56.14,0
56.141,0
56.142,0
56.143,0
56.144,0
56.145,0
56.146,0
56.147,0
56.148,0
56.155,0
56.156,0
56.157,0
56.158,0
56.159,0
56.161,0
56.167,0
56.169,0
56.17,0
56.171,0
56.172,0
56.173,0
56.174,0
56.175,0
56.176,0
56.178,0
56.179,0
56.18,0
56.181,0
56.182,0
56.183,0
56.184,0
56.185,0
56.19,0
56.191,0
56.192,0
56.193,0
56.194,0
56.195,0
56.201,0
56.203,0
56.204,0
56.205,0
56.206,0
56.207,0
56.208,0
56.21,0
56.211,0
56.212,0
56.213,0
56.214,0
56.216,0
56.217,0
56.218,0
56.219,0
56.22,0
56.221,0
56.222,0
56.224,0
56.226,0
56.227,0
56.228,0
56.246,0
56.247,0
56.248,0
56.25,0
56.251,0
56.252,0
56.253,0
56.254,0
56.255,0
56.256,0
56.267,0
56.268,0
56.269,0
56.272,0
56.273,0
56.279,0
56.28,0
56.281,0
56.282,0
56.283,0
56.284,0
56.286,0
56.287,0
56.289,0
56.294,0
56.295,0
56.301,0
56.302,0
56.303,0
56.304,0
56.305,0
56.306,0
56.309,0
56.31,0
56.311,0
56.312,0
56.316,0
56.317,0
56.329,0
56.33,0
56.331,0
56.332,0
56.334,0
56.335,0
56.336,0
56.337,0
56.338,0
56.339,0
56.34,0
56.341,0
56.342,0
56.35,0
56.351,0
56.352,0
56.353,0
56.355,0
56.356,0
56.362,0
56.363,0
56.364,0
56.365,0
56.366,0
56.367,0
56.369,0
56.37,0
56.372,0
56.373,0
56.374,0
56.375,0
56.377,0
56.378,0
56.383,0
56.384,0
56.385,0
56.386,0
56.387,0
56.388,0
56.389,0
56.39,0
56.394,0
56.395,0
56.396,0
56.397,0
56.398,0
56.399,0
56.4,0
56.401,0
56.402,0
56.405,0
56.406,0
56.407,0
56.408,0
56.409,0
56.41,0
56.411,0
56.412,0
56.416,0
56.417,0
56.418,0
56.419,0
56.42,0
56.421,0
56.459,0
56.46,0
56.481,0
56.482,0
56.483,0
56.729,0
56.73,0
57.233,0
57.234,0
57.261,0
57.262,0
57.487,0
57.488,0
57.489,0
57.49,0
57.491,0
57.492,0
57.496,0
57.497,0
57.532,0
57.533,0
57.534,0
57.535,0
57.536,0
58.527,0
58.528,0
58.529,0
58.53,0
58.531,0
58.532,0
58.535,0
58.537,0
58.566,0
58.567,0
58.568,0
58.569,0
58.57,0
59.571,0
59.572,0
59.573,0
59.574,0
59.575,0
59.604,0
59.605,0
59.606,0
59.607,0
59.608,0
59.632,0
59.633,0
59.634,0
59.635,0
59.655,0
59.656,0
59.657,0
59.658,0
59.678,0
59.679,0
59.68,0
59.681,0
59.701,0
59.702,0
59.703,0
59.704,0
59.73,0
59.731,0
59.732,0
59.733,0
59.759,0
59.76,0
59.761,0
59.762,0
59.782,0
59.783,0
59.784,0
59.785,0
59.806,0
59.807,0
59.808,0
59.833,0
59.834,0
59.835,0
59.857,0
59.86,0
59.865,0
59.866,0
59.878,0
59.879,0
59.88,0
59.881,0
59.883,0
59.884,0
59.889,0
59.89,0
59.894,0
59.9,0
59.902,0
59.903,0
59.904,0
59.911,0
59.912,0
59.914,0
59.915,0
59.916,0
59.927,0
59.928,0
59.929,0
59.931,0
59.932,0
59.938,0
59.939,0
59.94,0
59.941,0
59.942,0
59.948,0
59.949,0
59.954,0
59.955,0
59.96,0
59.962,0
59.963,0
59.964,0
59.965,0
59.966,0
59.967,0
59.968,0
59.969,0
59.975,0
59.976,0
59.981,0
59.982,0
59.987,0
59.989,0
59.99,0
59.991,0
59.992,0
59.993,0
59.994,0
59.996,0
59.997,0
60.002,0
60.004,0
60.005,0
60.014,0
60.015,0
60.016,0
60.026,0
60.027,0
60.028,0
60.029,0
60.03,0
60.031,0
60.033,0
60.038,0
60.04,0
60.041,0
60.043,0
60.045,0
60.048,0
60.049,0
60.05,0
60.055,0
60.056,0
60.061,0
60.062,0
60.068,0
60.069,0
60.07,0
60.071,0
60.072,0
60.073,0
60.074,0
60.075,0
60.076,0
60.077,0
60.078,0
60.079,0
60.083,0
60.084,0
60.089,0
60.09,0
60.095,0
60.097,0
60.098,0
60.099,0
60.1,0
60.101,0
60.102,0
60.103,0
60.104,0
60.106,0
60.107,0
60.11,0
60.111,0
60.112,0
60.113,0
60.116,0
60.117,0
60.118,0
60.119,0
60.122,0
60.123,0
60.128,0
60.129,0
60.13,0
60.131,0
60.132,0
60.133,0
60.134,0
60.135,0
60.136,0
60.138,0
60.139,0
60.14,0
60.141,0
60.15,0
60.151,0
60.152,0
60.153,0
60.154,0
60.155,0
60.156,0
60.157,0
60.158,0
60.16,0
60.161,0
60.162,0
60.163,0
60.164,0
60.165,0
60.166,0
60.167,0
60.171,0
60.172,0
60.173,0
60.174,0
60.175,0
60.176,0
60.177,0
60.178,0
60.182,0
60.183,0
60.184,0
60.185,0
60.186,0
60.187,0
60.188,0
60.189,0
60.19,0
60.193,0
60.194,0
60.195,0
60.196,0
60.197,0
60.198,0
60.199,0
60.2,0
60.204,0
60.205,0
60.206,0
60.207,0
60.208,0
60.209,0
60.21,0
60.211,0
60.212,0
60.213,0
60.215,0
60.216,0
60.217,0
60.218,0
60.219,0
60.22,0
60.221,0
60.222,0
60.223,0
60.226,0
60.227,0
60.228,0
60.229,0
60.23,0
60.231,0
60.237,0
60.238,0
60.239,0
60.24,0
60.241,0
60.242,0
60.243,0
60.244,0
60.245,0
60.248,0
60.249,0
60.25,0
60.251,0
60.252,0
60.253,0
60.254,0
60.255,0
60.256,0
60.257,0
60.258,0
60.259,0
60.26,0
60.261,0
60.262,0
60.263,0
60.264,0
60.265,0
60.271,0
60.272,0
60.273,0
60.274,0
60.275,0
60.276,0
60.277,0
60.278,0
60.279,0
60.281,0
60.282,0
60.283,0
60.284,0
60.285,0
60.286,0
60.287,0
60.288,0
60.289,0
60.29,0
60.291,0
60.292,0
60.293,0
60.294,0
60.295,0
60.296,0
60.297,0
60.298,0
60.299,0
60.303,0
60.304,0
60.305,0
60.306,0
60.307,0
60.308,0
60.309,0
60.31,0
60.311,0
60.315,0
60.316,0
60.317,0
60.318,0
60.319,0
60.32,0
60.321,0
60.322,0
60.323,0
60.324,0
60.325,0
60.326,0
60.327,0
60.328,0
60.329,0
60.33,0
60.331,0
60.332,0
60.333,0
60.334,0
60.336,0
60.337,0
60.338,0
60.339,0
60.34,0
60.341,0
60.342,0
60.343,0
60.344,0
60.347,0
60.348,0
60.349,0
60.35,0
60.351,0
60.352,0
60.353,0
60.354,0
60.355,0
60.356,0
60.357,0
60.358,0
60.359,0
60.36,0
60.361,0
60.362,0
60.363,0
60.364,0
60.365,0
60.366,0
60.367,0
60.368,0
60.369,0
60.37,0
60.371,0
60.372,0
60.373,0
60.374,0
60.375,0
60.376,0
60.377,0
60.38,0
60.381,0
60.382,0
60.383,0
60.384,0
60.385,0
60.386,0
60.387,0
60.388,0
60.389,0
60.39,0
60.392,0
60.393,0
60.394,0
60.395,0
60.396,0
60.397,0
60.398,0
60.399,0
60.4,0
60.401,0
60.402,0
60.403,0
60.404,0
60.405,0
60.406,0
60.407,0
60.408,0
60.409,0
60.41,0
60.411,0
60.414,0
60.415,0
60.416,0
60.417,0
60.418,0
60.419,0
60.42,0
60.421,0
60.422,0
60.423,0
60.424,0
60.425,0
60.426,0
60.427,0
60.428,0
60.429,0
60.43,0
60.431,0
60.432,0
60.433,0
60.434,0
60.435,0
60.436,0
60.437,0
60.438,0
60.439,0
60.44,0
60.441,0
60.442,0
60.443,0
60.444,0
60.445,0
60.447,0
60.448,0
60.449,0
60.45,0
60.451,0
60.452,0
60.453,0
60.454,0
60.455,0
60.456,0
60.457,0
60.458,0
60.459,0
60.46,0
60.461,0
60.462,0
60.463,0
60.464,0
60.465,0
60.466,0
60.467,0
60.469,0
60.47,0
60.471,0
60.472,0
60.473,0
60.474,0
60.475,0
60.476,0
60.477,0
60.478,0
60.479,0
60.48,0
60.481,0
60.482,0
60.483,0
60.484,0
60.485,0
60.486,0
60.487,0
60.488,0
60.489,0
60.49,0
60.491,0
60.492,0
60.493,0
60.494,0
60.495,0
60.496,0
60.497,0
60.498,0
60.499,0
60.5,0
60.502,0
60.503,0
60.504,0
60.505,0
60.506,0
60.507,0
60.508,0
60.509,0
60.51,0
60.511,0
60.512,0
60.513,0
60.514,0
60.515,0
60.516,0
60.517,0
60.518,0
60.519,0
60.52,0
60.521,0
60.522,0
60.524,0
60.525,0
60.526,0
60.527,0
60.528,0
60.529,0
60.53,0
60.531,0
60.532,0
60.533,0
60.534,0
60.535,0
60.536,0
60.537,0
60.538,0
60.539,0
60.54,0
60.541,0
60.542,0
60.543,0
60.544,0
60.545,0
60.546,0
60.547,0
60.548,0
60.549,0
60.55,0
60.551,0
60.552,0
60.553,0
60.554,0
60.555,0
60.556,0
60.557,0
60.558,0
60.559,0
60.56,0
60.561,0
60.562,0
60.563,0
60.564,0
60.565,0
60.566,0
60.567,0
60.568,0
60.569,0
60.57,0
60.571,0
60.572,0
60.573,0
60.574,0
60.575,0
60.576,0
60.577,0
60.578,0
60.579,0
60.58,0
60.581,0
60.582,0
60.583,0
60.584,0
60.585,0
60.586,0
60.587,0
60.588,0
60.589,0
60.59,0
60.591,0
60.592,0
60.593,0
60.594,0
60.595,0
60.596,0
60.597,0
60.598,0
60.599,0
60.6,0
60.601,0
60.602,0
60.603,0
60.604,0
60.605,0
60.606,0
60.607,0
60.608,0
60.609,0
60.61,0
60.611,0
60.612,0
60.613,0
60.614,0
60.615,0
60.616,0
60.617,0
60.618,0
60.619,0
60.62,0
60.621,0
60.622,0
60.623,0
60.624,0
60.625,0
60.626,0
60.627,0
60.628,0
60.629,0
60.63,0
60.631,0
60.632,0
60.633,0
60.634,0
60.635,0
60.636,0
60.637,0
60.638,0
60.639,0
60.64,0
60.641,0
60.642,0
60.643,0
60.644,0
60.645,0
60.646,0
60.647,0
60.648,0
60.649,0
60.65,0
60.651,0
60.652,0
60.653,0
60.654,0
60.655,0
60.656,0
60.657,0
60.658,0
60.659,0
60.66,0
60.661,0
60.662,0
60.663,0
60.664,0
60.665,0
60.666,0
60.667,0
60.668,0
60.669,0
60.67,0
60.671,0
60.672,0
60.673,0
60.674,0
60.675,0
60.676,0
60.677,0
60.678,0
60.679,0
60.68,0
60.681,0
60.682,0
60.683,0
60.684,0
60.685,0
60.686,0
60.687,0
60.688,0
60.689,0
60.69,0
60.691,0
60.692,0
60.693,0
60.694,0
60.695,0
60.696,0
60.697,0
60.698,0
60.699,0
60.7,0
60.701,0
60.702,0
60.703,0
60.704,0
60.705,0
60.706,0
60.707,0
60.708,0
60.709,0
60.71,0
60.711,0
60.712,0
60.713,0
60.714,0
60.715,0
60.716,0
60.717,0
60.718,0
60.719,0
60.72,0
60.721,0
60.722,0
60.723,0
60.724,0
60.725,0
60.726,0
60.727,0
60.728,0
60.729,0
60.73,0
60.731,0
60.732,0
60.733,0
60.734,0
60.735,0
60.736,0
60.737,0
60.738,0
60.739,0
60.74,0
60.741,0
60.742,0
60.743,0
60.744,0
60.745,0
60.746,0
60.747,0
60.748,0
60.749,0
60.75,0
60.751,0
60.752,0
60.753,0
60.754,0
60.755,0
60.756,0
60.757,0
60.758,0
60.759,0
60.76,0
60.761,0
60.762,0
60.763,0
60.764,0
60.765,0
60.766,0
60.767,0
60.768,0
60.769,0
60.77,0
60.771,0
60.772,0
60.773,0
60.774,0
60.775,0
60.776,0
60.777,0
60.778,0
60.779,0
60.78,0
60.781,0
60.782,0
60.783,0
60.784,0
60.785,0
60.786,0
60.787,0
60.788,0
60.789,0
60.79,0
60.791,0
60.792,0
60.793,0
60.794,0
60.795,0
60.796,0
60.797,0
60.798,0
60.799,0
60.8,0
60.801,0
60.802,0
60.803,0
60.804,0
60.805,0
60.806,0
60.807,0
60.808,0
60.809,0
60.81,0
60.811,0
60.812,0
60.813,0
60.814,0
60.815,0
60.816,0
60.817,0
60.818,0
60.819,0
60.82,0
60.821,0
60.822,0
60.823,0
60.824,0
60.825,0
60.826,0
60.827,0
60.828,0
60.829,0
60.83,0
60.831,0
60.832,0
60.833,0
60.834,0
60.835,0
60.836,0
60.837,0
60.838,0
60.839,0
60.84,0
60.841,0
60.842,0
60.843,0
60.844,0
60.845,0
60.846,0
60.847,0
60.848,0
60.849,0
60.85,0
60.851,0
60.852,0
60.853,0
60.854,0
60.855,0
60.856,0
60.857,0
60.858,0
60.859,0
60.86,0
60.861,0
60.862,0
60.863,0
60.864,0
60.865,0
60.866,0
60.867,0
60.868,0
60.869,0
60.87,0
60.871,0
60.872,0
60.873,0
60.874,0
60.875,0
60.876,0
60.877,0
60.878,0
60.879,0
60.88,0
60.881,0
60.882,0
60.883,0
60.884,0
60.885,0
60.886,0
60.887,0
60.888,0
60.889,0
60.89,0
60.891,0
60.892,0
60.893,0
60.894,0
60.895,0
60.896,0
60.897,0
60.898,0
60.899,0
60.9,0
60.901,0
60.902,0
60.903,0
60.904,0
60.905,0
60.906,0
60.907,0
60.908,0
60.909,0
60.91,0
60.911,0
60.912,0
60.913,0
60.914,0
60.915,0
60.916,0
60.917,0
60.918,0
60.919,0
60.92,0
60.921,0
60.922,0
60.923,0
60.924,0
60.925,0
60.926,0
60.927,0
60.928,0
60.929,0
60.93,0
60.931,0
60.932,0
60.933,0
60.934,0
60.935,0
60.936,0
60.937,0
60.938,0
60.939,0
60.94,0
60.941,0
60.942,0
60.943,0
60.944,0
60.945,0
60.946,0
60.947,0
60.948,0
60.949,0
60.95,0
60.951,0
60.952,0
60.953,0
60.954,0
60.955,0
60.956,0
60.957,0
60.958,0
60.959,0
60.96,0
60.961,0
60.962,0
60.963,0
60.964,0
60.965,0
60.966,0
60.967,0
60.968,0
60.969,0
60.97,0
60.971,0
60.972,0
60.973,0
60.974,0
60.975,0
60.976,0
60.977,0
60.978,0
60.979,0
60.98,0
60.981,0
60.982,0
60.983,0
60.984,0
60.985,0
60.986,0
60.987,0
60.988,0
60.989,0
60.99,0
60.991,0
60.992,0
60.993,0
60.994,0
60.995,0
60.996,0
60.997,0
60.998,0
60.999,0
61,0
61.001,0
61.002,0
61.003,0
61.004,0
61.005,0
61.006,0
61.007,0
61.008,0
61.009,0
61.01,0
61.011,0
61.012,0
61.013,0
61.014,0
61.015,0
61.016,0
61.017,0
61.018,0
61.019,0
61.02,0
61.021,0
61.022,0
61.023,0
61.024,0
61.025,0
61.026,0
61.027,0
61.028,0
61.029,0
61.03,0
61.031,0
61.032,0
61.033,0
61.034,0
61.035,0
61.036,0
61.037,0
61.038,0
61.039,0
61.04,0
61.041,0
61.042,0
61.043,0
61.044,0
61.045,0
61.046,0
61.047,0
61.048,0
61.049,0
61.05,0
61.051,0
61.052,0
61.053,0
61.054,0
61.055,0
61.056,0
61.057,0
61.058,0
61.059,0
61.06,0
61.061,0
61.062,0
61.063,0
61.064,0
61.065,0
61.066,0
61.067,0
61.068,0
61.069,0
61.07,0
61.071,0
61.072,0
61.073,0
61.074,0
61.075,0
61.076,0
61.077,0
61.078,0
61.079,0
61.08,0
61.081,0
61.082,0
61.083,0
61.084,0
61.085,0
61.086,0
61.087,0
61.088,0
61.089,0
61.09,0
61.091,0
61.092,0
61.093,0
61.094,0
61.095,0
61.096,0
61.097,0
61.098,0
61.099,0
61.1,0
61.101,0
61.102,0
61.103,0
61.104,0
61.105,0
61.106,0
61.107,0
61.108,0
61.109,0
61.11,0
61.111,0
61.112,0
61.113,0
61.114,0
61.115,0
61.116,0
61.117,0
61.118,0
61.119,0
61.12,0
61.121,0
61.122,0
61.123,0
61.124,0
61.125,0
61.126,0
61.127,0
61.128,0
61.129,0
61.13,0
61.131,0
61.132,0
61.133,0
61.134,0
61.135,0
61.136,0
61.137,0
61.138,0
61.139,0
61.14,0
61.141,0
61.142,0
61.143,0
61.144,0
61.145,0
61.146,0
61.147,0
61.148,0
61.149,0
61.15,0
61.151,0
61.152,0
61.153,0
61.154,0
61.155,0
61.156,0
61.157,0
61.158,0
61.159,0
61.16,0
61.161,0
61.162,0
61.163,0
61.164,0
61.165,0
61.166,0
61.167,0
61.168,0
61.169,0
61.17,0
61.171,0
61.172,0
61.173,0
61.174,0
61.175,0
61.176,0
61.177,0
61.178,0
61.179,0
61.18,0
61.181,0
61.182,0
61.183,0
61.184,0
61.185,0
61.186,0
61.187,0
61.188,0
61.189,0
61.19,0
61.191,0
61.192,0
61.193,0
61.194,0
61.195,0
61.196,0
61.197,0
61.198,0
61.199,0
61.2,0
61.201,0
61.202,0
61.203,0
61.204,0
61.205,0
61.206,0
61.207,0
61.208,0
61.209,0
61.21,0
61.211,0
61.212,0
61.213,0
61.214,0
61.215,0
61.216,0
61.217,0
61.218,0
61.219,0
61.22,0
61.221,0
61.222,0
61.223,0
61.224,0
61.225,0
61.226,0
61.227,0
61.228,0
61.229,0
61.23,0
61.231,0
61.232,0
61.233,0
61.234,0
61.235,0
61.236,0
61.237,0
61.238,0
61.239,0
61.24,0
61.241,0
61.242,0
61.243,0
61.244,0
61.245,0
61.246,0
61.247,0
61.248,0
61.249,0
61.25,0
61.251,0
61.252,0
61.253,0
61.254,0
61.255,0
61.256,0
61.257,0
61.258,0
61.259,0
61.26,0
61.261,0
61.262,0
61.263,0
61.264,0
61.265,0
61.266,0
61.267,0
61.268,0
61.269,0
61.27,0
61.271,0
61.272,0
61.273,0
61.274,0
61.275,0
61.276,0
61.277,0
61.278,0
61.279,0
61.28,0
61.281,0
61.282,0
61.283,0
61.284,0
61.285,0
61.286,0
61.287,0
61.288,0
61.289,0
61.29,0
61.291,0
61.292,0
61.293,0
61.294,0
61.295,0
61.296,0
61.297,0
61.298,0
61.299,0
61.3,0
61.301,0
61.302,0
61.303,0
61.304,0
61.305,0
61.306,0
61.307,0
61.308,0
61.309,0
61.31,0
61.311,0
61.312,0
61.313,0
61.314,0
61.315,0
61.316,0
61.317,0
61.318,0
61.319,0
61.32,0
61.321,0
61.322,0
61.323,0
61.324,0
61.325,0
61.326,0
61.327,0
61.328,0
61.329,0
61.33,0
61.331,0
61.332,0
61.333,0
61.334,0
61.335,0
61.336,0
61.337,0
61.338,0
61.339,0
61.34,0
61.341,0
61.342,0
61.343,0
61.344,0
61.345,0
61.346,0
61.347,0
61.348,0
61.349,0
61.35,0
61.351,0
61.352,0
61.353,0
61.354,0
61.355,0
61.356,0
61.357,0
61.358,0
61.359,0
61.36,0
61.361,0
61.362,0
61.363,0
61.364,0
61.365,0
61.366,0
61.367,0
61.368,0
61.369,0
61.37,0
61.371,0
61.372,0
61.373,0
61.374,0
61.375,0
61.376,0
61.377,0
61.378,0
61.379,0
61.38,0
61.381,0
61.382,0
61.383,0
61.384,0
61.385,0
61.386,0
61.387,0
61.388,0
61.389,0
61.39,0
61.391,0
61.392,0
61.393,0
61.394,0
61.395,0
61.396,0
61.397,0
61.398,0
61.399,0
61.4,0
61.401,0
61.402,0
61.403,0
61.404,0
61.405,0
61.406,0
61.407,0
61.408,0
61.409,0
61.41,0
61.411,0
61.412,0
61.413,0
61.414,0
61.415,0
61.416,0
61.4166917138,1
61.417,0
61.418,0
61.419,0
61.42,0
61.421,0
61.422,0
61.423,0
61.424,0
61.425,0
61.426,0
61.427,0
61.428,0
61.429,0
61.43,0
61.431,0
61.432,0
61.433,0
61.434,0
61.435,0
61.436,0
61.437,0
61.438,0
61.439,0
61.44,0
61.441,0
61.442,0
61.443,0
61.444,0
61.445,0
61.446,0
61.447,0
61.448,0
61.449,0
61.45,0
61.451,0
61.452,0
61.453,0
61.454,0
61.455,0
61.456,0
61.457,0
61.459,0
61.46,0
61.461,0
61.462,0
61.463,0
61.464,0
61.465,0
61.466,0
61.467,0
61.468,0
61.469,0
61.47,0
61.471,0
61.472,0
61.473,0
61.474,0
61.475,0
61.476,0
61.477,0
61.478,0
61.479,0
61.48,0
61.481,0
61.482,0
61.483,0
61.484,0
61.485,0
61.486,0
61.487,0
61.488,0
61.489,0
61.49,0
61.491,0
61.492,0
61.493,0
61.494,0
61.495,0
61.496,0
61.497,0
61.498,0
61.499,0
61.5,0
61.501,0
61.502,0
61.503,0
61.505,0
61.506,0
61.507,0
61.508,0
61.509,0
61.51,0
61.511,0
61.512,0
61.513,0
61.517,0
61.518,0
61.519,0
61.52,0
61.521,0
61.522,0
61.523,0
61.524,0
61.525,0
61.526,0
61.527,0
61.528,0
61.529,0
61.53,0
61.531,0
61.532,0
61.533,0
61.534,0
61.535,0
61.536,0
61.537,0
61.538,0
61.539,0
61.54,0
61.541,0
61.542,0
61.543,0
61.544,0
61.545,0
61.546,0
61.55,0
61.551,0
61.552,0
61.553,0
61.554,0
61.555,0
61.556,0
61.557,0
61.558,0
61.559,0
61.56,0
61.561,0
61.562,0
61.563,0
61.564,0
61.565,0
61.566,0
61.567,0
61.568,0
61.569,0
61.57,0
61.571,0
61.572,0
61.573,0
61.574,0
61.575,0
61.576,0
61.577,0
61.578,0
61.579,0
61.58,0
61.581,0
61.582,0
61.583,0
61.584,0
61.585,0
61.586,0
61.587,0
61.588,0
61.589,0
61.59,0
61.591,0
61.592,0
61.593,0
61.594,0
61.595,0
61.596,0
61.597,0
61.598,0
61.599,0
61.6,0
61.601,0
61.602,0
61.603,0
61.604,0
61.605,0
61.606,0
61.607,0
61.608,0
61.609,0
61.61,0
61.611,0
61.612,0
61.613,0
61.614,0
61.616,0
61.617,0
61.618,0
61.619,0
61.62,0
61.621,0
61.622,0
61.623,0
61.624,0
61.625,0
61.626,0
61.627,0
61.628,0
61.629,0
61.63,0
61.631,0
61.632,0
61.633,0
61.634,0
61.635,0
61.636,0
61.637,0
61.638,0
61.639,0
61.64,0
61.641,0
61.642,0
61.643,0
61.644,0
61.645,0
61.646,0
61.647,0
61.648,0
61.649,0
61.65,0
61.651,0
61.652,0
61.653,0
61.654,0
61.655,0
61.656,0
61.657,0
61.658,0
61.659,0
61.661,0
61.662,0
61.663,0
61.664,0
61.665,0
61.666,0
61.667,0
61.668,0
61.669,0
61.67,0
61.671,0
61.672,0
61.673,0
61.674,0
61.675,0
61.676,0
61.677,0
61.678,0
61.679,0
61.68,0
61.681,0
61.682,0
61.683,0
61.684,0
61.685,0
61.686,0
61.687,0
61.688,0
61.689,0
61.69,0
61.691,0
61.692,0
61.693,0
61.694,0
61.695,0
61.696,0
61.697,0
61.698,0
61.699,0
61.7,0
61.701,0
61.702,0
61.703,0
61.704,0
61.705,0
61.706,0
61.707,0
61.708,0
61.709,0
61.71,0
61.711,0
61.712,0
61.713,0
61.714,0
61.715,0
61.716,0
61.717,0
61.718,0
61.719,0
61.72,0
61.721,0
61.722,0
61.723,0
61.724,0
61.725,0
61.726,0
61.727,0
61.728,0
61.729,0
61.73,0
61.731,0
61.732,0
61.733,0
61.734,0
61.735,0
61.736,0
61.737,0
61.738,0
61.739,0
61.74,0
61.741,0
61.742,0
61.743,0
61.744,0
61.745,0
61.746,0
61.747,0
61.748,0
61.749,0
61.75,0
61.751,0
61.752,0
61.753,0
61.754,0
61.755,0
61.756,0
61.757,0
61.758,0
61.759,0
61.76,0
61.761,0
61.762,0
61.763,0
61.764,0
61.765,0
61.766,0
61.767,0
61.768,0
61.769,0
61.77,0
61.771,0
61.772,0
61.773,0
61.774,0
61.775,0
61.776,0
61.777,0
61.778,0
61.779,0
61.78,0
61.781,0
61.782,0
61.783,0
61.784,0
61.785,0
61.786,0
61.787,0
61.788,0
61.789,0
61.79,0
61.791,0
61.792,0
61.793,0
61.794,0
61.795,0
61.796,0
61.797,0
61.798,0
61.799,0
61.8,0
61.801,0
61.802,0
61.803,0
61.804,0
61.805,0
61.806,0
61.807,0
61.808,0
61.809,0
61.81,0
61.811,0
61.812,0
61.813,0
61.814,0
61.815,0
61.816,0
61.817,0
61.818,0
61.819,0
61.82,0
61.821,0
61.822,0
61.823,0
61.824,0
61.825,0
61.826,0
61.827,0
61.828,0
61.829,0
61.83,0
61.831,0
61.832,0
61.833,0
61.834,0
61.835,0
61.836,0
61.837,0
61.838,0
61.839,0
61.84,0
61.841,0
61.842,0
61.843,0
61.844,0
61.845,0
61.846,0
61.847,0
61.848,0
61.849,0
61.85,0
61.851,0
61.852,0
61.853,0
61.854,0
61.855,0
61.856,0
61.857,0
61.858,0
61.859,0
61.86,0
61.861,0
61.862,0
61.863,0
61.864,0
61.865,0
61.866,0
61.867,0
61.868,0
61.869,0
61.87,0
61.871,0
61.872,0
61.873,0
61.874,0
61.875,0
61.876,0
61.877,0
61.878,0
61.879,0
61.88,0
61.881,0
61.882,0
61.883,0
61.884,0
61.885,0
61.886,0
61.887,0
61.888,0
61.889,0
61.89,0
61.891,0
61.892,0
61.893,0
61.894,0
61.895,0
61.896,0
61.897,0
61.898,0
61.899,0
61.9,0
61.901,0
61.902,0
61.903,0
61.904,0
61.905,0
61.906,0
61.907,0
61.908,0
61.909,0
61.91,0
61.911,0
61.912,0
61.913,0
61.914,0
61.915,0
61.916,0
61.917,0
61.918,0
61.919,0
61.92,0
61.921,0
61.922,0
61.923,0
61.924,0
61.925,0
61.926,0
61.927,0
61.928,0
61.929,0
61.93,0
61.931,0
61.932,0
61.933,0
61.934,0
61.935,0
61.936,0
61.937,0
61.938,0
61.939,0
61.94,0
61.941,0
61.942,0
61.943,0
61.944,0
61.945,0
61.946,0
61.947,0
61.948,0
61.949,0
61.95,0
61.951,0
61.952,0
61.953,0
61.954,0
61.955,0
61.956,0
61.957,0
61.958,0
61.959,0
61.96,0
61.961,0
61.962,0
61.963,0
61.964,0
61.965,0
61.966,0
61.967,0
61.968,0
61.969,0
61.97,0
61.971,0
61.972,0
61.973,0
61.974,0
61.975,0
61.976,0
61.977,0
61.978,0
61.979,0
61.98,0
61.981,0
61.982,0
61.983,0
61.984,0
61.985,0
61.986,0
61.987,0
61.988,0
61.989,0
61.99,0
61.991,0
61.992,0
61.993,0
61.994,0
61.995,0
61.996,0
61.997,0
61.998,0
61.999,0
62,0
62.001,0
62.002,0
62.003,0
62.004,0
62.005,0
62.006,0
62.007,0
62.008,0
62.009,0
62.01,0
62.011,0
62.012,0
62.013,0
62.014,0
62.015,0
62.016,0
62.017,0
62.018,0
62.019,0
62.02,0
62.021,0
62.022,0
62.023,0
62.024,0
62.025,0
62.026,0
62.027,0
62.028,0
62.029,0
62.03,0
62.031,0
62.032,0
62.033,0
62.034,0
62.035,0
62.036,0
62.037,0
62.038,0
62.039,0
62.04,0
62.041,0
62.042,0
62.043,0
62.044,0
62.045,0
62.046,0
62.047,0
62.048,0
62.049,0
62.05,0
62.051,0
62.052,0
62.053,0
62.054,0
62.055,0
62.056,0
62.057,0
62.058,0
62.059,0
62.06,0
62.061,0
62.062,0
62.063,0
62.064,0
62.065,0
62.066,0
62.067,0
62.068,0
62.069,0
62.07,0
62.071,0
62.072,0
62.073,0
62.074,0
62.075,0
62.076,0
62.077,0
62.078,0
62.079,0
62.08,0
62.081,0
62.082,0
62.083,0
62.084,0
62.085,0
62.086,0
62.087,0
62.088,0
62.089,0
62.09,0
62.091,0
62.092,0
62.093,0
62.094,0
62.095,0
62.096,0
62.097,0
62.098,0
62.099,0
62.1,0
62.101,0
62.102,0
62.103,0
62.104,0
62.105,0
62.106,0
62.107,0
62.108,0
62.109,0
62.11,0
62.111,0
62.112,0
62.113,0
62.114,0
62.115,0
62.116,0
62.117,0
62.118,0
62.119,0
62.12,0
62.121,0
62.122,0
62.123,0
62.124,0
62.125,0
62.126,0
62.127,0
62.128,0
62.129,0
62.13,0
62.131,0
62.132,0
62.133,0
62.134,0
62.135,0
62.136,0
62.137,0
62.138,0
62.139,0
62.14,0
62.141,0
62.142,0
62.143,0
62.144,0
62.145,0
62.146,0
62.147,0
62.148,0
62.149,0
62.15,0
62.151,0
62.152,0
62.153,0
62.154,0
62.155,0
62.156,0
62.157,0
62.158,0
62.159,0
62.16,0
62.161,0
62.162,0
62.163,0
62.164,0
62.165,0
62.166,0
62.167,0
62.168,0
62.169,0
62.17,0
62.171,0
62.172,0
62.173,0
62.174,0
62.175,0
62.176,0
62.177,0
62.178,0
62.179,0
62.18,0
62.181,0
62.182,0
62.183,0
62.184,0
62.185,0
62.186,0
62.187,0
62.188,0
62.189,0
62.19,0
62.191,0
62.192,0
62.193,0
62.194,0
62.195,0
62.196,0
62.197,0
62.198,0
62.199,0
62.2,0
62.201,0
62.202,0
62.203,0
62.204,0
62.205,0
62.206,0
62.207,0
62.208,0
62.209,0
62.21,0
62.211,0
62.212,0
62.213,0
62.214,0
62.215,0
62.216,0
62.217,0
62.218,0
62.219,0
62.22,0
62.221,0
62.222,0
62.223,0
62.224,0
62.225,0
62.226,0
62.227,0
62.228,0
62.229,0
62.23,0
62.231,0
62.232,0
62.233,0
62.234,0
62.235,0
62.236,0
62.237,0
62.238,0
62.239,0
62.24,0
62.241,0
62.242,0
62.243,0
62.244,0
62.245,0
62.246,0
62.247,0
62.248,0
62.249,0
62.25,0
62.251,0
62.252,0
62.253,0
62.254,0
62.255,0
62.256,0
62.257,0
62.258,0
62.259,0
62.26,0
62.261,0
62.262,0
62.263,0
62.264,0
62.265,0
62.266,0
62.267,0
62.268,0
62.269,0
62.27,0
62.271,0
62.272,0
62.273,0
62.274,0
62.275,0
62.276,0
62.277,0
62.278,0
62.279,0
62.28,0
62.281,0
62.282,0
62.283,0
62.284,0
62.285,0
62.286,0
62.287,0
62.288,0
62.289,0
62.29,0
62.291,0
62.292,0
62.293,0
62.294,0
62.295,0
62.296,0
62.297,0
62.298,0
62.299,0
62.3,0
62.301,0
62.302,0
62.303,0
62.304,0
62.305,0
62.306,0
62.307,0
62.308,0
62.309,0
62.31,0
62.311,0
62.312,0
62.313,0
62.314,0
62.315,0
62.316,0
62.317,0
62.318,0
62.319,0
62.32,0
62.321,0
62.322,0
62.323,0
62.324,0
62.325,0
62.326,0
62.327,0
62.328,0
62.329,0
62.33,0
62.331,0
62.332,0
62.333,0
62.334,0
62.335,0
62.336,0
62.337,0
62.338,0
62.339,0
62.34,0
62.341,0
62.342,0
62.343,0
62.344,0
62.345,0
62.346,0
62.347,0
62.348,0
62.349,0
62.35,0
62.351,0
62.352,0
62.353,0
62.354,0
62.355,0
62.356,0
62.357,0
62.358,0
62.359,0
62.36,0
62.361,0
62.362,0
62.363,0
62.364,0
62.365,0
62.366,0
62.367,0
62.368,0
62.369,0
62.37,0
62.371,0
62.372,0
62.373,0
62.374,0
62.375,0
62.376,0
62.377,0
62.378,0
62.379,0
62.38,0
62.381,0
62.382,0
62.383,0
62.384,0
62.385,0
62.386,0
62.387,0
62.388,0
62.389,0
62.39,0
62.391,0
62.392,0
62.393,0
62.394,0
62.395,0
62.396,0
62.397,0
62.398,0
62.399,0
62.4,0
62.401,0
62.402,0
62.403,0
62.404,0
62.405,0
62.406,0
62.407,0
62.408,0
62.409,0
62.41,0
62.411,0
62.412,0
62.413,0
62.414,0
62.415,0
62.416,0
62.417,0
62.418,0
62.419,0
62.42,0
62.421,0
62.422,0
62.423,0
62.424,0
62.425,0
62.426,0
62.427,0
62.428,0
62.429,0
62.43,0
62.431,0
62.432,0
62.433,0
62.434,0
62.435,0
62.436,0
62.437,0
62.438,0
62.439,0
62.44,0
62.441,0
62.442,0
62.443,0
62.444,0
62.445,0
62.446,0
62.447,0
62.448,0
62.449,0
62.45,0
62.451,0
62.452,0
62.453,0
62.454,0
62.455,0
62.456,0
62.457,0
62.458,0
62.459,0
62.46,0
62.461,0
62.462,0
62.463,0
62.464,0
62.465,0
62.466,0
62.467,0
62.468,0
62.469,0
62.47,0
62.471,0
62.472,0
62.473,0
62.474,0
62.475,0
62.476,0
62.477,0
62.478,0
62.479,0
62.48,0
62.481,0
62.482,0
62.483,0
62.484,0
62.485,0
62.486,0
62.487,0
62.488,0
62.489,0
62.49,0
62.491,0
62.492,0
62.493,0
62.494,0
62.495,0
62.496,0
62.497,0
62.498,0
62.499,0
62.5,0
62.501,0
62.502,0
62.503,0
62.504,0
62.505,0
62.506,0
62.507,0
62.508,0
62.509,0
62.51,0
62.511,0
62.512,0
62.513,0
62.514,0
62.515,0
62.516,0
62.517,0
62.518,0
62.519,0
62.52,0
62.521,0
62.522,0
62.523,0
62.524,0
62.525,0
62.526,0
62.527,0
62.528,0
62.529,0
62.53,0
62.531,0
62.532,0
62.533,0
62.534,0
62.535,0
62.536,0
62.537,0
62.538,0
62.539,0
62.54,0
62.541,0
62.542,0
62.543,0
62.544,0
62.545,0
62.546,0
62.547,0
62.548,0
62.549,0
62.55,0
62.551,0
62.552,0
62.553,0
62.554,0
62.555,0
62.556,0
62.557,0
62.558,0
62.559,0
62.56,0
62.561,0
62.562,0
62.563,0
62.564,0
62.565,0
62.566,0
62.567,0
62.568,0
62.569,0
62.57,0
62.571,0
62.572,0
62.573,0
62.574,0
62.575,0
62.576,0
62.577,0
62.578,0
62.579,0
62.58,0
62.581,0
62.582,0
62.583,0
62.584,0
62.585,0
62.586,0
62.587,0
62.588,0
62.589,0
62.59,0
62.591,0
62.592,0
62.593,0
62.594,0
62.595,0
62.596,0
62.597,0
62.598,0
62.599,0
62.6,0
62.601,0
62.602,0
62.603,0
62.604,0
62.605,0
62.606,0
62.607,0
62.608,0
62.609,0
62.61,0
62.611,0
62.612,0
62.613,0
62.614,0
62.615,0
62.616,0
62.617,0
62.618,0
62.619,0
62.62,0
62.621,0
62.622,0
62.623,0
62.624,0
62.625,0
62.626,0
62.627,0
62.628,0
62.629,0
62.63,0
62.631,0
62.632,0
62.633,0
62.634,0
62.635,0
62.636,0
62.637,0
62.638,0
62.639,0
62.64,0
62.641,0
62.642,0
62.643,0
62.644,0
62.645,0
62.646,0
62.647,0
62.648,0
62.649,0
62.65,0
62.651,0
62.6517861098,1
62.652,0
62.653,0
62.654,0
62.655,0
62.656,0
62.657,0
62.658,0
62.659,0
62.66,0
62.661,0
62.662,0
62.663,0
62.664,0
62.665,0
62.666,0
62.667,0
62.668,0
62.669,0
62.67,0
62.671,0
62.672,0
62.673,0
62.674,0
62.675,0
62.676,0
62.677,0
62.678,0
62.679,0
62.68,0
62.681,0
62.682,0
62.683,0
62.684,0
62.685,0
62.686,0
62.687,0
62.688,0
62.689,0
62.69,0
62.691,0
62.692,0
62.693,0
62.694,0
62.695,0
62.696,0
62.697,0
62.698,0
62.699,0
62.7,0
62.701,0
62.702,0
62.703,0
62.704,0
62.705,0
62.706,0
62.707,0
62.708,0
62.709,0
62.71,0
62.711,0
62.712,0
62.713,0
62.714,0
62.715,0
62.716,0
62.717,0
62.718,0
62.719,0
62.72,0
62.721,0
62.722,0
62.723,0
62.724,0
62.725,0
62.726,0
62.727,0
62.728,0
62.729,0
62.73,0
62.731,0
62.732,0
62.733,0
62.734,0
62.735,0
62.736,0
62.737,0
62.738,0
62.739,0
62.74,0
62.741,0
62.742,0
62.75,0
62.751,0
62.752,0
62.753,0
62.754,0
62.755,0
62.756,0
62.757,0
62.758,0
62.759,0
62.76,0
62.761,0
62.762,0
62.763,0
62.764,0
62.765,0
62.766,0
62.767,0
62.768,0
62.769,0
62.77,0
62.771,0
62.772,0
62.773,0
62.774,0
62.775,0
62.776,0
62.78,0
62.781,0
62.782,0
62.783,0
62.784,0
62.785,0
62.786,0
62.787,0
62.788,0
62.789,0
62.79,0
62.791,0
62.792,0
62.793,0
62.794,0
62.795,0
62.796,0
62.797,0
62.798,0
62.799,0
62.8,0
62.801,0
62.802,0
62.803,0
62.804,0
62.805,0
62.806,0
62.807,0
62.808,0
62.809,0
62.81,0
62.811,0
62.813,0
62.814,0
62.815,0
62.816,0
62.817,0
62.818,0
62.819,0
62.82,0
62.821,0
62.822,0
62.823,0
62.824,0
62.825,0
62.826,0
62.827,0
62.828,0
62.829,0
62.83,0
62.831,0
62.832,0
62.833,0
62.834,0
62.835,0
62.836,0
62.837,0
62.838,0
62.839,0
62.84,0
62.841,0
62.842,0
62.843,0
62.844,0
62.845,0
62.846,0
62.847,0
62.848,0
62.849,0
62.85,0
62.851,0
62.852,0
62.853,0
62.854,0
62.855,0
62.856,0
62.857,0
62.858,0
62.859,0
62.86,0
62.861,0
62.862,0
62.863,0
62.864,0
62.865,0
62.866,0
62.867,0
62.868,0
62.869,0
62.87,0
62.871,0
62.872,0
62.873,0
62.874,0
62.875,0
62.876,0
62.877,0
62.879,0
62.88,0
62.881,0
62.882,0
62.883,0
62.884,0
62.885,0
62.886,0
62.887,0
62.888,0
62.889,0
62.89,0
62.891,0
62.892,0
62.893,0
62.894,0
62.895,0
62.896,0
62.897,0
62.898,0
62.899,0
62.9,0
62.901,0
62.902,0
62.903,0
62.904,0
62.905,0
62.906,0
62.907,0
62.908,0
62.909,0
62.91,0
62.911,0
62.912,0
62.913,0
62.914,0
62.915,0
62.916,0
62.917,0
62.918,0
62.919,0
62.92,0
62.921,0
62.922,0
62.923,0
62.924,0
62.925,0
62.926,0
62.927,0
62.928,0
62.929,0
62.93,0
62.931,0
62.932,0
62.933,0
62.934,0
62.935,0
62.936,0
62.937,0
62.938,0
62.939,0
62.94,0
62.941,0
62.942,0
62.943,0
62.944,0
62.945,0
62.946,0
62.947,0
62.948,0
62.949,0
62.95,0
62.951,0
62.952,0
62.953,0
62.954,0
62.955,0
62.956,0
62.957,0
62.958,0
62.959,0
62.96,0
62.961,0
62.962,0
62.963,0
62.964,0
62.965,0
62.966,0
62.967,0
62.968,0
62.969,0
62.97,0
62.971,0
62.972,0
62.973,0
62.974,0
62.975,0
62.976,0
62.977,0
62.978,0
62.979,0
62.98,0
62.981,0
62.982,0
62.983,0
62.984,0
62.985,0
62.986,0
62.987,0
62.988,0
62.989,0
62.99,0
62.991,0
62.992,0
62.993,0
62.994,0
62.995,0
62.996,0
62.997,0
62.998,0
62.999,0
63,0
63.001,0
63.002,0
63.003,0
63.004,0
63.005,0
63.006,0
63.007,0
63.008,0
63.009,0
63.01,0
63.011,0
63.012,0
63.013,0
63.014,0
63.015,0
63.016,0
63.017,0
63.018,0
63.019,0
63.02,0
63.021,0
63.022,0
63.023,0
63.024,0
63.025,0
63.026,0
63.027,0
63.028,0
63.029,0
63.03,0
63.031,0
63.032,0
63.033,0
63.034,0
63.035,0
63.036,0
63.037,0
63.038,0
63.039,0
63.04,0
63.041,0
63.042,0
63.043,0
63.044,0
63.045,0
63.046,0
63.047,0
63.048,0
63.049,0
63.05,0
63.051,0
63.052,0
63.053,0
63.054,0
63.055,0
63.056,0
63.057,0
63.058,0
63.059,0
63.06,0
63.061,0
63.062,0
63.063,0
63.064,0
63.065,0
63.066,0
63.067,0
63.068,0
63.069,0
63.07,0
63.071,0
63.072,0
63.073,0
63.074,0
63.075,0
63.076,0
63.077,0
63.078,0
63.079,0
63.08,0
63.081,0
63.082,0
63.083,0
63.084,0
63.085,0
63.086,0
63.087,0
63.088,0
63.089,0
63.09,0
63.091,0
63.092,0
63.093,0
63.094,0
63.095,0
63.096,0
63.097,0
63.098,0
63.099,0
63.1,0
63.101,0
63.102,0
63.103,0
63.104,0
63.105,0
63.106,0
63.107,0
63.108,0
63.109,0
63.11,0
63.111,0
63.112,0
63.113,0
63.114,0
63.115,0
63.116,0
63.117,0
63.118,0
63.119,0
63.12,0
63.121,0
63.122,0
63.123,0
63.124,0
63.125,0
63.126,0
63.127,0
63.128,0
63.129,0
63.13,0
63.131,0
63.132,0
63.133,0
63.134,0
63.135,0
63.136,0
63.137,0
63.138,0
63.139,0
63.14,0
63.141,0
63.142,0
63.143,0
63.144,0
63.145,0
63.146,0
63.147,0
63.148,0
63.149,0
63.15,0
63.151,0
63.152,0
63.153,0
63.154,0
63.155,0
63.156,0
63.157,0
63.158,0
63.159,0
63.16,0
63.161,0
63.162,0
63.163,0
63.164,0
63.166,0
63.167,0
63.168,0
63.169,0
63.17,0
63.171,0
63.172,0
63.173,0
63.174,0
63.176,0
63.177,0
63.178,0
63.179,0
63.18,0
63.181,0
63.182,0
63.183,0
63.184,0
63.185,0
63.186,0
63.187,0
63.188,0
63.189,0
63.19,0
63.191,0
63.192,0
63.193,0
63.194,0
63.195,0
63.196,0
63.197,0
63.198,0
63.199,0
63.2,0
63.201,0
63.202,0
63.203,0
63.204,0
63.205,0
63.206,0
63.207,0
63.208,0
63.209,0
63.21,0
63.211,0
63.212,0
63.213,0
63.214,0
63.215,0
63.216,0
63.217,0
63.218,0
63.219,0
63.22,0
63.221,0
63.222,0
63.223,0
63.224,0
63.225,0
63.226,0
63.227,0
63.228,0
63.229,0
63.23,0
63.231,0
63.232,0
63.233,0
63.234,0
63.235,0
63.236,0
63.237,0
63.238,0
63.239,0
63.24,0
63.241,0
63.242,0
63.243,0
63.244,0
63.245,0
63.246,0
63.247,0
63.248,0
63.249,0
63.25,0
63.251,0
63.252,0
63.253,0
63.254,0
63.255,0
63.256,0
63.257,0
63.258,0
63.259,0
63.26,0
63.261,0
63.262,0
63.263,0
63.264,0
63.265,0
63.266,0
63.267,0
63.268,0
63.269,0
63.27,0
63.271,0
63.272,0
63.273,0
63.274,0
63.275,0
63.276,0
63.277,0
63.278,0
63.279,0
63.28,0
63.281,0
63.282,0
63.283,0
63.284,0
63.285,0
63.286,0
63.287,0
63.288,0
63.289,0
63.29,0
63.291,0
63.292,0
63.293,0
63.294,0
63.295,0
63.296,0
63.297,0
63.298,0
63.299,0
63.3,0
63.301,0
63.302,0
63.303,0
63.304,0
63.305,0
63.306,0
63.307,0
63.308,0
63.309,0
63.31,0
63.311,0
63.312,0
63.313,0
63.314,0
63.315,0
63.316,0
63.317,0
63.318,0
63.319,0
63.32,0
63.321,0
63.322,0
63.323,0
63.324,0
63.325,0
63.326,0
63.327,0
63.328,0
63.329,0
63.33,0
63.331,0
63.332,0
63.333,0
63.334,0
63.335,0
63.336,0
63.337,0
63.338,0
63.339,0
63.34,0
63.341,0
63.342,0
63.343,0
63.344,0
63.345,0
63.346,0
63.347,0
63.348,0
63.349,0
63.35,0
63.351,0
63.352,0
63.353,0
63.354,0
63.355,0
63.356,0
63.357,0
63.358,0
63.359,0
63.36,0
63.361,0
63.362,0
63.363,0
63.364,0
63.365,0
63.366,0
63.367,0
63.368,0
63.369,0
63.37,0
63.371,0
63.372,0
63.373,0
63.374,0
63.375,0
63.376,0
63.377,0
63.378,0
63.379,0
63.38,0
63.381,0
63.382,0
63.383,0
63.384,0
63.385,0
63.386,0
63.387,0
63.388,0
63.389,0
63.39,0
63.391,0
63.392,0
63.393,0
63.394,0
63.395,0
63.396,0
63.397,0
63.398,0
63.399,0
63.4,0
63.401,0
63.402,0
63.403,0
63.404,0
63.405,0
63.406,0
63.407,0
63.408,0
63.409,0
63.41,0
63.411,0
63.412,0
63.413,0
63.414,0
63.415,0
63.416,0
63.417,0
63.418,0
63.419,0
63.42,0
63.421,0
63.422,0
63.423,0
63.424,0
63.425,0
63.426,0
63.427,0
63.428,0
63.429,0
63.43,0
63.431,0
63.432,0
63.433,0
63.434,0
63.435,0
63.436,0
63.437,0
63.438,0
63.439,0
63.44,0
63.441,0
63.442,0
63.443,0
63.444,0
63.445,0
63.446,0
63.447,0
63.448,0
63.449,0
63.45,0
63.451,0
63.452,0
63.453,0
63.454,0
63.455,0
63.456,0
63.457,0
63.458,0
63.459,0
63.46,0
63.461,0
63.462,0
63.463,0
63.464,0
63.465,0
63.466,0
63.467,0
63.468,0
63.469,0
63.47,0
63.471,0
63.472,0
63.473,0
63.474,0
63.475,0
63.476,0
63.477,0
63.478,0
63.479,0
63.48,0
63.481,0
63.482,0
63.483,0
63.484,0
63.485,0
63.486,0
63.487,0
63.488,0
63.489,0
63.49,0
63.491,0
63.492,0
63.493,0
63.494,0
63.495,0
63.496,0
63.497,0
63.498,0
63.499,0
63.5,0
63.501,0
63.502,0
63.503,0
63.504,0
63.505,0
63.506,0
63.507,0
63.508,0
63.509,0
63.51,0
63.511,0
63.512,0
63.513,0
63.514,0
63.515,0
63.516,0
63.517,0
63.518,0
63.519,0
63.52,0
63.521,0
63.522,0
63.523,0
63.524,0
63.525,0
63.526,0
63.527,0
63.528,0
63.529,0
63.53,0
63.531,0
63.532,0
63.533,0
63.534,0
63.535,0
63.536,0
63.537,0
63.538,0
63.539,0
63.54,0
63.541,0
63.542,0
63.543,0
63.544,0
63.545,0
63.546,0
63.547,0
63.548,0
63.549,0
63.55,0
63.551,0
63.552,0
63.553,0
63.554,0
63.555,0
63.556,0
63.557,0
63.558,0
63.559,0
63.56,0
63.561,0
63.562,0
63.563,0
63.564,0
63.565,0
63.566,0
63.567,0
63.568,0
63.569,0
63.57,0
63.571,0
63.572,0
63.573,0
63.574,0
63.575,0
63.576,0
63.577,0
63.578,0
63.579,0
63.58,0
63.581,0
63.582,0
63.583,0
63.584,0
63.585,0
63.586,0
63.587,0
63.588,0
63.589,0
63.59,0
63.591,0
63.592,0
63.593,0
63.594,0
63.595,0
63.596,0
63.597,0
63.598,0
63.599,0
63.6,0
63.601,0
63.602,0
63.603,0
63.604,0
63.605,0
63.606,0
63.607,0
63.608,0
63.609,0
63.61,0
63.611,0
63.612,0
63.613,0
63.614,0
63.615,0
63.616,0
63.617,0
63.618,0
63.619,0
63.62,0
63.621,0
63.622,0
63.623,0
63.624,0
63.625,0
63.626,0
63.627,0
63.628,0
63.629,0
63.63,0
63.631,0
63.632,0
63.633,0
63.634,0
63.635,0
63.636,0
63.637,0
63.638,0
63.639,0
63.64,0
63.641,0
63.642,0
63.643,0
63.644,0
63.645,0
63.646,0
63.647,0
63.648,0
63.649,0
63.65,0
63.651,0
63.652,0
63.653,0
63.654,0
63.655,0
63.656,0
63.657,0
63.658,0
63.659,0
63.66,0
63.661,0
63.662,0
63.663,0
63.664,0
63.665,0
63.666,0
63.667,0
63.668,0
63.669,0
63.67,0
63.671,0
63.672,0
63.673,0
63.674,0
63.675,0
63.676,0
63.677,0
63.678,0
63.679,0
63.68,0
63.681,0
63.682,0
63.683,0
63.684,0
63.685,0
63.686,0
63.687,0
63.688,0
63.689,0
63.69,0
63.691,0
63.692,0
63.693,0
63.694,0
63.695,0
63.696,0
63.697,0
63.698,0
63.699,0
63.7,0
63.701,0
63.702,0
63.703,0
63.704,0
63.705,0
63.706,0
63.707,0
63.708,0
63.709,0
63.71,0
63.711,0
63.712,0
63.713,0
63.714,0
63.715,0
63.716,0
63.717,0
63.718,0
63.719,0
63.72,0
63.721,0
63.722,0
63.723,0
63.724,0
63.725,0
63.726,0
63.727,0
63.728,0
63.729,0
63.73,0
63.731,0
63.732,0
63.733,0
63.734,0
63.735,0
63.736,0
63.737,0
63.738,0
63.739,0
63.74,0
63.741,0
63.742,0
63.743,0
63.744,0
63.745,0
63.746,0
63.747,0
63.748,0
63.749,0
63.75,0
63.751,0
63.752,0
63.753,0
63.754,0
63.755,0
63.756,0
63.757,0
63.758,0
63.759,0
63.76,0
63.761,0
63.762,0
63.763,0
63.764,0
63.765,0
63.766,0
63.767,0
63.768,0
63.769,0
63.77,0
63.771,0
63.772,0
63.773,0
63.774,0
63.775,0
63.776,0
63.777,0
63.778,0
63.779,0
63.78,0
63.781,0
63.782,0
63.783,0
63.784,0
63.785,0
63.786,0
63.787,0
63.788,0
63.789,0
63.79,0
63.791,0
63.792,0
63.793,0
63.794,0
63.795,0
63.796,0
63.797,0
63.798,0
63.799,0
63.8,0
63.801,0
63.802,0
63.803,0
63.804,0
63.805,0
63.806,0
63.807,0
63.808,0
63.809,0
63.81,0
63.811,0
63.812,0
63.813,0
63.814,0
63.8146778058,1
63.815,0
63.816,0
63.817,0
63.818,0
63.819,0
63.82,0
63.821,0
63.822,0
63.823,0
63.824,0
63.825,0
63.826,0
63.827,0
63.828,0
63.829,0
63.83,0
63.831,0
63.832,0
63.833,0
63.834,0
63.835,0
63.836,0
63.837,0
63.838,0
63.839,0
63.84,0
63.841,0
63.842,0
63.843,0
63.844,0
63.845,0
63.846,0
63.847,0
63.848,0
63.849,0
63.85,0
63.851,0
63.852,0
63.853,0
63.854,0
63.855,0
63.856,0
63.857,0
63.858,0
63.859,0
63.86,0
63.861,0
63.862,0
63.863,0
63.864,0
63.865,0
63.866,0
63.867,0
63.868,0
63.869,0
63.87,0
63.871,0
63.872,0
63.873,0
63.874,0
63.875,0
63.876,0
63.877,0
63.878,0
63.879,0
63.88,0
63.881,0
63.882,0
63.883,0
63.884,0
63.885,0
63.886,0
63.887,0
63.888,0
63.889,0
63.89,0
63.891,0
63.892,0
63.893,0
63.894,0
63.895,0
63.896,0
63.897,0
63.898,0
63.899,0
63.9,0
63.901,0
63.902,0
63.903,0
63.904,0
63.905,0
63.906,0
63.907,0
63.908,0
63.909,0
63.91,0
63.911,0
63.915,0
63.916,0
63.917,0
63.918,0
63.919,0
63.92,0
63.921,0
63.922,0
63.923,0
63.924,0
63.925,0
63.926,0
63.927,0
63.928,0
63.929,0
63.93,0
63.931,0
63.932,0
63.933,0
63.934,0
63.935,0
63.936,0
63.937,0
63.938,0
63.939,0
63.94,0
63.941,0
63.942,0
63.943,0
63.944,0
63.945,0
63.946,0
63.947,0
63.948,0
63.949,0
63.95,0
63.951,0
63.952,0
63.953,0
63.954,0
63.955,0
63.956,0
63.957,0
63.958,0
63.959,0
63.96,0
63.961,0
63.962,0
63.963,0
63.964,0
63.965,0
63.966,0
63.967,0
63.968,0
63.969,0
63.97,0
63.971,0
63.972,0
63.973,0
63.974,0
63.975,0
63.976,0
63.977,0
63.978,0
63.979,0
63.98,0
63.981,0
63.982,0
63.983,0
63.984,0
63.985,0
63.986,0
63.987,0
63.988,0
63.989,0
63.99,0
63.991,0
63.992,0
63.993,0
63.994,0
63.995,0
63.996,0
63.997,0
63.998,0
63.999,0
64,0
64.001,0
64.002,0
64.003,0
64.004,0
64.005,0
64.006,0
64.007,0
64.008,0
64.009,0
64.01,0
64.011,0
64.012,0
64.013,0
64.014,0
64.015,0
64.016,0
64.017,0
64.018,0
64.019,0
64.02,0
64.021,0
64.022,0
64.023,0
64.024,0
64.025,0
64.026,0
64.027,0
64.028,0
64.029,0
64.03,0
64.031,0
64.032,0
64.033,0
64.034,0
64.035,0
64.036,0
64.037,0
64.038,0
64.039,0
64.04,0
64.041,0
64.042,0
64.043,0
64.044,0
64.045,0
64.046,0
64.047,0
64.048,0
64.049,0
64.05,0
64.051,0
64.052,0
64.053,0
64.054,0
64.055,0
64.056,0
64.057,0
64.058,0
64.059,0
64.06,0
64.061,0
64.062,0
64.063,0
64.064,0
64.065,0
64.066,0
64.067,0
64.068,0
64.069,0
64.07,0
64.071,0
64.072,0
64.073,0
64.074,0
64.075,0
64.076,0
64.077,0
64.078,0
64.079,0
64.08,0
64.081,0
64.082,0
64.083,0
64.084,0
64.085,0
64.086,0
64.087,0
64.088,0
64.089,0
64.09,0
64.091,0
64.092,0
64.093,0
64.094,0
64.095,0
64.096,0
64.097,0
64.098,0
64.099,0
64.1,0
64.101,0
64.102,0
64.103,0
64.104,0
64.105,0
64.106,0
64.107,0
64.108,0
64.109,0
64.11,0
64.111,0
64.112,0
64.113,0
64.114,0
64.115,0
64.116,0
64.117,0
64.118,0
64.119,0
64.12,0
64.121,0
64.122,0
64.123,0
64.124,0
64.125,0
64.126,0
64.127,0
64.128,0
64.129,0
64.13,0
64.131,0
64.132,0
64.133,0
64.134,0
64.135,0
64.136,0
64.137,0
64.138,0
64.139,0
64.14,0
64.141,0
64.142,0
64.143,0
64.144,0
64.145,0
64.146,0
64.147,0
64.148,0
64.149,0
64.15,0
64.151,0
64.152,0
64.153,0
64.154,0
64.155,0
64.156,0
64.157,0
64.158,0
64.159,0
64.16,0
64.161,0
64.162,0
64.163,0
64.164,0
64.165,0
64.166,0
64.167,0
64.168,0
64.169,0
64.17,0
64.171,0
64.172,0
64.173,0
64.174,0
64.175,0
64.176,0
64.177,0
64.178,0
64.179,0
64.18,0
64.181,0
64.182,0
64.183,0
64.184,0
64.185,0
64.186,0
64.187,0
64.188,0
64.189,0
64.19,0
64.191,0
64.192,0
64.193,0
64.194,0
64.195,0
64.196,0
64.197,0
64.198,0
64.199,0
64.2,0
64.201,0
64.202,0
64.203,0
64.204,0
64.205,0
64.206,0
64.207,0
64.208,0
64.209,0
64.21,0
64.211,0
64.212,0
64.213,0
64.214,0
64.215,0
64.216,0
64.217,0
64.218,0
64.219,0
64.22,0
64.221,0
64.222,0
64.223,0
64.224,0
64.225,0
64.226,0
64.227,0
64.228,0
64.229,0
64.23,0
64.231,0
64.232,0
64.233,0
64.234,0
64.235,0
64.236,0
64.237,0
64.238,0
64.239,0
64.24,0
64.241,0
64.242,0
64.243,0
64.244,0
64.245,0
64.246,0
64.247,0
64.248,0
64.249,0
64.25,0
64.251,0
64.252,0
64.253,0
64.254,0
64.255,0
64.256,0
64.257,0
64.258,0
64.259,0
64.26,0
64.261,0
64.262,0
64.263,0
64.264,0
64.265,0
64.266,0
64.267,0
64.268,0
64.269,0
64.27,0
64.271,0
64.272,0
64.273,0
64.274,0
64.275,0
64.276,0
64.277,0
64.278,0
64.279,0
64.28,0
64.281,0
64.282,0
64.283,0
64.284,0
64.285,0
64.286,0
64.287,0
64.288,0
64.289,0
64.29,0
64.291,0
64.292,0
64.293,0
64.294,0
64.295,0
64.296,0
64.297,0
64.298,0
64.299,0
64.3,0
64.301,0
64.302,0
64.303,0
64.304,0
64.305,0
64.306,0
64.307,0
64.308,0
64.309,0
64.31,0
64.311,0
64.312,0
64.313,0
64.314,0
64.315,0
64.316,0
64.317,0
64.318,0
64.319,0
64.32,0
64.321,0
64.322,0
64.323,0
64.324,0
64.325,0
64.326,0
64.327,0
64.328,0
64.329,0
64.33,0
64.331,0
64.332,0
64.333,0
64.334,0
64.335,0
64.336,0
64.337,0
64.338,0
64.339,0
64.34,0
64.341,0
64.342,0
64.343,0
64.344,0
64.345,0
64.346,0
64.347,0
64.348,0
64.349,0
64.35,0
64.351,0
64.352,0
64.353,0
64.354,0
64.355,0
64.356,0
64.357,0
64.358,0
64.359,0
64.36,0
64.361,0
64.362,0
64.363,0
64.364,0
64.365,0
64.366,0
64.367,0
64.368,0
64.369,0
64.37,0
64.371,0
64.372,0
64.373,0
64.374,0
64.375,0
64.376,0
64.377,0
64.378,0
64.379,0
64.38,0
64.381,0
64.382,0
64.383,0
64.384,0
64.385,0
64.386,0
64.387,0
64.388,0
64.389,0
64.39,0
64.391,0
64.392,0
64.393,0
64.394,0
64.395,0
64.396,0
64.397,0
64.398,0
64.399,0
64.4,0
64.401,0
64.402,0
64.403,0
64.404,0
64.405,0
64.406,0
64.407,0
64.408,0
64.409,0
64.41,0
64.411,0
64.412,0
64.413,0
64.414,0
64.415,0
64.416,0
64.417,0
64.418,0
64.419,0
64.42,0
64.421,0
64.422,0
64.423,0
64.424,0
64.425,0
64.426,0
64.427,0
64.428,0
64.429,0
64.43,0
64.431,0
64.432,0
64.433,0
64.434,0
64.435,0
64.436,0
64.437,0
64.438,0
64.439,0
64.44,0
64.441,0
64.442,0
64.443,0
64.444,0
64.445,0
64.446,0
64.447,0
64.448,0
64.449,0
64.45,0
64.451,0
64.452,0
64.453,0
64.454,0
64.455,0
64.456,0
64.457,0
64.458,0
64.459,0
64.46,0
64.461,0
64.462,0
64.463,0
64.464,0
64.465,0
64.466,0
64.467,0
64.468,0
64.469,0
64.47,0
64.471,0
64.472,0
64.473,0
64.474,0
64.475,0
64.476,0
64.477,0
64.478,0
64.479,0
64.48,0
64.481,0
64.482,0
64.483,0
64.484,0
64.485,0
64.486,0
64.487,0
64.488,0
64.489,0
64.49,0
64.491,0
64.492,0
64.493,0
64.494,0
64.495,0
64.496,0
64.497,0
64.498,0
64.499,0
64.5,0
64.501,0
64.502,0
64.503,0
64.504,0
64.505,0
64.506,0
64.507,0
64.508,0
64.509,0
64.51,0
64.511,0
64.512,0
64.513,0
64.514,0
64.515,0
64.516,0
64.517,0
64.518,0
64.519,0
64.521,0
64.525,0
64.527,0
64.528,0
64.529,0
64.531,0
64.532,0
64.533,0
64.534,0
64.535,0
64.536,0
64.537,0
64.538,0
64.539,0
64.54,0
64.541,0
64.542,0
64.543,0
64.544,0
64.545,0
64.546,0
64.547,0
64.548,0
64.549,0
64.55,0
64.551,0
64.552,0
64.553,0
64.554,0
64.555,0
64.556,0
64.557,0
64.558,0
64.559,0
64.56,0
64.561,0
64.562,0
64.563,0
64.564,0
64.565,0
64.566,0
64.567,0
64.568,0
64.569,0
64.57,0
64.571,0
64.572,0
64.573,0
64.574,0
64.575,0
64.576,0
64.577,0
64.578,0
64.579,0
64.58,0
64.581,0
64.582,0
64.583,0
64.584,0
64.585,0
64.586,0
64.587,0
64.588,0
64.589,0
64.59,0
64.591,0
64.592,0
64.593,0
64.594,0
64.595,0
64.596,0
64.597,0
64.598,0
64.599,0
64.6,0
64.601,0
64.602,0
64.603,0
64.604,0
64.605,0
64.606,0
64.607,0
64.608,0
64.609,0
64.61,0
64.611,0
64.612,0
64.613,0
64.614,0
64.615,0
64.616,0
64.617,0
64.618,0
64.619,0
64.62,0
64.621,0
64.622,0
64.623,0
64.624,0
64.625,0
64.626,0
64.627,0
64.628,0
64.629,0
64.63,0
64.631,0
64.632,0
64.633,0
64.634,0
64.635,0
64.636,0
64.637,0
64.638,0
64.639,0
64.64,0
64.641,0
64.642,0
64.643,0
64.644,0
64.645,0
64.646,0
64.647,0
64.648,0
64.649,0
64.65,0
64.651,0
64.652,0
64.653,0
64.654,0
64.655,0
64.656,0
64.657,0
64.658,0
64.659,0
64.66,0
64.661,0
64.662,0
64.663,0
64.664,0
64.665,0
64.666,0
64.667,0
64.668,0
64.669,0
64.67,0
64.671,0
64.672,0
64.673,0
64.674,0
64.675,0
64.676,0
64.677,0
64.678,0
64.679,0
64.68,0
64.681,0
64.682,0
64.683,0
64.684,0
64.685,0
64.686,0
64.687,0
64.688,0
64.689,0
64.69,0
64.691,0
64.692,0
64.693,0
64.694,0
64.695,0
64.696,0
64.697,0
64.698,0
64.699,0
64.7,0
64.701,0
64.702,0
64.703,0
64.704,0
64.705,0
64.706,0
64.707,0
64.708,0
64.709,0
64.71,0
64.711,0
64.712,0
64.713,0
64.714,0
64.715,0
64.716,0
64.717,0
64.718,0
64.719,0
64.72,0
64.721,0
64.722,0
64.723,0
64.724,0
64.725,0
64.726,0
64.727,0
64.728,0
64.729,0
64.73,0
64.731,0
64.732,0
64.733,0
64.734,0
64.735,0
64.736,0
64.737,0
64.738,0
64.739,0
64.74,0
64.741,0
64.742,0
64.743,0
64.744,0
64.745,0
64.746,0
64.747,0
64.748,0
64.749,0
64.75,0
64.751,0
64.752,0
64.753,0
64.754,0
64.755,0
64.756,0
64.757,0
64.758,0
64.759,0
64.76,0
64.761,0
64.762,0
64.763,0
64.764,0
64.765,0
64.766,0
64.767,0
64.768,0
64.769,0
64.77,0
64.771,0
64.772,0
64.773,0
64.774,0
64.775,0
64.776,0
64.777,0
64.778,0
64.779,0
64.78,0
64.781,0
64.782,0
64.783,0
64.784,0
64.785,0
64.786,0
64.787,0
64.788,0
64.789,0
64.79,0
64.791,0
64.792,0
64.793,0
64.794,0
64.795,0
64.796,0
64.797,0
64.798,0
64.799,0
64.8,0
64.801,0
64.802,0
64.803,0
64.804,0
64.805,0
64.806,0
64.807,0
64.808,0
64.809,0
64.81,0
64.811,0
64.812,0
64.813,0
64.814,0
64.815,0
64.816,0
64.817,0
64.818,0
64.819,0
64.82,0
64.821,0
64.822,0
64.823,0
64.824,0
64.825,0
64.826,0
64.827,0
64.828,0
64.829,0
64.83,0
64.831,0
64.832,0
64.833,0
64.834,0
64.835,0
64.836,0
64.837,0
64.838,0
64.839,0
64.84,0
64.841,0
64.842,0
64.843,0
64.844,0
64.845,0
64.846,0
64.847,0
64.848,0
64.849,0
64.85,0
64.851,0
64.852,0
64.853,0
64.854,0
64.855,0
64.856,0
64.857,0
64.858,0
64.859,0
64.86,0
64.861,0
64.862,0
64.863,0
64.864,0
64.865,0
64.866,0
64.867,0
64.868,0
64.869,0
64.87,0
64.871,0
64.872,0
64.873,0
64.874,0
64.875,0
64.876,0
64.877,0
64.878,0
64.879,0
64.88,0
64.881,0
64.882,0
64.883,0
64.884,0
64.885,0
64.886,0
64.887,0
64.888,0
64.889,0
64.89,0
64.891,0
64.892,0
64.893,0
64.894,0
64.895,0
64.896,0
64.897,0
64.898,0
64.899,0
64.9,0
64.901,0
64.902,0
64.903,0
64.904,0
64.905,0
64.906,0
64.907,0
64.908,0
64.909,0
64.91,0
64.911,0
64.912,0
64.913,0
64.914,0
64.915,0
64.916,0
64.917,0
64.918,0
64.919,0
64.92,0
64.921,0
64.922,0
64.923,0
64.924,0
64.925,0
64.926,0
64.927,0
64.928,0
64.929,0
64.93,0
64.931,0
64.932,0
64.933,0
64.934,0
64.935,0
64.936,0
64.937,0
64.938,0
64.939,0
64.94,0
64.941,0
64.942,0
64.943,0
64.944,0
64.945,0
64.946,0
64.947,0
64.948,0
64.949,0
64.95,0
64.951,0
64.952,0
64.9528066628,1
64.953,0
64.954,0
64.955,0
64.956,0
64.957,0
64.958,0
64.959,0
64.96,0
64.961,0
64.962,0
64.963,0
64.964,0
64.965,0
64.966,0
64.967,0
64.968,0
64.969,0
64.97,0
64.971,0
64.972,0
64.973,0
64.974,0
64.975,0
64.976,0
64.977,0
64.978,0
64.979,0
64.98,0
64.981,0
64.982,0
64.983,0
64.984,0
64.985,0
64.986,0
64.987,0
64.988,0
64.989,0
64.99,0
64.991,0
64.992,0
64.993,0
64.994,0
64.995,0
64.996,0
64.997,0
64.998,0
64.999,0
65,0
65.001,0
65.002,0
65.003,0
65.004,0
65.005,0
65.006,0
65.007,0
65.008,0
65.009,0
65.01,0
65.011,0
65.012,0
65.013,0
65.014,0
65.015,0
65.016,0
65.017,0
65.018,0
65.019,0
65.02,0
65.021,0
65.022,0
65.023,0
65.024,0
65.025,0
65.026,0
65.027,0
65.028,0
65.029,0
65.03,0
65.031,0
65.032,0
65.033,0
65.034,0
65.035,0
65.036,0
65.037,0
65.038,0
65.039,0
65.04,0
65.041,0
65.042,0
65.043,0
65.044,0
65.045,0
65.046,0
65.047,0
65.048,0
65.049,0
65.054,0
65.055,0
65.056,0
65.057,0
65.058,0
65.059,0
65.06,0
65.061,0
65.062,0
65.063,0
65.064,0
65.065,0
65.066,0
65.067,0
65.068,0
65.069,0
65.07,0
65.071,0
65.072,0
65.073,0
65.074,0
65.075,0
65.076,0
65.077,0
65.078,0
65.079,0
65.08,0
65.081,0
65.085,0
65.086,0
65.087,0
65.088,0
65.089,0
65.09,0
65.091,0
65.092,0
65.093,0
65.094,0
65.095,0
65.096,0
65.097,0
65.098,0
65.099,0
65.1,0
65.101,0
65.102,0
65.103,0
65.104,0
65.105,0
65.106,0
65.107,0
65.108,0
65.109,0
65.11,0
65.111,0
65.112,0
65.113,0
65.114,0
65.115,0
65.116,0
65.117,0
65.118,0
65.119,0
65.12,0
65.121,0
65.122,0
65.123,0
65.124,0
65.125,0
65.126,0
65.127,0
65.129,0
65.13,0
65.131,0
65.132,0
65.133,0
65.134,0
65.135,0
65.136,0
65.137,0
65.138,0
65.139,0
65.14,0
65.141,0
65.142,0
65.143,0
65.144,0
65.145,0
65.146,0
65.147,0
65.148,0
65.149,0
65.15,0
65.151,0
65.152,0
65.153,0
65.154,0
65.155,0
65.156,0
65.157,0
65.158,0
65.159,0
65.16,0
65.161,0
65.162,0
65.163,0
65.164,0
65.165,0
65.166,0
65.167,0
65.168,0
65.169,0
65.17,0
65.171,0
65.172,0
65.173,0
65.174,0
65.175,0
65.176,0
65.177,0
65.178,0
65.179,0
65.18,0
65.181,0
65.182,0
65.183,0
65.184,0
65.185,0
65.186,0
65.187,0
65.188,0
65.189,0
65.19,0
65.191,0
65.192,0
65.193,0
65.194,0
65.195,0
65.196,0
65.197,0
65.198,0
65.199,0
65.2,0
65.201,0
65.202,0
65.203,0
65.204,0
65.205,0
65.206,0
65.207,0
65.208,0
65.209,0
65.21,0
65.211,0
65.212,0
65.213,0
65.214,0
65.215,0
65.216,0
65.217,0
65.218,0
65.219,0
65.22,0
65.221,0
65.222,0
65.223,0
65.224,0
65.225,0
65.226,0
65.227,0
65.228,0
65.229,0
65.23,0
65.231,0
65.232,0
65.233,0
65.234,0
65.235,0
65.236,0
65.237,0
65.238,0
65.239,0
65.24,0
65.241,0
65.242,0
65.243,0
65.244,0
65.245,0
65.246,0
65.247,0
65.248,0
65.249,0
65.25,0
65.251,0
65.252,0
65.253,0
65.254,0
65.255,0
65.256,0
65.257,0
65.258,0
65.259,0
65.26,0
65.261,0
65.262,0
65.263,0
65.264,0
65.265,0
65.266,0
65.267,0
65.268,0
65.269,0
65.27,0
65.271,0
65.272,0
65.273,0
65.274,0
65.275,0
65.276,0
65.277,0
65.278,0
65.279,0
65.28,0
65.281,0
65.282,0
65.283,0
65.284,0
65.285,0
65.286,0
65.287,0
65.288,0
65.289,0
65.29,0
65.291,0
65.292,0
65.293,0
65.294,0
65.295,0
65.296,0
65.297,0
65.298,0
65.299,0
65.3,0
65.301,0
65.302,0
65.303,0
65.304,0
65.305,0
65.306,0
65.307,0
65.308,0
65.309,0
65.31,0
65.311,0
65.312,0
65.313,0
65.314,0
65.315,0
65.316,0
65.317,0
65.318,0
65.319,0
65.32,0
65.321,0
65.322,0
65.323,0
65.324,0
65.325,0
65.326,0
65.327,0
65.328,0
65.329,0
65.33,0
65.331,0
65.332,0
65.333,0
65.334,0
65.335,0
65.336,0
65.337,0
65.338,0
65.339,0
65.34,0
65.341,0
65.342,0
65.343,0
65.344,0
65.345,0
65.346,0
65.347,0
65.348,0
65.349,0
65.35,0
65.351,0
65.352,0
65.353,0
65.354,0
65.355,0
65.356,0
65.357,0
65.358,0
65.359,0
65.36,0
65.361,0
65.362,0
65.363,0
65.364,0
65.365,0
65.366,0
65.367,0
65.368,0
65.369,0
65.37,0
65.371,0
65.372,0
65.373,0
65.374,0
65.375,0
65.376,0
65.377,0
65.378,0
65.379,0
65.38,0
65.381,0
65.382,0
65.383,0
65.384,0
65.385,0
65.386,0
65.387,0
65.388,0
65.389,0
65.39,0
65.391,0
65.392,0
65.393,0
65.394,0
65.395,0
65.396,0
65.397,0
65.398,0
65.399,0
65.4,0
65.401,0
65.402,0
65.403,0
65.404,0
65.405,0
65.406,0
65.407,0
65.408,0
65.409,0
65.41,0
65.411,0
65.412,0
65.413,0
65.414,0
65.415,0
65.416,0
65.417,0
65.418,0
65.419,0
65.42,0
65.421,0
65.422,0
65.423,0
65.424,0
65.425,0
65.426,0
65.427,0
65.428,0
65.429,0
65.43,0
65.431,0
65.432,0
65.433,0
65.434,0
65.435,0
65.436,0
65.437,0
65.438,0
65.439,0
65.44,0
65.441,0
65.442,0
65.443,0
65.444,0
65.445,0
65.446,0
65.447,0
65.448,0
65.449,0
65.45,0
65.451,0
65.452,0
65.453,0
65.454,0
65.455,0
65.456,0
65.457,0
65.458,0
65.459,0
65.46,0
65.461,0
65.462,0
65.463,0
65.464,0
65.465,0
65.466,0
65.467,0
65.468,0
65.469,0
65.47,0
65.471,0
65.472,0
65.473,0
65.474,0
65.475,0
65.476,0
65.477,0
65.478,0
65.479,0
65.48,0
65.481,0
65.482,0
65.483,0
65.484,0
65.485,0
65.486,0
65.487,0
65.488,0
65.489,0
65.49,0
65.491,0
65.492,0
65.493,0
65.494,0
65.495,0
65.496,0
65.497,0
65.498,0
65.499,0
65.5,0
65.501,0
65.502,0
65.503,0
65.504,0
65.505,0
65.506,0
65.507,0
65.508,0
65.509,0
65.51,0
65.511,0
65.512,0
65.513,0
65.514,0
65.515,0
65.516,0
65.517,0
65.518,0
65.519,0
65.52,0
65.521,0
65.522,0
65.523,0
65.524,0
65.525,0
65.526,0
65.527,0
65.528,0
65.529,0
65.53,0
65.531,0
65.532,0
65.533,0
65.534,0
65.535,0
65.536,0
65.537,0
65.538,0
65.539,0
65.54,0
65.541,0
65.542,0
65.543,0
65.544,0
65.545,0
65.546,0
65.547,0
65.548,0
65.549,0
65.55,0
65.551,0
65.552,0
65.553,0
65.554,0
65.555,0
65.556,0
65.557,0
65.558,0
65.559,0
65.56,0
65.561,0
65.562,0
65.563,0
65.564,0
65.565,0
65.566,0
65.567,0
65.568,0
65.569,0
65.57,0
65.571,0
65.572,0
65.573,0
65.574,0
65.575,0
65.576,0
65.577,0
65.578,0
65.579,0
65.58,0
65.581,0
65.582,0
65.583,0
65.584,0
65.585,0
65.586,0
65.587,0
65.588,0
65.589,0
65.59,0
65.591,0
65.592,0
65.593,0
65.594,0
65.595,0
65.596,0
65.597,0
65.598,0
65.599,0
65.6,0
65.601,0
65.602,0
65.603,0
65.604,0
65.605,0
65.606,0
65.607,0
65.608,0
65.609,0
65.61,0
65.611,0
65.612,0
65.613,0
65.614,0
65.615,0
65.616,0
65.617,0
65.618,0
65.619,0
65.62,0
65.621,0
65.622,0
65.623,0
65.624,0
65.625,0
65.626,0
65.627,0
65.628,0
65.629,0
65.63,0
65.631,0
65.632,0
65.633,0
65.634,0
65.635,0
65.636,0
65.637,0
65.638,0
65.639,0
65.64,0
65.641,0
65.642,0
65.643,0
65.644,0
65.645,0
65.646,0
65.647,0
65.648,0
65.649,0
65.65,0
65.651,0
65.652,0
65.653,0
65.654,0
65.655,0
65.656,0
65.657,0
65.658,0
65.659,0
65.66,0
65.661,0
65.662,0
65.663,0
65.664,0
65.665,0
65.666,0
65.667,0
65.668,0
65.669,0
65.67,0
65.671,0
65.672,0
65.673,0
65.674,0
65.675,0
65.676,0
65.677,0
65.678,0
65.679,0
65.68,0
65.681,0
65.682,0
65.683,0
65.684,0
65.685,0
65.686,0
65.687,0
65.688,0
65.689,0
65.69,0
65.691,0
65.692,0
65.693,0
65.694,0
65.695,0
65.696,0
65.697,0
65.698,0
65.699,0
65.7,0
65.701,0
65.702,0
65.703,0
65.704,0
65.705,0
65.706,0
65.707,0
65.708,0
65.709,0
65.71,0
65.711,0
65.712,0
65.713,0
65.714,0
65.715,0
65.716,0
65.717,0
65.718,0
65.719,0
65.72,0
65.721,0
65.722,0
65.723,0
65.724,0
65.725,0
65.726,0
65.727,0
65.728,0
65.729,0
65.73,0
65.731,0
65.732,0
65.733,0
65.734,0
65.735,0
65.736,0
65.737,0
65.738,0
65.739,0
65.74,0
65.741,0
65.742,0
65.743,0
65.744,0
65.745,0
65.746,0
65.747,0
65.748,0
65.749,0
65.75,0
65.751,0
65.752,0
65.753,0
65.754,0
65.755,0
65.756,0
65.757,0
65.758,0
65.759,0
65.76,0
65.761,0
65.762,0
65.763,0
65.764,0
65.765,0
65.766,0
65.767,0
65.768,0
65.769,0
65.77,0
65.771,0
65.772,0
65.773,0
65.774,0
65.775,0
65.776,0
65.777,0
65.778,0
65.779,0
65.78,0
65.781,0
65.782,0
65.783,0
65.784,0
65.785,0
65.786,0
65.787,0
65.788,0
65.789,0
65.79,0
65.791,0
65.792,0
65.793,0
65.794,0
65.795,0
65.796,0
65.797,0
65.798,0
65.799,0
65.8,0
65.801,0
65.802,0
65.803,0
65.804,0
65.805,0
65.806,0
65.807,0
65.808,0
65.809,0
65.81,0
65.811,0
65.812,0
65.813,0
65.814,0
65.815,0
65.816,0
65.817,0
65.818,0
65.819,0
65.82,0
65.821,0
65.822,0
65.823,0
65.824,0
65.825,0
65.826,0
65.827,0
65.828,0
65.829,0
65.83,0
65.831,0
65.832,0
65.833,0
65.834,0
65.835,0
65.836,0
65.837,0
65.838,0
65.839,0
65.84,0
65.841,0
65.842,0
65.843,0
65.844,0
65.845,0
65.846,0
65.847,0
65.848,0
65.849,0
65.85,0
65.851,0
65.852,0
65.853,0
65.854,0
65.855,0
65.856,0
65.857,0
65.858,0
65.859,0
65.86,0
65.861,0
65.862,0
65.863,0
65.864,0
65.865,0
65.866,0
65.867,0
65.868,0
65.869,0
65.87,0
65.871,0
65.872,0
65.873,0
65.874,0
65.875,0
65.876,0
65.877,0
65.878,0
65.879,0
65.88,0
65.881,0
65.882,0
65.883,0
65.884,0
65.885,0
65.886,0
65.887,0
65.888,0
65.889,0
65.89,0
65.891,0
65.892,0
65.893,0
65.894,0
65.895,0
65.896,0
65.897,0
65.898,0
65.899,0
65.9,0
65.901,0
65.902,0
65.903,0
65.904,0
65.905,0
65.906,0
65.907,0
65.908,0
65.909,0
65.91,0
65.911,0
65.912,0
65.913,0
65.914,0
65.915,0
65.916,0
65.917,0
65.918,0
65.919,0
65.92,0
65.921,0
65.922,0
65.923,0
65.924,0
65.925,0
65.926,0
65.927,0
65.928,0
65.929,0
65.93,0
65.931,0
65.932,0
65.933,0
65.934,0
65.935,0
65.936,0
65.937,0
65.938,0
65.939,0
65.94,0
65.941,0
65.942,0
65.943,0
65.944,0
65.945,0
65.946,0
65.947,0
65.948,0
65.949,0
65.95,0
65.951,0
65.952,0
65.953,0
65.954,0
65.955,0
65.956,0
65.957,0
65.958,0
65.959,0
65.96,0
65.961,0
65.962,0
65.963,0
65.964,0
65.965,0
65.966,0
65.967,0
65.968,0
65.969,0
65.97,0
65.971,0
65.972,0
65.973,0
65.974,0
65.975,0
65.976,0
65.977,0
65.978,0
65.979,0
65.98,0
65.981,0
65.982,0
65.983,0
65.984,0
65.985,0
65.986,0
65.987,0
65.988,0
65.989,0
65.99,0
65.991,0
65.992,0
65.993,0
65.994,0
65.995,0
65.996,0
65.997,0
65.998,0
65.999,0
66,0
66.001,0
66.002,0
66.003,0
66.004,0
66.005,0
66.006,0
66.007,0
66.008,0
66.009,0
66.01,0
66.011,0
66.012,0
66.013,0
66.014,0
66.015,0
66.016,0
66.017,0
66.018,0
66.019,0
66.02,0
66.021,0
66.022,0
66.023,0
66.024,0
66.025,0
66.026,0
66.027,0
66.028,0
66.029,0
66.03,0
66.031,0
66.032,0
66.033,0
66.034,0
66.035,0
66.036,0
66.037,0
66.038,0
66.039,0
66.04,0
66.041,0
66.042,0
66.043,0
66.044,0
66.045,0
66.046,0
66.047,0
66.048,0
66.049,0
66.05,0
66.051,0
66.052,0
66.053,0
66.054,0
66.055,0
66.056,0
66.057,0
66.058,0
66.059,0
66.06,0
66.061,0
66.062,0
66.063,0
66.064,0
66.065,0
66.066,0
66.067,0
66.068,0
66.069,0
66.07,0
66.071,0
66.072,0
66.073,0
66.074,0
66.075,0
66.076,0
66.077,0
66.078,0
66.079,0
66.08,0
66.081,0
66.082,0
66.083,0
66.084,0
66.085,0
66.086,0
66.087,0
66.088,0
66.089,0
66.09,0
66.091,0
66.092,0
66.093,0
66.094,0
66.095,0
66.096,0
66.097,0
66.098,0
66.099,0
66.1,0
66.101,0
66.102,0
66.103,0
66.104,0
66.105,0
66.106,0
66.107,0
66.108,0
66.109,0
66.11,0
66.111,0
66.112,0
66.113,0
66.114,0
66.115,0
66.116,0
66.117,0
66.118,0
66.119,0
66.12,0
66.121,0
66.122,0
66.123,0
66.124,0
66.125,0
66.126,0
66.127,0
66.128,0
66.129,0
66.13,0
66.131,0
66.132,0
66.133,0
66.134,0
66.135,0
66.136,0
66.137,0
66.138,0
66.139,0
66.14,0
66.141,0
66.142,0
66.143,0
66.144,0
66.145,0
66.146,0
66.147,0
66.148,0
66.149,0
66.15,0
66.151,0
66.152,0
66.153,0
66.154,0
66.155,0
66.156,0
66.157,0
66.158,0
66.159,0
66.16,0
66.161,0
66.162,0
66.163,0
66.164,0
66.165,0
66.166,0
66.167,0
66.168,0
66.169,0
66.17,0
66.171,0
66.172,0
66.173,0
66.174,0
66.175,0
66.176,0
66.177,0
66.178,0
66.179,0
66.18,0
66.181,0
66.182,0
66.183,0
66.184,0
66.185,0
66.186,0
66.187,0
66.188,0
66.189,0
66.19,0
66.191,0
66.192,0
66.193,0
66.194,0
66.195,0
66.196,0
66.197,0
66.1978457088,1
66.198,0
66.199,0
66.2,0
66.201,0
66.202,0
66.203,0
66.204,0
66.205,0
66.206,0
66.207,0
66.208,0
66.209,0
66.21,0
66.211,0
66.212,0
66.213,0
66.214,0
66.215,0
66.216,0
66.217,0
66.218,0
66.219,0
66.22,0
66.221,0
66.222,0
66.223,0
66.224,0
66.225,0
66.226,0
66.227,0
66.228,0
66.229,0
66.23,0
66.231,0
66.232,0
66.233,0
66.234,0
66.235,0
66.236,0
66.237,0
66.238,0
66.239,0
66.24,0
66.241,0
66.242,0
66.243,0
66.244,0
66.245,0
66.246,0
66.247,0
66.248,0
66.249,0
66.25,0
66.251,0
66.252,0
66.253,0
66.254,0
66.255,0
66.256,0
66.257,0
66.258,0
66.259,0
66.26,0
66.261,0
66.262,0
66.263,0
66.264,0
66.265,0
66.266,0
66.267,0
66.268,0
66.269,0
66.27,0
66.271,0
66.272,0
66.273,0
66.274,0
66.275,0
66.276,0
66.277,0
66.278,0
66.279,0
66.28,0
66.281,0
66.282,0
66.283,0
66.284,0
66.285,0
66.286,0
66.287,0
66.288,0
66.289,0
66.29,0
66.291,0
66.292,0
66.293,0
66.294,0
66.295,0
66.298,0
66.299,0
66.3,0
66.301,0
66.302,0
66.303,0
66.304,0
66.305,0
66.306,0
66.309,0
66.31,0
66.311,0
66.312,0
66.313,0
66.314,0
66.315,0
66.316,0
66.317,0
66.318,0
66.319,0
66.32,0
66.321,0
66.322,0
66.323,0
66.324,0
66.325,0
66.326,0
66.327,0
66.328,0
66.329,0
66.33,0
66.331,0
66.332,0
66.333,0
66.334,0
66.335,0
66.336,0
66.337,0
66.338,0
66.339,0
66.34,0
66.341,0
66.342,0
66.343,0
66.344,0
66.345,0
66.346,0
66.347,0
66.348,0
66.349,0
66.35,0
66.351,0
66.352,0
66.353,0
66.354,0
66.355,0
66.356,0
66.357,0
66.358,0
66.359,0
66.36,0
66.361,0
66.362,0
66.364,0
66.365,0
66.366,0
66.367,0
66.368,0
66.369,0
66.37,0
66.371,0
66.372,0
66.373,0
66.374,0
66.375,0
66.376,0
66.377,0
66.378,0
66.379,0
66.38,0
66.381,0
66.382,0
66.383,0
66.384,0
66.385,0
66.386,0
66.387,0
66.388,0
66.389,0
66.39,0
66.391,0
66.392,0
66.393,0
66.394,0
66.395,0
66.396,0
66.397,0
66.398,0
66.399,0
66.4,0
66.401,0
66.402,0
66.403,0
66.404,0
66.405,0
66.406,0
66.407,0
66.408,0
66.409,0
66.41,0
66.411,0
66.412,0
66.413,0
66.414,0
66.415,0
66.416,0
66.417,0
66.418,0
66.419,0
66.42,0
66.421,0
66.422,0
66.423,0
66.424,0
66.425,0
66.426,0
66.427,0
66.428,0
66.429,0
66.43,0
66.431,0
66.432,0
66.433,0
66.434,0
66.435,0
66.436,0
66.437,0
66.438,0
66.439,0
66.44,0
66.441,0
66.442,0
66.443,0
66.444,0
66.445,0
66.446,0
66.447,0
66.448,0
66.449,0
66.45,0
66.451,0
66.452,0
66.453,0
66.454,0
66.455,0
66.456,0
66.457,0
66.458,0
66.459,0
66.46,0
66.461,0
66.462,0
66.463,0
66.464,0
66.465,0
66.466,0
66.467,0
66.468,0
66.469,0
66.47,0
66.471,0
66.472,0
66.473,0
66.474,0
66.475,0
66.476,0
66.477,0
66.478,0
66.479,0
66.48,0
66.481,0
66.482,0
66.483,0
66.484,0
66.485,0
66.486,0
66.487,0
66.488,0
66.489,0
66.49,0
66.491,0
66.492,0
66.493,0
66.494,0
66.495,0
66.496,0
66.497,0
66.498,0
66.499,0
66.5,0
66.502,0
66.503,0
66.505,0
66.507,0
66.508,0
66.509,0
66.51,0
66.511,0
66.512,0
66.513,0
66.514,0
66.515,0
66.516,0
66.517,0
66.518,0
66.519,0
66.52,0
66.521,0
66.522,0
66.523,0
66.524,0
66.525,0
66.526,0
66.527,0
66.528,0
66.529,0
66.53,0
66.531,0
66.532,0
66.533,0
66.534,0
66.535,0
66.536,0
66.537,0
66.538,0
66.539,0
66.54,0
66.541,0
66.542,0
66.543,0
66.544,0
66.545,0
66.546,0
66.547,0
66.548,0
66.549,0
66.55,0
66.551,0
66.552,0
66.553,0
66.554,0
66.555,0
66.556,0
66.557,0
66.558,0
66.559,0
66.56,0
66.561,0
66.562,0
66.563,0
66.564,0
66.565,0
66.566,0
66.567,0
66.568,0
66.569,0
66.57,0
66.571,0
66.572,0
66.573,0
66.574,0
66.575,0
66.576,0
66.577,0
66.578,0
66.579,0
66.58,0
66.581,0
66.582,0
66.583,0
66.584,0
66.585,0
66.586,0
66.587,0
66.588,0
66.589,0
66.59,0
66.591,0
66.592,0
66.593,0
66.594,0
66.595,0
66.596,0
66.597,0
66.598,0
66.599,0
66.6,0
66.601,0
66.602,0
66.603,0
66.604,0
66.605,0
66.606,0
66.607,0
66.608,0
66.609,0
66.61,0
66.611,0
66.612,0
66.613,0
66.614,0
66.615,0
66.616,0
66.617,0
66.618,0
66.619,0
66.62,0
66.621,0
66.622,0
66.623,0
66.624,0
66.625,0
66.626,0
66.627,0
66.628,0
66.629,0
66.63,0
66.631,0
66.632,0
66.633,0
66.634,0
66.635,0
66.636,0
66.637,0
66.638,0
66.639,0
66.64,0
66.641,0
66.642,0
66.643,0
66.644,0
66.645,0
66.646,0
66.647,0
66.648,0
66.649,0
66.65,0
66.651,0
66.652,0
66.653,0
66.654,0
66.655,0
66.656,0
66.657,0
66.658,0
66.659,0
66.66,0
66.661,0
66.662,0
66.663,0
66.664,0
66.665,0
66.666,0
66.667,0
66.668,0
66.669,0
66.67,0
66.671,0
66.672,0
66.673,0
66.674,0
66.675,0
66.676,0
66.677,0
66.678,0
66.679,0
66.68,0
66.681,0
66.682,0
66.683,0
66.684,0
66.685,0
66.686,0
66.687,0
66.688,0
66.689,0
66.69,0
66.691,0
66.692,0
66.693,0
66.694,0
66.695,0
66.696,0
66.697,0
66.698,0
66.699,0
66.7,0
66.701,0
66.702,0
66.703,0
66.704,0
66.705,0
66.706,0
66.707,0
66.708,0
66.709,0
66.71,0
66.711,0
66.712,0
66.713,0
66.714,0
66.715,0
66.716,0
66.717,0
66.718,0
66.719,0
66.72,0
66.721,0
66.722,0
66.723,0
66.724,0
66.725,0
66.726,0
66.727,0
66.728,0
66.729,0
66.73,0
66.731,0
66.732,0
66.733,0
66.734,0
66.735,0
66.736,0
66.737,0
66.738,0
66.739,0
66.74,0
66.741,0
66.742,0
66.743,0
66.744,0
66.745,0
66.746,0
66.747,0
66.748,0
66.749,0
66.75,0
66.751,0
66.752,0
66.753,0
66.754,0
66.755,0
66.756,0
66.757,0
66.758,0
66.759,0
66.76,0
66.761,0
66.762,0
66.763,0
66.764,0
66.765,0
66.766,0
66.767,0
66.768,0
66.769,0
66.77,0
66.771,0
66.772,0
66.773,0
66.774,0
66.775,0
66.776,0
66.777,0
66.778,0
66.779,0
66.78,0
66.781,0
66.782,0
66.783,0
66.784,0
66.785,0
66.786,0
66.787,0
66.788,0
66.789,0
66.79,0
66.791,0
66.792,0
66.793,0
66.794,0
66.795,0
66.796,0
66.797,0
66.798,0
66.799,0
66.8,0
66.801,0
66.802,0
66.803,0
66.804,0
66.805,0
66.806,0
66.807,0
66.808,0
66.809,0
66.81,0
66.811,0
66.812,0
66.813,0
66.814,0
66.815,0
66.816,0
66.817,0
66.818,0
66.819,0
66.82,0
66.821,0
66.822,0
66.823,0
66.824,0
66.825,0
66.826,0
66.827,0
66.828,0
66.829,0
66.83,0
66.831,0
66.832,0
66.833,0
66.834,0
66.835,0
66.836,0
66.837,0
66.838,0
66.839,0
66.84,0
66.841,0
66.842,0
66.843,0
66.844,0
66.845,0
66.846,0
66.847,0
66.848,0
66.849,0
66.85,0
66.851,0
66.852,0
66.853,0
66.854,0
66.855,0
66.856,0
66.857,0
66.858,0
66.859,0
66.86,0
66.861,0
66.862,0
66.863,0
66.864,0
66.865,0
66.866,0
66.867,0
66.868,0
66.869,0
66.87,0
66.871,0
66.872,0
66.873,0
66.874,0
66.875,0
66.876,0
66.877,0
66.878,0
66.879,0
66.88,0
66.881,0
66.882,0
66.883,0
66.884,0
66.885,0
66.886,0
66.887,0
66.888,0
66.889,0
66.89,0
66.891,0
66.892,0
66.893,0
66.894,0
66.895,0
66.896,0
66.897,0
66.898,0
66.899,0
66.9,0
66.901,0
66.902,0
66.903,0
66.904,0
66.905,0
66.906,0
66.907,0
66.908,0
66.909,0
66.91,0
66.911,0
66.912,0
66.913,0
66.914,0
66.915,0
66.916,0
66.917,0
66.918,0
66.919,0
66.92,0
66.921,0
66.922,0
66.923,0
66.924,0
66.925,0
66.926,0
66.927,0
66.928,0
66.929,0
66.93,0
66.931,0
66.932,0
66.933,0
66.934,0
66.935,0
66.936,0
66.937,0
66.938,0
66.939,0
66.94,0
66.941,0
66.942,0
66.943,0
66.944,0
66.945,0
66.946,0
66.947,0
66.948,0
66.949,0
66.95,0
66.951,0
66.952,0
66.953,0
66.954,0
66.955,0
66.956,0
66.957,0
66.958,0
66.959,0
66.96,0
66.961,0
66.962,0
66.963,0
66.964,0
66.965,0
66.966,0
66.967,0
66.968,0
66.969,0
66.97,0
66.971,0
66.972,0
66.973,0
66.974,0
66.975,0
66.976,0
66.977,0
66.978,0
66.979,0
66.98,0
66.981,0
66.982,0
66.983,0
66.984,0
66.985,0
66.986,0
66.987,0
66.988,0
66.989,0
66.99,0
66.991,0
66.992,0
66.993,0
66.994,0
66.995,0
66.996,0
66.997,0
66.998,0
66.999,0
67,0
67.001,0
67.002,0
67.003,0
67.004,0
67.005,0
67.006,0
67.007,0
67.008,0
67.009,0
67.01,0
67.011,0
67.012,0
67.013,0
67.014,0
67.015,0
67.016,0
67.017,0
67.018,0
67.019,0
67.02,0
67.021,0
67.022,0
67.023,0
67.024,0
67.025,0
67.026,0
67.027,0
67.028,0
67.029,0
67.03,0
67.031,0
67.032,0
67.033,0
67.034,0
67.035,0
67.036,0
67.037,0
67.038,0
67.039,0
67.04,0
67.041,0
67.042,0
67.043,0
67.044,0
67.045,0
67.046,0
67.047,0
67.048,0
67.049,0
67.05,0
67.051,0
67.052,0
67.053,0
67.054,0
67.055,0
67.056,0
67.057,0
67.058,0
67.059,0
67.06,0
67.061,0
67.062,0
67.063,0
67.064,0
67.065,0
67.066,0
67.067,0
67.068,0
67.069,0
67.07,0
67.071,0
67.072,0
67.073,0
67.074,0
67.075,0
67.076,0
67.077,0
67.078,0
67.079,0
67.08,0
67.081,0
67.082,0
67.083,0
67.084,0
67.085,0
67.086,0
67.087,0
67.088,0
67.089,0
67.09,0
67.091,0
67.092,0
67.093,0
67.094,0
67.095,0
67.096,0
67.097,0
67.098,0
67.099,0
67.1,0
67.101,0
67.102,0
67.103,0
67.104,0
67.105,0
67.106,0
67.107,0
67.108,0
67.109,0
67.11,0
67.111,0
67.112,0
67.113,0
67.114,0
67.115,0
67.116,0
67.117,0
67.118,0
67.119,0
67.12,0
67.121,0
67.122,0
67.123,0
67.124,0
67.125,0
67.126,0
67.127,0
67.128,0
67.129,0
67.13,0
67.131,0
67.132,0
67.133,0
67.134,0
67.135,0
67.136,0
67.137,0
67.138,0
67.139,0
67.14,0
67.141,0
67.142,0
67.143,0
67.144,0
67.145,0
67.146,0
67.147,0
67.148,0
67.149,0
67.15,0
67.151,0
67.152,0
67.153,0
67.154,0
67.155,0
67.156,0
67.157,0
67.158,0
67.159,0
67.16,0
67.161,0
67.162,0
67.163,0
67.164,0
67.165,0
67.166,0
67.167,0
67.168,0
67.169,0
67.17,0
67.171,0
67.172,0
67.173,0
67.174,0
67.175,0
67.176,0
67.177,0
67.178,0
67.179,0
67.18,0
67.181,0
67.182,0
67.183,0
67.184,0
67.185,0
67.186,0
67.187,0
67.188,0
67.189,0
67.19,0
67.191,0
67.192,0
67.193,0
67.194,0
67.195,0
67.196,0
67.197,0
67.198,0
67.199,0
67.2,0
67.201,0
67.202,0
67.203,0
67.204,0
67.205,0
67.206,0
67.207,0
67.208,0
67.209,0
67.21,0
67.211,0
67.212,0
67.213,0
67.214,0
67.215,0
67.216,0
67.217,0
67.218,0
67.219,0
67.22,0
67.221,0
67.222,0
67.223,0
67.224,0
67.225,0
67.226,0
67.227,0
67.228,0
67.229,0
67.23,0
67.231,0
67.232,0
67.233,0
67.234,0
67.235,0
67.236,0
67.2365008488,1
67.237,0
67.238,0
67.239,0
67.24,0
67.241,0
67.242,0
67.243,0
67.244,0
67.245,0
67.246,0
67.247,0
67.248,0
67.249,0
67.25,0
67.251,0
67.252,0
67.253,0
67.254,0
67.255,0
67.256,0
67.257,0
67.258,0
67.259,0
67.26,0
67.261,0
67.262,0
67.263,0
67.264,0
67.265,0
67.266,0
67.267,0
67.268,0
67.269,0
67.27,0
67.271,0
67.272,0
67.273,0
67.274,0
67.275,0
67.276,0
67.277,0
67.278,0
67.279,0
67.28,0
67.281,0
67.282,0
67.283,0
67.284,0
67.285,0
67.286,0
67.287,0
67.288,0
67.289,0
67.29,0
67.291,0
67.292,0
67.293,0
67.294,0
67.295,0
67.296,0
67.297,0
67.298,0
67.299,0
67.3,0
67.301,0
67.302,0
67.303,0
67.304,0
67.305,0
67.306,0
67.307,0
67.308,0
67.309,0
67.31,0
67.311,0
67.312,0
67.313,0
67.314,0
67.315,0
67.316,0
67.317,0
67.318,0
67.319,0
67.32,0
67.321,0
67.322,0
67.323,0
67.324,0
67.325,0
67.326,0
67.327,0
67.328,0
67.329,0
67.33,0
67.331,0
67.336,0
67.337,0
67.338,0
67.339,0
67.34,0
67.341,0
67.342,0
67.343,0
67.344,0
67.345,0
67.346,0
67.347,0
67.348,0
67.349,0
67.35,0
67.351,0
67.352,0
67.353,0
67.354,0
67.355,0
67.356,0
67.357,0
67.358,0
67.359,0
67.36,0
67.361,0
67.362,0
67.363,0
67.364,0
67.365,0
67.366,0
67.369,0
67.37,0
67.371,0
67.372,0
67.373,0
67.374,0
67.375,0
67.376,0
67.377,0
67.378,0
67.379,0
67.38,0
67.381,0
67.382,0
67.383,0
67.384,0
67.385,0
67.386,0
67.387,0
67.388,0
67.389,0
67.39,0
67.391,0
67.392,0
67.393,0
67.394,0
67.395,0
67.396,0
67.397,0
67.398,0
67.399,0
67.4,0
67.401,0
67.402,0
67.403,0
67.404,0
67.405,0
67.406,0
67.407,0
67.408,0
67.409,0
67.41,0
67.411,0
67.413,0
67.414,0
67.415,0
67.416,0
67.417,0
67.418,0
67.419,0
67.42,0
67.421,0
67.422,0
67.423,0
67.424,0
67.425,0
67.426,0
67.427,0
67.428,0
67.429,0
67.43,0
67.431,0
67.432,0
67.433,0
67.434,0
67.435,0
67.436,0
67.437,0
67.438,0
67.439,0
67.44,0
67.441,0
67.442,0
67.443,0
67.444,0
67.445,0
67.446,0
67.447,0
67.448,0
67.449,0
67.45,0
67.451,0
67.452,0
67.453,0
67.454,0
67.455,0
67.457,0
67.458,0
67.459,0
67.46,0
67.461,0
67.462,0
67.463,0
67.464,0
67.465,0
67.466,0
67.467,0
67.468,0
67.469,0
67.47,0
67.471,0
67.472,0
67.473,0
67.474,0
67.475,0
67.476,0
67.477,0
67.478,0
67.479,0
67.48,0
67.481,0
67.482,0
67.483,0
67.484,0
67.485,0
67.486,0
67.487,0
67.488,0
67.489,0
67.49,0
67.491,0
67.492,0
67.493,0
67.494,0
67.495,0
67.496,0
67.497,0
67.498,0
67.499,0
67.5,0
67.501,0
67.502,0
67.503,0
67.504,0
67.505,0
67.506,0
67.507,0
67.508,0
67.509,0
67.51,0
67.511,0
67.512,0
67.513,0
67.514,0
67.515,0
67.516,0
67.517,0
67.518,0
67.519,0
67.52,0
67.521,0
67.522,0
67.523,0
67.524,0
67.525,0
67.526,0
67.527,0
67.528,0
67.529,0
67.53,0
67.531,0
67.532,0
67.533,0
67.534,0
67.535,0
67.536,0
67.537,0
67.538,0
67.539,0
67.54,0
67.541,0
67.542,0
67.543,0
67.544,0
67.545,0
67.546,0
67.547,0
67.548,0
67.549,0
67.55,0
67.551,0
67.552,0
67.553,0
67.554,0
67.555,0
67.556,0
67.557,0
67.558,0
67.559,0
67.56,0
67.561,0
67.562,0
67.563,0
67.564,0
67.565,0
67.566,0
67.567,0
67.568,0
67.569,0
67.57,0
67.571,0
67.572,0
67.573,0
67.574,0
67.575,0
67.576,0
67.577,0
67.578,0
67.579,0
67.58,0
67.581,0
67.582,0
67.583,0
67.584,0
67.585,0
67.586,0
67.587,0
67.588,0
67.589,0
67.59,0
67.591,0
67.592,0
67.593,0
67.594,0
67.595,0
67.596,0
67.597,0
67.598,0
67.599,0
67.6,0
67.601,0
67.602,0
67.603,0
67.604,0
67.605,0
67.606,0
67.607,0
67.608,0
67.609,0
67.61,0
67.611,0
67.612,0
67.613,0
67.614,0
67.615,0
67.616,0
67.617,0
67.618,0
67.619,0
67.62,0
67.621,0
67.622,0
67.623,0
67.624,0
67.625,0
67.626,0
67.627,0
67.628,0
67.629,0
67.63,0
67.631,0
67.632,0
67.633,0
67.634,0
67.635,0
67.636,0
67.637,0
67.638,0
67.639,0
67.64,0
67.641,0
67.642,0
67.643,0
67.644,0
67.645,0
67.646,0
67.647,0
67.648,0
67.649,0
67.65,0
67.651,0
67.652,0
67.653,0
67.654,0
67.655,0
67.656,0
67.657,0
67.658,0
67.659,0
67.66,0
67.661,0
67.662,0
67.663,0
67.664,0
67.665,0
67.666,0
67.667,0
67.668,0
67.669,0
67.67,0
67.671,0
67.672,0
67.673,0
67.674,0
67.675,0
67.676,0
67.677,0
67.678,0
67.679,0
67.68,0
67.681,0
67.682,0
67.683,0
67.684,0
67.685,0
67.686,0
67.687,0
67.688,0
67.689,0
67.69,0
67.691,0
67.692,0
67.693,0
67.694,0
67.695,0
67.696,0
67.697,0
67.698,0
67.699,0
67.7,0
67.701,0
67.702,0
67.703,0
67.704,0
67.705,0
67.706,0
67.707,0
67.708,0
67.709,0
67.71,0
67.711,0
67.712,0
67.713,0
67.714,0
67.715,0
67.716,0
67.717,0
67.718,0
67.719,0
67.72,0
67.721,0
67.722,0
67.723,0
67.724,0
67.725,0
67.726,0
67.727,0
67.728,0
67.729,0
67.73,0
67.731,0
67.732,0
67.733,0
67.734,0
67.735,0
67.736,0
67.737,0
67.738,0
67.739,0
67.74,0
67.741,0
67.742,0
67.743,0
67.744,0
67.745,0
67.746,0
67.747,0
67.748,0
67.749,0
67.75,0
67.751,0
67.752,0
67.753,0
67.754,0
67.755,0
67.756,0
67.757,0
67.758,0
67.759,0
67.76,0
67.761,0
67.762,0
67.763,0
67.764,0
67.765,0
67.766,0
67.767,0
67.768,0
67.769,0
67.77,0
67.771,0
67.772,0
67.773,0
67.774,0
67.775,0
67.776,0
67.777,0
67.778,0
67.779,0
67.78,0
67.781,0
67.782,0
67.783,0
67.784,0
67.785,0
67.786,0
67.787,0
67.788,0
67.789,0
67.79,0
67.791,0
67.792,0
67.793,0
67.794,0
67.795,0
67.796,0
67.797,0
67.798,0
67.799,0
67.8,0
67.801,0
67.802,0
67.803,0
67.804,0
67.805,0
67.806,0
67.807,0
67.808,0
67.809,0
67.81,0
67.811,0
67.812,0
67.813,0
67.814,0
67.815,0
67.816,0
67.817,0
67.818,0
67.819,0
67.82,0
67.821,0
67.822,0
67.823,0
67.824,0
67.825,0
67.826,0
67.827,0
67.828,0
67.829,0
67.83,0
67.831,0
67.832,0
67.833,0
67.834,0
67.835,0
67.836,0
67.837,0
67.838,0
67.839,0
67.84,0
67.841,0
67.842,0
67.843,0
67.844,0
67.845,0
67.846,0
67.847,0
67.848,0
67.849,0
67.85,0
67.851,0
67.852,0
67.853,0
67.854,0
67.855,0
67.856,0
67.857,0
67.858,0
67.859,0
67.86,0
67.861,0
67.862,0
67.863,0
67.864,0
67.865,0
67.866,0
67.867,0
67.868,0
67.869,0
67.87,0
67.871,0
67.872,0
67.873,0
67.874,0
67.875,0
67.876,0
67.877,0
67.878,0
67.879,0
67.88,0
67.881,0
67.882,0
67.883,0
67.884,0
67.885,0
67.886,0
67.887,0
67.888,0
67.889,0
67.89,0
67.891,0
67.892,0
67.893,0
67.894,0
67.895,0
67.896,0
67.897,0
67.898,0
67.899,0
67.9,0
67.901,0
67.902,0
67.903,0
67.904,0
67.905,0
67.906,0
67.907,0
67.908,0
67.909,0
67.91,0
67.911,0
67.912,0
67.913,0
67.914,0
67.915,0
67.916,0
67.917,0
67.918,0
67.919,0
67.92,0
67.921,0
67.922,0
67.923,0
67.924,0
67.925,0
67.926,0
67.927,0
67.928,0
67.929,0
67.93,0
67.931,0
67.932,0
67.933,0
67.934,0
67.935,0
67.936,0
67.937,0
67.938,0
67.939,0
67.94,0
67.941,0
67.942,0
67.943,0
67.944,0
67.945,0
67.946,0
67.947,0
67.948,0
67.949,0
67.95,0
67.951,0
67.952,0
67.953,0
67.954,0
67.955,0
67.956,0
67.957,0
67.958,0
67.959,0
67.96,0
67.961,0
67.962,0
67.963,0
67.964,0
67.965,0
67.966,0
67.967,0
67.968,0
67.969,0
67.97,0
67.971,0
67.972,0
67.973,0
67.974,0
67.975,0
67.976,0
67.977,0
67.978,0
67.979,0
67.98,0
67.981,0
67.982,0
67.983,0
67.984,0
67.985,0
67.986,0
67.987,0
67.988,0
67.989,0
67.99,0
67.991,0
67.992,0
67.993,0
67.994,0
67.995,0
67.996,0
67.997,0
67.998,0
67.999,0
68,0
68.001,0
68.002,0
68.003,0
68.004,0
68.005,0
68.006,0
68.007,0
68.008,0
68.009,0
68.01,0
68.011,0
68.012,0
68.013,0
68.014,0
68.015,0
68.016,0
68.017,0
68.018,0
68.019,0
68.02,0
68.021,0
68.022,0
68.023,0
68.024,0
68.025,0
68.026,0
68.027,0
68.028,0
68.029,0
68.03,0
68.031,0
68.032,0
68.033,0
68.034,0
68.035,0
68.036,0
68.037,0
68.038,0
68.039,0
68.04,0
68.041,0
68.042,0
68.043,0
68.044,0
68.045,0
68.046,0
68.047,0
68.048,0
68.049,0
68.05,0
68.051,0
68.052,0
68.053,0
68.054,0
68.055,0
68.056,0
68.057,0
68.058,0
68.059,0
68.06,0
68.061,0
68.062,0
68.063,0
68.064,0
68.065,0
68.066,0
68.067,0
68.068,0
68.069,0
68.07,0
68.071,0
68.072,0
68.073,0
68.074,0
68.075,0
68.076,0
68.077,0
68.078,0
68.079,0
68.08,0
68.081,0
68.082,0
68.083,0
68.084,0
68.085,0
68.086,0
68.087,0
68.088,0
68.089,0
68.09,0
68.091,0
68.092,0
68.093,0
68.094,0
68.095,0
68.096,0
68.097,0
68.098,0
68.099,0
68.1,0
68.101,0
68.102,0
68.103,0
68.104,0
68.105,0
68.106,0
68.107,0
68.108,0
68.109,0
68.11,0
68.111,0
68.112,0
68.113,0
68.114,0
68.115,0
68.116,0
68.117,0
68.118,0
68.119,0
68.12,0
68.121,0
68.122,0
68.123,0
68.124,0
68.125,0
68.126,0
68.127,0
68.128,0
68.129,0
68.13,0
68.131,0
68.132,0
68.133,0
68.134,0
68.135,0
68.136,0
68.137,0
68.138,0
68.139,0
68.14,0
68.141,0
68.142,0
68.143,0
68.144,0
68.145,0
68.146,0
68.147,0
68.148,0
68.149,0
68.15,0
68.151,0
68.152,0
68.153,0
68.154,0
68.155,0
68.156,0
68.157,0
68.158,0
68.159,0
68.16,0
68.161,0
68.162,0
68.163,0
68.164,0
68.165,0
68.166,0
68.167,0
68.168,0
68.169,0
68.17,0
68.171,0
68.172,0
68.173,0
68.174,0
68.175,0
68.176,0
68.177,0
68.178,0
68.179,0
68.18,0
68.181,0
68.182,0
68.183,0
68.184,0
68.185,0
68.186,0
68.187,0
68.188,0
68.189,0
68.19,0
68.191,0
68.192,0
68.193,0
68.194,0
68.195,0
68.196,0
68.197,0
68.198,0
68.199,0
68.2,0
68.201,0
68.202,0
68.203,0
68.204,0
68.205,0
68.206,0
68.207,0
68.208,0
68.209,0
68.21,0
68.211,0
68.212,0
68.213,0
68.214,0
68.215,0
68.216,0
68.217,0
68.218,0
68.219,0
68.22,0
68.221,0
68.222,0
68.223,0
68.224,0
68.225,0
68.226,0
68.227,0
68.228,0
68.229,0
68.23,0
68.231,0
68.232,0
68.233,0
68.234,0
68.235,0
68.236,0
68.237,0
68.238,0
68.239,0
68.24,0
68.241,0
68.242,0
68.243,0
68.244,0
68.245,0
68.246,0
68.247,0
68.248,0
68.249,0
68.25,0
68.251,0
68.252,0
68.253,0
68.254,0
68.255,0
68.256,0
68.257,0
68.258,0
68.259,0
68.26,0
68.261,0
68.262,0
68.263,0
68.264,0
68.265,0
68.266,0
68.267,0
68.268,0
68.269,0
68.27,0
68.271,0
68.272,0
68.273,0
68.274,0
68.275,0
68.276,0
68.277,0
68.278,0
68.279,0
68.28,0
68.281,0
68.282,0
68.283,0
68.284,0
68.285,0
68.286,0
68.287,0
68.288,0
68.289,0
68.29,0
68.291,0
68.292,0
68.293,0
68.294,0
68.295,0
68.296,0
68.297,0
68.298,0
68.299,0
68.3,0
68.301,0
68.302,0
68.303,0
68.304,0
68.305,0
68.306,0
68.307,0
68.308,0
68.309,0
68.31,0
68.311,0
68.312,0
68.313,0
68.314,0
68.315,0
68.316,0
68.317,0
68.318,0
68.319,0
68.32,0
68.321,0
68.322,0
68.323,0
68.324,0
68.325,0
68.326,0
68.327,0
68.328,0
68.329,0
68.33,0
68.331,0
68.332,0
68.333,0
68.334,0
68.335,0
68.336,0
68.337,0
68.338,0
68.339,0
68.34,0
68.341,0
68.342,0
68.343,0
68.344,0
68.345,0
68.346,0
68.347,0
68.348,0
68.349,0
68.35,0
68.351,0
68.352,0
68.353,0
68.354,0
68.355,0
68.356,0
68.357,0
68.358,0
68.359,0
68.36,0
68.361,0
68.362,0
68.363,0
68.364,0
68.365,0
68.366,0
68.367,0
68.368,0
68.369,0
68.37,0
68.371,0
68.372,0
68.373,0
68.374,0
68.375,0
68.376,0
68.377,0
68.378,0
68.379,0
68.38,0
68.381,0
68.382,0
68.383,0
68.384,0
68.385,0
68.386,0
68.387,0
68.388,0
68.389,0
68.39,0
68.391,0
68.392,0
68.393,0
68.394,0
68.395,0
68.396,0
68.397,0
68.398,0
68.399,0
68.4,0
68.401,0
68.402,0
68.403,0
68.4036667508,1
68.404,0
68.405,0
68.406,0
68.407,0
68.408,0
68.409,0
68.41,0
68.411,0
68.412,0
68.413,0
68.414,0
68.415,0
68.416,0
68.417,0
68.418,0
68.419,0
68.42,0
68.421,0
68.422,0
68.423,0
68.424,0
68.425,0
68.426,0
68.427,0
68.428,0
68.429,0
68.43,0
68.431,0
68.432,0
68.433,0
68.434,0
68.435,0
68.436,0
68.437,0
68.438,0
68.439,0
68.44,0
68.441,0
68.442,0
68.443,0
68.444,0
68.445,0
68.446,0
68.447,0
68.448,0
68.449,0
68.45,0
68.451,0
68.452,0
68.453,0
68.454,0
68.455,0
68.456,0
68.457,0
68.458,0
68.459,0
68.46,0
68.461,0
68.462,0
68.463,0
68.464,0
68.465,0
68.466,0
68.467,0
68.468,0
68.469,0
68.47,0
68.471,0
68.472,0
68.473,0
68.474,0
68.475,0
68.476,0
68.477,0
68.478,0
68.479,0
68.48,0
68.481,0
68.482,0
68.483,0
68.484,0
68.485,0
68.486,0
68.487,0
68.488,0
68.489,0
68.49,0
68.491,0
68.492,0
68.493,0
68.494,0
68.495,0
68.496,0
68.497,0
68.498,0
68.499,0
68.5,0
68.504,0
68.506,0
68.507,0
68.508,0
68.509,0
68.51,0
68.511,0
68.512,0
68.513,0
68.515,0
68.516,0
68.517,0
68.518,0
68.519,0
68.52,0
68.521,0
68.522,0
68.523,0
68.524,0
68.525,0
68.526,0
68.527,0
68.528,0
68.529,0
68.53,0
68.531,0
68.532,0
68.533,0
68.534,0
68.536,0
68.537,0
68.538,0
68.539,0
68.54,0
68.541,0
68.542,0
68.543,0
68.544,0
68.547,0
68.548,0
68.549,0
68.55,0
68.551,0
68.552,0
68.553,0
68.554,0
68.555,0
68.556,0
68.557,0
68.558,0
68.559,0
68.56,0
68.561,0
68.562,0
68.563,0
68.564,0
68.565,0
68.566,0
68.567,0
68.568,0
68.569,0
68.57,0
68.571,0
68.572,0
68.573,0
68.574,0
68.575,0
68.576,0
68.577,0
68.578,0
68.579,0
68.581,0
68.582,0
68.583,0
68.584,0
68.585,0
68.586,0
68.587,0
68.588,0
68.589,0
68.59,0
68.591,0
68.592,0
68.593,0
68.594,0
68.595,0
68.596,0
68.597,0
68.598,0
68.599,0
68.6,0
68.601,0
68.602,0
68.603,0
68.604,0
68.605,0
68.606,0
68.607,0
68.608,0
68.609,0
68.61,0
68.611,0
68.612,0
68.613,0
68.614,0
68.615,0
68.616,0
68.617,0
68.618,0
68.619,0
68.62,0
68.621,0
68.622,0
68.623,0
68.624,0
68.625,0
68.626,0
68.627,0
68.628,0
68.629,0
68.63,0
68.631,0
68.632,0
68.633,0
68.634,0
68.635,0
68.636,0
68.637,0
68.638,0
68.639,0
68.64,0
68.641,0
68.642,0
68.643,0
68.644,0
68.645,0
68.646,0
68.647,0
68.648,0
68.649,0
68.65,0
68.651,0
68.652,0
68.653,0
68.654,0
68.655,0
68.656,0
68.657,0
68.658,0
68.659,0
68.66,0
68.661,0
68.662,0
68.663,0
68.664,0
68.665,0
68.666,0
68.667,0
68.668,0
68.669,0
68.67,0
68.671,0
68.672,0
68.673,0
68.674,0
68.675,0
68.676,0
68.677,0
68.678,0
68.679,0
68.68,0
68.681,0
68.682,0
68.683,0
68.684,0
68.685,0
68.686,0
68.687,0
68.688,0
68.689,0
68.69,0
68.691,0
68.692,0
68.693,0
68.694,0
68.695,0
68.696,0
68.697,0
68.698,0
68.699,0
68.7,0
68.701,0
68.702,0
68.703,0
68.704,0
68.705,0
68.706,0
68.707,0
68.708,0
68.709,0
68.71,0
68.711,0
68.712,0
68.713,0
68.714,0
68.715,0
68.716,0
68.717,0
68.718,0
68.719,0
68.72,0
68.721,0
68.722,0
68.723,0
68.724,0
68.725,0
68.726,0
68.727,0
68.728,0
68.729,0
68.73,0
68.731,0
68.732,0
68.733,0
68.734,0
68.735,0
68.736,0
68.737,0
68.738,0
68.739,0
68.74,0
68.741,0
68.742,0
68.743,0
68.744,0
68.745,0
68.746,0
68.747,0
68.748,0
68.749,0
68.75,0
68.751,0
68.752,0
68.753,0
68.754,0
68.755,0
68.756,0
68.757,0
68.758,0
68.759,0
68.76,0
68.761,0
68.762,0
68.763,0
68.764,0
68.765,0
68.766,0
68.767,0
68.768,0
68.769,0
68.77,0
68.771,0
68.772,0
68.773,0
68.774,0
68.775,0
68.776,0
68.777,0
68.778,0
68.779,0
68.78,0
68.781,0
68.782,0
68.783,0
68.784,0
68.785,0
68.786,0
68.787,0
68.788,0
68.789,0
68.79,0
68.791,0
68.792,0
68.793,0
68.794,0
68.795,0
68.796,0
68.797,0
68.798,0
68.799,0
68.8,0
68.801,0
68.802,0
68.803,0
68.804,0
68.805,0
68.806,0
68.807,0
68.808,0
68.809,0
68.81,0
68.811,0
68.812,0
68.813,0
68.814,0
68.815,0
68.816,0
68.817,0
68.818,0
68.819,0
68.82,0
68.821,0
68.822,0
68.823,0
68.824,0
68.825,0
68.826,0
68.827,0
68.828,0
68.829,0
68.83,0
68.831,0
68.832,0
68.833,0
68.834,0
68.835,0
68.836,0
68.837,0
68.838,0
68.839,0
68.84,0
68.841,0
68.842,0
68.843,0
68.844,0
68.845,0
68.846,0
68.847,0
68.848,0
68.849,0
68.85,0
68.851,0
68.852,0
68.853,0
68.854,0
68.855,0
68.856,0
68.857,0
68.858,0
68.859,0
68.86,0
68.861,0
68.862,0
68.863,0
68.864,0
68.865,0
68.866,0
68.867,0
68.868,0
68.869,0
68.87,0
68.871,0
68.872,0
68.873,0
68.874,0
68.875,0
68.876,0
68.877,0
68.878,0
68.879,0
68.88,0
68.881,0
68.882,0
68.883,0
68.884,0
68.885,0
68.886,0
68.887,0
68.888,0
68.889,0
68.89,0
68.891,0
68.892,0
68.893,0
68.894,0
68.895,0
68.896,0
68.897,0
68.898,0
68.899,0
68.9,0
68.901,0
68.902,0
68.903,0
68.904,0
68.905,0
68.906,0
68.907,0
68.908,0
68.909,0
68.91,0
68.911,0
68.912,0
68.913,0
68.914,0
68.915,0
68.916,0
68.917,0
68.918,0
68.919,0
68.92,0
68.921,0
68.922,0
68.923,0
68.924,0
68.925,0
68.926,0
68.927,0
68.928,0
68.929,0
68.93,0
68.931,0
68.932,0
68.933,0
68.934,0
68.935,0
68.936,0
68.937,0
68.938,0
68.939,0
68.94,0
68.941,0
68.942,0
68.943,0
68.944,0
68.945,0
68.946,0
68.947,0
68.948,0
68.949,0
68.95,0
68.951,0
68.952,0
68.953,0
68.954,0
68.955,0
68.956,0
68.957,0
68.958,0
68.959,0
68.96,0
68.961,0
68.962,0
68.963,0
68.964,0
68.965,0
68.966,0
68.967,0
68.968,0
68.969,0
68.97,0
68.971,0
68.972,0
68.973,0
68.974,0
68.975,0
68.976,0
68.977,0
68.978,0
68.979,0
68.98,0
68.981,0
68.982,0
68.983,0
68.984,0
68.985,0
68.986,0
68.987,0
68.988,0
68.989,0
68.99,0
68.991,0
68.992,0
68.993,0
68.994,0
68.995,0
68.996,0
68.997,0
68.998,0
68.999,0
69,0
69.001,0
69.002,0
69.003,0
69.004,0
69.005,0
69.006,0
69.007,0
69.008,0
69.009,0
69.01,0
69.011,0
69.012,0
69.013,0
69.014,0
69.015,0
69.016,0
69.017,0
69.018,0
69.019,0
69.02,0
69.021,0
69.022,0
69.023,0
69.024,0
69.025,0
69.026,0
69.027,0
69.028,0
69.029,0
69.03,0
69.031,0
69.032,0
69.033,0
69.034,0
69.035,0
69.036,0
69.037,0
69.038,0
69.039,0
69.04,0
69.041,0
69.042,0
69.043,0
69.044,0
69.045,0
69.046,0
69.047,0
69.048,0
69.049,0
69.05,0
69.051,0
69.052,0
69.053,0
69.054,0
69.055,0
69.056,0
69.057,0
69.058,0
69.059,0
69.06,0
69.061,0
69.062,0
69.063,0
69.064,0
69.065,0
69.066,0
69.067,0
69.068,0
69.069,0
69.07,0
69.071,0
69.072,0
69.073,0
69.074,0
69.075,0
69.076,0
69.077,0
69.078,0
69.079,0
69.08,0
69.081,0
69.082,0
69.083,0
69.084,0
69.085,0
69.086,0
69.087,0
69.088,0
69.089,0
69.09,0
69.091,0
69.092,0
69.093,0
69.094,0
69.095,0
69.096,0
69.097,0
69.098,0
69.099,0
69.1,0
69.101,0
69.102,0
69.103,0
69.104,0
69.105,0
69.106,0
69.107,0
69.108,0
69.109,0
69.11,0
69.111,0
69.112,0
69.113,0
69.114,0
69.115,0
69.116,0
69.117,0
69.118,0
69.119,0
69.12,0
69.121,0
69.122,0
69.123,0
69.124,0
69.125,0
69.126,0
69.127,0
69.128,0
69.129,0
69.13,0
69.131,0
69.132,0
69.133,0
69.134,0
69.135,0
69.136,0
69.137,0
69.138,0
69.139,0
69.14,0
69.141,0
69.142,0
69.143,0
69.144,0
69.145,0
69.146,0
69.147,0
69.148,0
69.149,0
69.15,0
69.151,0
69.152,0
69.153,0
69.154,0
69.155,0
69.156,0
69.157,0
69.158,0
69.159,0
69.16,0
69.161,0
69.162,0
69.163,0
69.164,0
69.165,0
69.166,0
69.167,0
69.168,0
69.169,0
69.17,0
69.171,0
69.172,0
69.173,0
69.174,0
69.175,0
69.176,0
69.177,0
69.178,0
69.179,0
69.18,0
69.181,0
69.182,0
69.183,0
69.184,0
69.185,0
69.186,0
69.187,0
69.188,0
69.189,0
69.19,0
69.191,0
69.192,0
69.193,0
69.194,0
69.195,0
69.196,0
69.197,0
69.198,0
69.199,0
69.2,0
69.201,0
69.202,0
69.203,0
69.204,0
69.205,0
69.206,0
69.207,0
69.208,0
69.209,0
69.21,0
69.211,0
69.212,0
69.213,0
69.214,0
69.215,0
69.216,0
69.217,0
69.218,0
69.219,0
69.22,0
69.221,0
69.222,0
69.223,0
69.224,0
69.225,0
69.226,0
69.227,0
69.228,0
69.229,0
69.23,0
69.231,0
69.232,0
69.233,0
69.234,0
69.235,0
69.236,0
69.237,0
69.238,0
69.239,0
69.24,0
69.241,0
69.242,0
69.243,0
69.244,0
69.245,0
69.246,0
69.247,0
69.248,0
69.249,0
69.25,0
69.251,0
69.252,0
69.253,0
69.254,0
69.255,0
69.256,0
69.257,0
69.258,0
69.259,0
69.26,0
69.261,0
69.262,0
69.263,0
69.264,0
69.265,0
69.266,0
69.267,0
69.268,0
69.269,0
69.27,0
69.271,0
69.272,0
69.273,0
69.274,0
69.275,0
69.276,0
69.277,0
69.278,0
69.279,0
69.28,0
69.281,0
69.282,0
69.283,0
69.284,0
69.285,0
69.286,0
69.287,0
69.288,0
69.289,0
69.29,0
69.291,0
69.292,0
69.293,0
69.294,0
69.295,0
69.296,0
69.297,0
69.298,0
69.299,0
69.3,0
69.301,0
69.302,0
69.303,0
69.304,0
69.305,0
69.306,0
69.307,0
69.308,0
69.309,0
69.31,0
69.311,0
69.312,0
69.313,0
69.314,0
69.315,0
69.316,0
69.317,0
69.318,0
69.319,0
69.32,0
69.321,0
69.322,0
69.323,0
69.324,0
69.325,0
69.326,0
69.327,0
69.328,0
69.329,0
69.33,0
69.331,0
69.332,0
69.333,0
69.334,0
69.335,0
69.336,0
69.337,0
69.338,0
69.339,0
69.34,0
69.341,0
69.342,0
69.343,0
69.344,0
69.345,0
69.346,0
69.347,0
69.348,0
69.349,0
69.35,0
69.351,0
69.352,0
69.353,0
69.354,0
69.355,0
69.356,0
69.357,0
69.358,0
69.359,0
69.36,0
69.361,0
69.362,0
69.363,0
69.364,0
69.365,0
69.366,0
69.367,0
69.368,0
69.369,0
69.37,0
69.371,0
69.372,0
69.373,0
69.374,0
69.375,0
69.376,0
69.377,0
69.378,0
69.379,0
69.38,0
69.381,0
69.382,0
69.383,0
69.384,0
69.385,0
69.386,0
69.387,0
69.388,0
69.389,0
69.39,0
69.391,0
69.392,0
69.393,0
69.394,0
69.395,0
69.396,0
69.397,0
69.398,0
69.399,0
69.4,0
69.401,0
69.402,0
69.403,0
69.404,0
69.405,0
69.406,0
69.407,0
69.408,0
69.409,0
69.41,0
69.411,0
69.412,0
69.413,0
69.414,0
69.415,0
69.416,0
69.417,0
69.418,0
69.419,0
69.42,0
69.421,0
69.422,0
69.423,0
69.424,0
69.425,0
69.426,0
69.427,0
69.428,0
69.429,0
69.43,0
69.431,0
69.432,0
69.433,0
69.434,0
69.435,0
69.436,0
69.437,0
69.438,0
69.439,0
69.44,0
69.441,0
69.442,0
69.443,0
69.444,0
69.445,0
69.446,0
69.447,0
69.448,0
69.449,0
69.45,0
69.451,0
69.452,0
69.453,0
69.454,0
69.455,0
69.456,0
69.457,0
69.458,0
69.459,0
69.46,0
69.461,0
69.462,0
69.463,0
69.464,0
69.465,0
69.466,0
69.467,0
69.468,0
69.469,0
69.47,0
69.471,0
69.472,0
69.473,0
69.474,0
69.475,0
69.476,0
69.477,0
69.478,0
69.479,0
69.48,0
69.481,0
69.482,0
69.483,0
69.484,0
69.485,0
69.486,0
69.487,0
69.488,0
69.489,0
69.49,0
69.491,0
69.492,0
69.493,0
69.494,0
69.495,0
69.496,0
69.497,0
69.498,0
69.499,0
69.5,0
69.501,0
69.502,0
69.503,0
69.504,0
69.505,0
69.506,0
69.507,0
69.508,0
69.509,0
69.51,0
69.511,0
69.512,0
69.513,0
69.514,0
69.515,0
69.516,0
69.517,0
69.518,0
69.519,0
69.52,0
69.521,0
69.522,0
69.523,0
69.524,0
69.525,0
69.526,0
69.527,0
69.528,0
69.529,0
69.53,0
69.531,0
69.532,0
69.533,0
69.534,0
69.535,0
69.536,0
69.537,0
69.538,0
69.539,0
69.5398388728,1
69.54,0
69.541,0
69.542,0
69.543,0
69.544,0
69.545,0
69.546,0
69.547,0
69.548,0
69.549,0
69.55,0
69.551,0
69.552,0
69.553,0
69.554,0
69.555,0
69.556,0
69.557,0
69.558,0
69.559,0
69.56,0
69.561,0
69.562,0
69.563,0
69.564,0
69.565,0
69.566,0
69.567,0
69.568,0
69.569,0
69.57,0
69.571,0
69.572,0
69.573,0
69.574,0
69.575,0
69.576,0
69.577,0
69.578,0
69.579,0
69.58,0
69.581,0
69.582,0
69.583,0
69.584,0
69.585,0
69.586,0
69.587,0
69.588,0
69.589,0
69.59,0
69.591,0
69.592,0
69.593,0
69.594,0
69.595,0
69.596,0
69.597,0
69.598,0
69.599,0
69.6,0
69.601,0
69.602,0
69.603,0
69.604,0
69.605,0
69.606,0
69.607,0
69.608,0
69.609,0
69.61,0
69.611,0
69.612,0
69.613,0
69.614,0
69.615,0
69.616,0
69.617,0
69.618,0
69.619,0
69.62,0
69.621,0
69.622,0
69.623,0
69.624,0
69.625,0
69.626,0
69.627,0
69.628,0
69.629,0
69.63,0
69.634,0
69.635,0
69.636,0
69.637,0
69.638,0
69.639,0
69.646,0
69.647,0
69.648,0
69.649,0
69.65,0
69.651,0
69.652,0
69.653,0
69.654,0
69.656,0
69.657,0
69.658,0
69.659,0
69.661,0
69.662,0
69.663,0
69.664,0
69.665,0
69.666,0
69.667,0
69.668,0
69.669,0
69.67,0
69.671,0
69.672,0
69.673,0
69.674,0
69.675,0
69.676,0
69.679,0
69.68,0
69.681,0
69.682,0
69.683,0
69.684,0
69.685,0
69.686,0
69.688,0
69.69,0
69.691,0
69.692,0
69.693,0
69.694,0
69.696,0
69.697,0
69.7,0
69.701,0
69.702,0
69.703,0
69.704,0
69.705,0
69.706,0
69.707,0
69.708,0
69.709,0
69.71,0
69.711,0
69.712,0
69.713,0
69.714,0
69.715,0
69.716,0
69.717,0
69.718,0
69.719,0
69.72,0
69.721,0
69.722,0
69.723,0
69.724,0
69.725,0
69.726,0
69.727,0
69.728,0
69.729,0
69.73,0
69.731,0
69.733,0
69.734,0
69.735,0
69.736,0
69.737,0
69.738,0
69.739,0
69.74,0
69.741,0
69.742,0
69.743,0
69.744,0
69.745,0
69.746,0
69.747,0
69.748,0
69.749,0
69.75,0
69.751,0
69.752,0
69.753,0
69.754,0
69.755,0
69.756,0
69.757,0
69.758,0
69.759,0
69.76,0
69.761,0
69.762,0
69.763,0
69.766,0
69.767,0
69.768,0
69.769,0
69.77,0
69.771,0
69.772,0
69.773,0
69.774,0
69.775,0
69.776,0
69.777,0
69.778,0
69.779,0
69.78,0
69.781,0
69.782,0
69.783,0
69.784,0
69.785,0
69.786,0
69.787,0
69.788,0
69.789,0
69.79,0
69.791,0
69.792,0
69.793,0
69.794,0
69.795,0
69.796,0
69.797,0
69.798,0
69.799,0
69.8,0
69.801,0
69.802,0
69.803,0
69.804,0
69.805,0
69.806,0
69.807,0
69.808,0
69.809,0
69.81,0
69.811,0
69.812,0
69.813,0
69.814,0
69.815,0
69.816,0
69.817,0
69.818,0
69.819,0
69.82,0
69.821,0
69.822,0
69.823,0
69.824,0
69.825,0
69.826,0
69.827,0
69.828,0
69.829,0
69.83,0
69.831,0
69.832,0
69.833,0
69.834,0
69.835,0
69.836,0
69.837,0
69.838,0
69.839,0
69.84,0
69.841,0
69.842,0
69.843,0
69.844,0
69.845,0
69.846,0
69.847,0
69.848,0
69.849,0
69.85,0
69.851,0
69.852,0
69.853,0
69.854,0
69.855,0
69.856,0
69.857,0
69.858,0
69.859,0
69.86,0
69.861,0
69.862,0
69.863,0
69.864,0
69.865,0
69.866,0
69.867,0
69.868,0
69.869,0
69.87,0
69.871,0
69.872,0
69.873,0
69.874,0
69.875,0
69.876,0
69.877,0
69.878,0
69.879,0
69.88,0
69.881,0
69.882,0
69.883,0
69.884,0
69.885,0
69.886,0
69.887,0
69.888,0
69.889,0
69.89,0
69.891,0
69.892,0
69.893,0
69.894,0
69.895,0
69.896,0
69.897,0
69.898,0
69.899,0
69.9,0
69.901,0
69.902,0
69.903,0
69.904,0
69.905,0
69.906,0
69.907,0
69.908,0
69.909,0
69.91,0
69.911,0
69.912,0
69.913,0
69.914,0
69.915,0
69.916,0
69.917,0
69.918,0
69.919,0
69.92,0
69.921,0
69.922,0
69.923,0
69.924,0
69.925,0
69.926,0
69.927,0
69.928,0
69.929,0
69.93,0
69.931,0
69.932,0
69.933,0
69.934,0
69.935,0
69.936,0
69.937,0
69.938,0
69.939,0
69.94,0
69.941,0
69.942,0
69.943,0
69.944,0
69.945,0
69.946,0
69.947,0
69.948,0
69.949,0
69.95,0
69.951,0
69.952,0
69.953,0
69.954,0
69.955,0
69.956,0
69.957,0
69.958,0
69.959,0
69.96,0
69.961,0
69.962,0
69.963,0
69.964,0
69.965,0
69.966,0
69.967,0
69.968,0
69.969,0
69.97,0
69.971,0
69.972,0
69.973,0
69.974,0
69.975,0
69.976,0
69.977,0
69.978,0
69.979,0
69.98,0
69.981,0
69.982,0
69.983,0
69.984,0
69.985,0
69.986,0
69.987,0
69.988,0
69.989,0
69.99,0
69.991,0
69.992,0
69.993,0
69.994,0
69.995,0
69.996,0
69.997,0
69.998,0
69.999,0
70,0
70.001,0
70.002,0
70.003,0
70.004,0
70.005,0
70.006,0
70.007,0
70.008,0
70.009,0
70.01,0
70.011,0
70.012,0
70.013,0
70.014,0
70.015,0
70.016,0
70.017,0
70.018,0
70.019,0
70.02,0
70.021,0
70.022,0
70.023,0
70.024,0
70.025,0
70.026,0
70.027,0
70.028,0
70.029,0
70.03,0
70.031,0
70.032,0
70.033,0
70.034,0
70.035,0
70.036,0
70.037,0
70.038,0
70.039,0
70.04,0
70.041,0
70.042,0
70.043,0
70.044,0
70.045,0
70.046,0
70.047,0
70.048,0
70.049,0
70.05,0
70.051,0
70.052,0
70.053,0
70.054,0
70.055,0
70.056,0
70.057,0
70.058,0
70.059,0
70.06,0
70.061,0
70.062,0
70.063,0
70.064,0
70.065,0
70.066,0
70.067,0
70.068,0
70.069,0
70.07,0
70.071,0
70.072,0
70.073,0
70.074,0
70.075,0
70.076,0
70.077,0
70.078,0
70.079,0
70.08,0
70.081,0
70.082,0
70.083,0
70.084,0
70.085,0
70.086,0
70.087,0
70.088,0
70.089,0
70.09,0
70.091,0
70.092,0
70.093,0
70.094,0
70.095,0
70.096,0
70.097,0
70.098,0
70.099,0
70.1,0
70.101,0
70.102,0
70.103,0
70.104,0
70.111,0
70.112,0
70.113,0
70.114,0
70.115,0
70.116,0
70.123,0
70.124,0
70.125,0
70.126,0
70.127,0
70.128,0
70.129,0
70.13,0
70.131,0
70.132,0
70.133,0
70.134,0
70.135,0
70.136,0
70.137,0
70.139,0
70.14,0
70.142,0
70.143,0
70.144,0
70.145,0
70.147,0
70.148,0
70.149,0
70.15,0
70.151,0
70.152,0
70.153,0
70.154,0
70.155,0
70.156,0
70.157,0
70.158,0
70.16,0
70.161,0
70.162,0
70.163,0
70.164,0
70.165,0
70.166,0
70.167,0
70.168,0
70.169,0
70.17,0
70.171,0
70.172,0
70.174,0
70.175,0
70.177,0
70.178,0
70.18,0
70.181,0
70.183,0
70.184,0
70.185,0
70.186,0
70.187,0
70.189,0
70.19,0
70.191,0
70.192,0
70.193,0
70.194,0
70.196,0
70.197,0
70.2,0
70.201,0
70.202,0
70.203,0
70.204,0
70.205,0
70.206,0
70.207,0
70.208,0
70.209,0
70.21,0
70.211,0
70.212,0
70.213,0
70.214,0
70.215,0
70.216,0
70.217,0
70.218,0
70.219,0
70.2196187798,1
70.22,0
70.221,0
70.222,0
70.223,0
70.224,0
70.225,0
70.226,0
70.227,0
70.228,0
70.229,0
70.23,0
70.231,0
70.232,0
70.233,0
70.236,0
70.237,0
70.238,0
70.239,0
70.24,0
70.241,0
70.242,0
70.243,0
70.244,0
70.245,0
70.246,0
70.247,0
70.248,0
70.249,0
70.25,0
70.253,0
70.254,0
70.255,0
70.256,0
70.257,0
70.258,0
70.259,0
70.26,0
70.261,0
70.262,0
70.263,0
70.264,0
70.265,0
70.266,0
70.267,0
70.268,0
70.269,0
70.27,0
70.271,0
70.272,0
70.273,0
70.274,0
70.275,0
70.276,0
70.277,0
70.278,0
70.279,0
70.28,0
70.284,0
70.286,0
70.287,0
70.288,0
70.289,0
70.29,0
70.291,0
70.311,0
70.312,0
70.313,0
70.314,0
70.315,0
70.316,0
70.319,0
70.32,0
70.321,0
70.322,0
70.323,0
70.324,0
70.325,0
70.326,0
70.327,0
70.328,0
70.329,0
70.33,0
70.331,0
70.332,0
70.333,0
70.339,0
70.34,0
70.341,0
70.342,0
70.343,0
70.344,0
70.345,0
70.346,0
70.347,0
70.351,0
70.352,0
70.353,0
70.354,0
70.355,0
70.356,0
70.357,0
70.358,0
70.359,0
70.36,0
70.361,0
70.363,0
70.365,0
70.366,0
70.367,0
70.368,0
70.369,0
70.37,0
70.371,0
70.372,0
70.373,0
70.374,0
70.375,0
70.376,0
70.377,0
70.378,0
70.379,0
70.38,0
70.381,0
70.382,0
70.387,0
70.388,0
70.389,0
70.39,0
70.391,0
70.392,0
70.393,0
70.394,0
70.395,0
70.396,0
70.397,0
70.398,0
70.399,0
70.4,0
70.401,0
70.402,0
70.403,0
70.404,0
70.408,0
70.409,0
70.41,0
70.411,0
70.412,0
70.413,0
70.417,0
70.419,0
70.42,0
70.421,0
70.422,0
70.423,0
70.424,0
70.425,0
70.426,0
70.435,0
70.437,0
70.438,0
70.439,0
70.44,0
70.441,0
70.442,0
70.443,0
70.444,0
70.445,0
70.446,0
70.447,0
70.448,0
70.449,0
70.456,0
70.457,0
70.458,0
70.459,0
70.46,0
70.461,0
70.462,0
70.463,0
70.464,0
70.465,0
70.466,0
70.467,0
70.468,0
70.469,0
70.47,0
70.471,0
70.472,0
70.473,0
70.474,0
70.475,0
70.476,0
70.477,0
70.478,0
70.479,0
70.48,0
70.481,0
70.482,0
70.483,0
70.484,0
70.485,0
70.486,0
70.487,0
70.488,0
70.489,0
70.491,0
70.492,0
70.493,0
70.494,0
70.495,0
70.496,0
70.497,0
70.498,0
70.499,0
70.5,0
70.501,0
70.502,0
70.503,0
70.504,0
70.511,0
70.512,0
70.515,0
70.516,0
70.519,0
70.52,0
70.523,0
70.524,0
70.525,0
70.526,0
70.527,0
70.528,0
70.53,0
70.531,0
70.532,0
70.533,0
70.534,0
70.535,0
70.536,0
70.537,0
70.538,0
70.539,0
70.54,0
70.541,0
70.542,0
70.543,0
70.544,0
70.545,0
70.546,0
70.613,0
70.614,0
70.615,0
70.853,0
70.854,0
71.345,0
71.346,0
72.305,0
72.379,0
72.38,0
72.381,0
72.382,0
72.383,0
72.384,0
72.385,0
72.386,0
72.388,0
72.389,0
72.39,0
72.392,0
72.393,0
72.394,0
72.395,0
72.397,0
72.398,0
72.399,0
72.401,0
72.402,0
72.403,0
72.406,0
72.408,0
72.409,0
72.41,0
72.411,0
72.423,0
72.425,0
72.426,0
72.432,0
72.434,0
72.435,0
72.453,0
72.455,0
72.457,0
72.458,0
72.459,0
72.461,0
72.462,0
72.463,0
72.464,0
72.465,0
72.467,0
72.477,0
72.478,0
72.479,0
72.48,0
72.495,0
72.496,0
72.497,0
72.498,0
72.499,0
72.502,0
72.503,0
72.504,0
72.506,0
72.507,0
72.511,0
72.514,0
72.515,0
72.516,0
72.519,0
72.523,0
72.524,0
72.525,0
72.526,0
72.527,0
72.531,0
72.532,0
72.533,0
72.534,0
72.535,0
72.536,0
72.537,0
72.538,0
72.539,0
72.54,0
72.541,0
72.542,0
72.562,0
72.563,0
73.558,0
73.559,0
73.56,0
73.561,0
73.562,0
73.563,0
74.565,0
74.566,0
74.567,0
74.568,0
74.569,0
74.57,0
74.572,0
75.593,0
75.596,0
75.597,0
75.598,0
75.6,0
75.601,0
75.603,0
75.613,0
75.615,0
75.633,0
75.635,0
75.636,0
75.637,0
75.638,0
75.64,0
75.645,0
75.653,0
75.661,0
75.669,0
75.67,0
75.671,0
75.672,0
75.673,0
75.674,0
75.676,0
75.677,0
75.678,0
75.686,0
75.687,0
75.693,0
75.694,0
75.695,0
75.697,0
75.698,0
75.699,0
75.702,0
75.707,0
75.709,0
75.71,0
75.714,0
75.717,0
75.718,0
75.721,0
75.722,0
75.725,0
75.726,0
75.733,0
75.734,0
75.74,0
75.741,0
75.825,0
75.826,0
76.733,0
77.746,0
77.747,0
77.748,0
77.749,0
77.75,0
77.751,0
77.772,0
77.779,0
77.78,0
77.781,0
77.782,0
77.79,0
77.791,0
77.8,0
77.801,0
77.806,0
77.807,0
77.818,0
77.819,0
77.82,0
77.821,0
77.822,0
78.161,0
78.162,0
78.561,0
78.562,0
78.563,0
78.564,0
78.565,0
78.566,0
79.558,0
79.559,0
79.56,0
79.561,0
79.578,0
79.583,0
79.589,0
79.59,0
79.591,0
79.594,0
79.6,0
79.606,0
79.618,0
79.619,0
79.62,0
79.621,0
79.623,0
79.624,0
79.645,0
79.646,0
79.647,0
79.648,0
79.65,0
79.651,0
79.652,0
79.667,0
79.668,0
79.669,0
79.67,0
79.671,0
79.672,0
79.673,0
79.677,0
79.689,0
79.69,0
79.691,0
79.692,0
79.693,0
79.694,0
79.695,0
79.696,0
79.716,0
79.717,0
79.718,0
79.719,0
79.72,0
79.721,0
79.723,0
79.724,0
79.725,0
79.726,0
79.738,0
79.739,0
79.74,0
79.741,0
79.742,0
79.743,0
79.744,0
79.749,0
79.75,0
79.751,0
79.754,0
79.755,0
79.76,0
79.761,0
79.762,0
79.763,0
79.764,0
79.765,0
79.766,0
79.771,0
79.772,0
79.773,0
79.782,0
79.783,0
79.784,0
79.785,0
79.786,0
79.787,0
79.788,0
79.789,0
79.79,0
79.793,0
79.794,0
79.798,0
79.799,0
79.804,0
79.806,0
79.807,0
79.808,0
79.809,0
79.81,0
79.811,0
79.818,0
79.82,0
79.821,0
79.822,0
79.823,0
79.825,0
79.83,0
79.831,0
79.839,0
79.84,0
79.852,0
79.853,0
79.854,0
79.855,0
79.857,0
79.858,0
79.859,0
79.86,0
79.862,0
79.863,0
79.865,0
79.866,0
79.867,0
79.868,0
79.869,0
79.871,0
79.872,0
79.873,0
79.874,0
79.878,0
79.879,0
79.885,0
79.886,0
79.887,0
79.888,0
79.889,0
79.89,0
79.892,0
79.893,0
79.894,0
79.896,0
79.897,0
79.898,0
79.899,0
79.9,0
79.901,0
79.902,0
79.906,0
79.907,0
79.908,0
79.909,0
79.911,0
79.912,0
79.918,0
79.919,0
79.92,0
79.921,0
79.922,0
79.923,0
79.924,0
79.925,0
79.926,0
79.928,0
79.929,0
79.93,0
79.931,0
79.932,0
79.933,0
79.934,0
79.939,0
79.94,0
79.941,0
79.942,0
79.943,0
79.944,0
79.945,0
79.951,0
79.952,0
79.953,0
79.954,0
79.955,0
79.956,0
79.957,0
79.958,0
79.959,0
79.96,0
79.961,0
79.962,0
79.963,0
79.964,0
79.966,0
79.967,0
79.972,0
79.973,0
79.974,0
79.975,0
79.976,0
79.977,0
79.978,0
79.979,0
79.984,0
79.985,0
79.986,0
79.987,0
79.988,0
79.989,0
79.99,0
79.991,0
79.992,0
79.993,0
79.995,0
79.996,0
79.997,0
79.998,0
79.999,0
80,0
80.001,0
80.002,0
80.012,0
80.013,0
80.014,0
80.015,0
80.016,0
80.017,0
80.023,0
80.024,0
80.025,0
80.026,0
80.027,0
80.028,0
80.029,0
80.03,0
80.06,0
80.062,0
80.081,0
80.082,0
80.369,0
80.945,0
81.088,0
81.089,0
81.09,0
81.091,0
81.092,0
81.093,0
81.095,0
81.121,0
81.122,0
81.123,0
82.122,0
82.124,0
82.125,0
82.126,0
82.155,0
82.156,0
82.157,0
82.158,0
82.176,0
82.177,0
82.178,0
82.179,0
82.197,0
82.198,0
82.199,0
82.2,0
82.225,0
82.226,0
82.232,0
82.233,0
82.252,0
82.253,0
82.264,0
82.265,0
82.274,0
82.275,0
82.286,0
82.287,0
82.296,0
82.297,0
82.308,0
82.309,0
82.318,0
82.32,0
82.336,0
82.337,0
82.338,0
82.346,0
82.358,0
82.359,0
82.36,0
82.369,0
82.38,0
82.381,0
82.382,0
82.39,0
82.402,0
82.403,0
82.404,0
82.412,0
82.43,0
82.431,0
82.432,0
82.441,0
82.458,0
82.459,0
82.46,0
82.468,0
82.48,0
82.481,0
82.482,0
82.484,0
82.502,0
82.503,0
82.504,0
82.505,0
82.53,0
82.531,0
82.532,0
82.533,0
82.552,0
82.553,0
82.554,0
82.555,0
82.574,0
82.575,0
82.576,0
82.577,0
82.596,0
82.597,0
82.598,0
82.599,0
82.624,0
82.625,0
82.626,0
82.627,0
82.646,0
82.647,0
82.648,0
82.649,0
82.668,0
82.669,0
82.67,0
82.671,0
82.69,0
82.692,0
82.694,0
82.695,0
82.713,0
82.714,0
82.715,0
82.716,0
82.735,0
82.736,0
82.737,0
82.738,0
82.757,0
82.758,0
82.759,0
82.76,0
82.779,0
82.78,0
82.781,0
82.782,0
82.801,0
82.802,0
82.803,0
82.804,0
82.805,0
82.864,0
82.87,0
82.871,0
82.872,0
82.879,0
82.885,0
82.891,0
82.893,0
82.897,0
82.902,0
82.914,0
82.915,0
82.918,0
82.93,0
82.936,0
82.937,0
82.941,0
82.952,0
82.958,0
82.964,0
82.965,0
82.974,0
82.98,0
82.986,0
82.987,0
82.996,0
83.002,0
83.014,0
83.015,0
83.018,0
83.03,0
83.035,0
83.036,0
83.041,0
83.053,0
83.054,0
83.055,0
83.057,0
83.075,0
83.076,0
83.077,0
83.078,0
83.097,0
83.098,0
83.099,0
83.1,0
83.118,0
83.12,0
83.124,0
83.125,0
83.13,0
83.131,0
83.23,0
83.231,0
83.232,0
83.233,0
83.263,0
83.264,0
83.63,0
83.631,0
83.632,0
83.633,0
83.658,0
83.659,0
83.66,0
83.661,0
83.662,0
83.665,0
83.666,0
83.681,0
83.682,0
83.683,0
83.684,0
83.685,0
83.691,0
83.692,0
83.693,0
83.703,0
83.704,0
83.705,0
83.706,0
83.707,0
83.708,0
83.71,0
83.711,0
83.712,0
83.713,0
83.714,0
83.715,0
83.731,0
83.732,0
83.733,0
83.734,0
83.735,0
83.736,0
83.737,0
83.738,0
83.739,0
83.74,0
83.741,0
83.797,0
83.798,0
84.032,0
84.033,0
84.034,0
84.035,0
84.036,0
84.037,0
84.043,0
84.044,0
84.045,0
84.046,0
84.047,0
84.048,0
84.049,0
84.05,0
84.054,0
84.055,0
84.06,0
84.061,0
84.062,0
84.063,0
84.369,0
84.37,0
84.399,0
84.4,0
84.401,0
84.402,0
84.403,0
84.404,0
84.405,0
84.406,0
84.483,0
84.484,0
84.485,0
84.486,0
84.487,0
84.817,0
84.818,0
85.504,0
85.505,0
85.506,0
85.507,0
85.508,0
85.526,0
85.527,0
85.528,0
85.529,0
85.53,0
85.541,0
85.542,0
85.548,0
85.549,0
85.55,0
85.551,0
85.552,0
85.553,0
85.557,0
85.558,0
85.564,0
85.565,0
85.57,0
85.571,0
85.572,0
85.574,0
85.575,0
85.576,0
85.58,0
85.581,0
85.586,0
85.587,0
85.588,0
85.592,0
85.593,0
85.597,0
85.598,0
85.599,0
85.6,0
85.601,0
85.602,0
85.603,0
85.608,0
85.609,0
85.614,0
85.615,0
85.62,0
85.621,0
85.622,0
85.623,0
85.624,0
85.626,0
85.629,0
85.63,0
85.635,0
85.636,0
85.637,0
85.642,0
85.643,0
85.644,0
85.645,0
85.646,0
85.647,0
85.651,0
85.652,0
85.657,0
85.658,0
85.663,0
85.664,0
85.665,0
85.666,0
85.667,0
85.668,0
85.673,0
85.674,0
85.679,0
85.68,0
85.681,0
85.682,0
85.684,0
85.685,0
85.687,0
85.688,0
85.689,0
85.69,0
85.691,0
85.694,0
85.695,0
85.7,0
85.701,0
85.702,0
85.707,0
85.708,0
85.712,0
85.714,0
85.715,0
85.716,0
85.717,0
85.721,0
85.722,0
85.723,0
85.724,0
85.727,0
85.728,0
85.729,0
85.733,0
85.734,0
85.739,0
85.74,0
85.741,0
85.742,0
85.743,0
85.744,0
85.749,0
85.75,0
85.751,0
85.752,0
85.754,0
85.755,0
85.761,0
85.762,0
85.763,0
85.764,0
85.765,0
85.766,0
85.767,0
85.768,0
85.771,0
85.772,0
85.776,0
85.777,0
85.783,0
85.784,0
85.785,0
85.786,0
85.787,0
85.788,0
85.789,0
85.79,0
85.791,0
85.792,0
85.793,0
85.794,0
85.798,0
85.799,0
85.806,0
85.808,0
85.809,0
85.811,0
85.812,0
85.813,0
85.815,0
85.816,0
85.818,0
85.819,0
85.82,0
85.822,0
85.823,0
85.824,0
85.825,0
85.826,0
85.827,0
85.829,0
85.83,0
85.831,0
85.833,0
85.837,0
85.838,0
85.839,0
85.84,0
85.841,0
85.842,0
85.844,0
85.845,0
85.849,0
85.85,0
85.851,0
85.852,0
85.853,0
85.854,0
85.855,0
85.856,0
85.858,0
85.859,0
85.86,0
85.861,0
85.862,0
85.863,0
85.865,0
85.866,0
85.867,0
85.868,0
85.869,0
85.871,0
85.872,0
85.873,0
85.874,0
85.875,0
85.876,0
85.877,0
85.881,0
85.882,0
85.883,0
85.884,0
85.885,0
85.886,0
85.887,0
85.893,0
85.894,0
85.895,0
85.896,0
85.897,0
85.898,0
85.899,0
85.9,0
85.901,0
85.902,0
85.903,0
85.904,0
85.905,0
85.906,0
85.907,0
85.908,0
85.909,0
85.914,0
85.915,0
85.916,0
85.917,0
85.918,0
85.919,0
85.92,0
85.926,0
85.927,0
85.928,0
85.929,0
85.93,0
85.931,0
85.932,0
85.933,0
85.934,0
85.935,0
85.936,0
85.937,0
85.938,0
85.939,0
85.94,0
85.941,0
85.942,0
85.947,0
85.948,0
85.949,0
85.95,0
85.951,0
85.952,0
85.953,0
85.954,0
85.955,0
85.958,0
85.959,0
85.96,0
85.961,0
85.962,0
85.963,0
85.964,0
85.965,0
85.966,0
85.967,0
85.968,0
85.969,0
85.97,0
85.971,0
85.972,0
85.973,0
85.974,0
85.975,0
85.98,0
85.981,0
85.982,0
85.983,0
85.984,0
85.985,0
85.986,0
85.987,0
85.988,0
85.989,0
85.992,0
85.993,0
85.994,0
85.995,0
85.996,0
85.997,0
85.998,0
85.999,0
86,0
86.002,0
86.003,0
86.004,0
86.005,0
86.006,0
86.007,0
86.008,0
86.015,0
86.016,0
86.018,0
86.019,0
86.02,0
86.023,0
86.027,0
86.028,0
86.044,0
86.045,0
86.05,0
86.052,0
86.053,0
86.054,0
86.055,0
86.056,0
86.057,0
86.058,0
86.059,0
86.06,0
86.062,0
86.065,0
86.071,0
86.072,0
86.077,0
86.078,0
86.079,0
86.08,0
86.081,0
86.082,0
86.083,0
86.085,0
86.086,0
86.087,0
86.088,0
86.089,0
86.09,0
86.092,0
86.093,0
86.098,0
86.099,0
86.1,0
86.104,0
86.105,0
86.106,0
86.107,0
86.11,0
86.111,0
86.112,0
86.113,0
86.114,0
86.115,0
86.116,0
86.119,0
86.12,0
86.125,0
86.126,0
86.127,0
86.128,0
86.13,0
86.131,0
86.132,0
86.133,0
86.134,0
86.135,0
86.137,0
86.138,0
86.139,0
86.14,0
86.143,0
86.144,0
86.148,0
86.149,0
86.15,0
86.153,0
86.154,0
86.156,0
86.157,0
86.158,0
86.159,0
86.16,0
86.161,0
86.162,0
86.164,0
86.165,0
86.169,0
86.17,0
86.176,0
86.177,0
86.178,0
86.179,0
86.18,0
86.181,0
86.182,0
86.183,0
86.184,0
86.186,0
86.187,0
86.188,0
86.191,0
86.192,0
86.197,0
86.198,0
86.199,0
86.2,0
86.201,0
86.202,0
86.203,0
86.204,0
86.205,0
86.212,0
86.213,0
86.214,0
86.215,0
86.216,0
86.217,0
86.257,0
86.485,0
86.633,0
86.634,0
86.635,0
86.636,0
86.637,0
86.638,0
86.639,0
86.641,0
86.642,0
86.643,0
86.645,0
86.646,0
86.647,0
86.648,0
86.65,0
86.651,0
86.652,0
86.654,0
86.655,0
86.656,0
86.658,0
86.659,0
86.66,0
86.686,0
86.687,0
86.688,0
86.689,0
86.69,0
86.691,0
86.692,0
86.693,0
86.694,0
86.695,0
86.696,0
86.697,0
86.698,0
86.701,0
86.702,0
86.706,0
86.707,0
86.708,0
86.709,0
86.72,0
86.721,0
86.722,0
86.723,0
86.724,0
86.725,0
86.726,0
86.728,0
86.729,0
86.73,0
86.731,0
86.732,0
86.733,0
86.735,0
86.737,0
86.738,0
86.739,0
86.74,0
86.741,0
86.742,0
86.743,0
86.744,0
86.745,0
86.746,0
86.747,0
86.751,0
86.752,0
86.753,0
86.754,0
86.756,0
86.757,0
86.764,0
86.766,0
86.767,0
86.768,0
86.769,0
86.77,0
86.771,0
86.772,0
86.773,0
86.774,0
86.775,0
86.776,0
86.777,0
86.778,0
86.779,0
86.78,0
86.781,0
86.782,0
86.784,0
86.785,0
86.786,0
86.789,0
86.79,0
86.795,0
86.796,0
86.797,0
86.798,0
86.799,0
86.8,0
86.801,0
86.802,0
86.803,0
86.804,0
86.805,0
86.813,0
86.814,0
86.815,0
86.816,0
86.817,0
86.818,0
86.819,0
86.82,0
86.821,0
86.823,0
86.824,0
86.825,0
86.826,0
86.827,0
86.828,0
86.829,0
86.834,0
86.835,0
86.836,0
86.837,0
86.838,0
86.839,0
86.84,0
86.853,0
86.854,0
86.855,0
86.856,0
86.857,0
86.858,0
86.859,0
86.86,0
86.861,0
86.862,0
86.863,0
86.864,0
86.865,0
86.866,0
86.867,0
86.88,0
86.886,0
86.888,0
86.889,0
86.89,0
86.891,0
86.892,0
86.893,0
86.894,0
86.896,0
86.897,0
86.898,0
86.899,0
86.9,0
86.906,0
86.907,0
86.912,0
86.913,0
86.914,0
86.915,0
86.918,0
86.919,0
86.92,0
86.921,0
86.922,0
86.923,0
86.924,0
86.925,0
86.926,0
86.927,0
86.928,0
86.929,0
86.933,0
86.934,0
86.938,0
86.939,0
86.945,0
86.946,0
86.947,0
86.948,0
86.949,0
86.95,0
86.951,0
86.952,0
86.955,0
86.956,0
86.96,0
86.961,0
86.967,0
86.968,0
86.969,0
86.97,0
86.971,0
86.972,0
86.973,0
86.974,0
86.975,0
86.977,0
86.978,0
86.982,0
86.983,0
86.984,0
86.985,0
86.988,0
86.989,0
86.99,0
86.991,0
86.993,0
86.994,0
86.995,0
86.999,0
87,0
87.001,0
87.002,0
87.003,0
87.004,0
87.006,0
87.011,0
87.013,0
87.014,0
87.015,0
87.016,0
87.018,0
87.025,0
87.026,0
87.027,0
87.028,0
87.029,0
87.03,0
87.062,0
87.083,0
87.084,0
87.085,0
87.086,0
87.087,0
87.088,0
87.089,0
87.09,0
87.104,0
87.105,0
87.106,0
87.107,0
87.108,0
87.109,0
87.114,0
87.115,0
87.116,0
87.12,0
87.121,0
87.122,0
87.125,0
87.126,0
87.128,0
87.129,0
87.13,0
87.131,0
87.136,0
87.137,0
87.142,0
87.149,0
87.15,0
87.151,0
87.153,0
87.154,0
87.155,0
87.156,0
87.157,0
87.158,0
87.159,0
87.17,0
87.171,0
87.172,0
87.173,0
87.174,0
87.175,0
87.176,0
87.177,0
87.18,0
87.181,0
87.182,0
87.183,0
87.191,0
87.192,0
87.193,0
87.194,0
87.195,0
87.196,0
87.197,0
87.198,0
87.202,0
87.203,0
87.204,0
87.205,0
87.206,0
87.214,0
87.215,0
87.226,0
87.227,0
87.228,0
87.229,0
87.231,0
87.236,0
87.238,0
87.239,0
87.251,0
87.252,0
87.253,0
87.254,0
87.255,0
87.256,0
87.257,0
87.258,0
87.259,0
87.261,0
87.262,0
87.264,0
87.265,0
87.266,0
87.27,0
87.272,0
87.273,0
87.274,0
87.275,0
87.276,0
87.282,0
87.283,0
87.284,0
87.285,0
87.286,0
87.287,0
87.288,0
87.289,0
87.29,0
87.292,0
87.293,0
87.294,0
87.295,0
87.296,0
87.297,0
87.298,0
87.299,0
87.303,0
87.304,0
87.305,0
87.306,0
87.308,0
87.309,0
87.314,0
87.315,0
87.316,0
87.317,0
87.318,0
87.319,0
87.32,0
87.321,0
87.322,0
87.325,0
87.326,0
87.327,0
87.328,0
87.329,0
87.33,0
87.331,0
87.332,0
87.333,0
87.337,0
87.338,0
87.339,0
87.342,0
87.343,0
87.349,0
87.351,0
87.352,0
87.353,0
87.354,0
87.355,0
87.356,0
87.358,0
87.36,0
87.361,0
87.362,0
87.363,0
87.364,0
87.365,0
87.366,0
87.367,0
87.368,0
87.369,0
87.37,0
87.372,0
87.373,0
87.374,0
87.375,0
87.376,0
87.377,0
87.378,0
87.382,0
87.383,0
87.384,0
87.385,0
87.386,0
87.387,0
87.388,0
87.389,0
87.394,0
87.395,0
87.396,0
87.397,0
87.398,0
87.399,0
87.4,0
87.401,0
87.402,0
87.403,0
87.41,0
87.413,0
87.414,0
87.415,0
87.417,0
87.418,0
87.422,0
87.425,0
87.429,0
87.43,0
87.432,0
87.433,0
87.434,0
87.437,0
87.444,0
87.445,0
87.446,0
87.448,0
87.449,0
87.45,0
87.451,0
87.452,0
87.453,0
87.454,0
87.455,0
87.456,0
87.462,0
87.464,0
87.469,0
87.47,0
87.471,0
87.472,0
87.473,0
87.474,0
87.475,0
87.476,0
87.477,0
87.478,0
87.479,0
87.48,0
87.481,0
87.482,0
87.483,0
87.484,0
87.485,0
87.486,0
87.487,0
87.488,0
87.489,0
87.49,0
87.491,0
87.492,0
87.493,0
87.494,0
87.495,0
87.496,0
87.502,0
87.503,0
87.504,0
87.505,0
87.506,0
87.507,0
87.51,0
87.511,0
87.512,0
87.513,0
87.514,0
87.515,0
87.516,0
87.517,0
87.518,0
87.519,0
87.52,0
87.521,0
87.522,0
87.523,0
87.524,0
87.525,0
87.53,0
87.531,0
87.532,0
87.533,0
87.534,0
87.535,0
87.536,0
87.537,0
87.538,0
87.539,0
87.54,0
87.541,0
87.542,0
87.543,0
87.544,0
87.545,0
87.546,0
87.547,0
87.548,0
87.549,0
87.55,0
87.551,0
87.552,0
87.553,0
87.554,0
87.555,0
87.556,0
87.557,0
87.563,0
87.564,0
87.565,0
87.566,0
87.567,0
87.568,0
87.569,0
87.57,0
87.571,0
87.572,0
87.573,0
87.574,0
87.575,0
87.576,0
87.577,0
87.578,0
87.579,0
87.58,0
87.581,0
87.582,0
87.583,0
87.584,0
87.585,0
87.586,0
87.587,0
87.588,0
87.589,0
87.59,0
87.596,0
87.597,0
87.598,0
87.599,0
87.6,0
87.601,0
87.602,0
87.603,0
87.604,0
87.605,0
87.606,0
87.607,0
87.608,0
87.609,0
87.61,0
87.611,0
87.612,0
87.613,0
87.614,0
87.615,0
87.616,0
87.617,0
87.618,0
87.619,0
87.62,0
87.621,0
87.622,0
87.623,0
87.624,0
87.625,0
87.626,0
87.627,0
87.628,0
87.639,0
87.64,0
87.641,0
87.644,0
87.661,0
87.663,0
87.901,0
88.401,0
88.422,0
88.668,0
88.669,0
88.67,0
88.671,0
88.672,0
88.695,0
88.696,0
88.697,0
88.698,0
88.724,0
88.747,0
88.749,0
88.751,0
88.752,0
88.754,0
88.781,0
88.783,0
88.784,0
88.785,0
88.79,0
88.802,0
88.803,0
88.804,0
88.819,0
88.82,0
88.836,0
88.837,0
88.838,0
88.852,0
88.853,0
88.864,0
88.865,0
88.866,0
88.868,0
88.869,0
88.886,0
88.887,0
88.888,0
88.889,0
88.89,0
88.908,0
88.91,0
88.911,0
88.912,0
88.93,0
88.94,0
88.941,0
88.942,0
88.943,0
88.951,0
88.963,0
88.964,0
88.965,0
88.966,0
88.973,0
88.985,0
88.986,0
88.987,0
88.988,0
88.995,0
89.013,0
89.014,0
89.015,0
89.016,0
89.023,0
89.041,0
89.042,0
89.043,0
89.044,0
89.052,0
89.068,0
90.07,0
90.071,0
90.072,0
90.097,0
90.109,0
90.11,0
90.119,0
90.13,0
90.142,0
90.143,0
90.153,0
90.163,0
90.164,0
90.174,0
90.186,0
90.187,0
90.196,0
90.214,0
90.215,0
90.218,0
90.248,0
90.249,0
90.25,0
90.27,0
90.271,0
90.272,0
90.292,0
90.293,0
90.294,0
90.313,0
90.315,0
90.316,0
90.34,0
90.351,0
90.353,0
90.362,0
90.374,0
90.375,0
90.384,0
90.396,0
90.397,0
90.406,0
90.424,0
90.425,0
90.428,0
90.451,0
90.452,0
90.453,0
90.473,0
90.474,0
90.475,0
90.495,0
90.496,0
90.497,0
90.517,0
90.518,0
90.519,0
90.539,0
90.54,0
90.541,0
90.561,0
90.562,0
90.563,0
90.583,0
90.584,0
90.585,0
90.605,0
90.606,0
90.607,0
90.632,0
90.633,0
90.634,0
90.66,0
90.661,0
90.662,0
90.682,0
90.683,0
90.684,0
90.704,0
90.705,0
90.706,0
90.731,0
90.733,0
90.734,0
90.759,0
90.761,0
90.763,0
90.781,0
90.782,0
90.783,0
90.803,0
90.804,0
90.806,0
90.825,0
90.826,0
90.847,0
90.853,0
90.854,0
90.869,0
90.881,0
90.882,0
90.886,0
90.902,0
90.904,0
90.914,0
90.929,0
90.93,0
90.94,0
90.951,0
90.952,0
90.956,0
90.974,0
90.975,0
90.976,0
90.996,0
90.997,0
90.998,0
91.024,0
91.025,0
91.026,0
91.052,0
91.053,0
91.054,0
91.074,0
91.075,0
91.076,0
91.096,0
91.097,0
91.098,0
91.124,0
91.125,0
91.126,0
91.146,0
91.156,0
91.157,0
91.167,0
91.178,0
91.179,0
91.19,0
91.194,0
91.2,0
91.211,0
91.212,0
91.213,0
91.345,0
91.346,0
91.75,0
91.751,0
91.752,0
91.753,0
91.754,0
91.83,0
91.832,0
91.833,0
91.834,0
91.835,0
91.837,0
91.842,0
91.843,0
91.844,0
91.845,0
91.857,0
91.858,0
91.859,0
91.86,0
91.861,0
91.862,0
91.863,0
91.978,0
91.979,0
91.992,0
91.993,0
91.994,0
91.995,0
91.996,0
91.997,0
91.998,0
91.999,0
92.273,0
92.992,0
92.994,0
92.995,0
92.996,0
92.997,0
92.999,0
93.065,0
93.081,0
93.082,0
93.083,0
93.084,0
93.085,0
93.086,0
93.091,0
93.096,0
93.098,0
93.103,0
93.104,0
93.105,0
93.106,0
93.107,0
93.108,0
93.113,0
93.119,0
93.12,0
93.13,0
93.132,0
93.133,0
93.134,0
93.136,0
93.137,0
93.141,0
93.142,0
93.153,0
93.154,0
93.155,0
93.156,0
93.158,0
93.159,0
93.16,0
93.163,0
93.164,0
93.165,0
93.175,0
93.176,0
93.177,0
93.178,0
93.18,0
93.181,0
93.182,0
93.185,0
93.186,0
93.191,0
93.192,0
93.197,0
93.198,0
93.199,0
93.2,0
93.202,0
93.203,0
93.208,0
93.209,0
93.212,0
93.213,0
93.214,0
93.215,0
93.216,0
93.217,0
93.218,0
93.219,0
93.223,0
93.224,0
93.225,0
93.226,0
93.229,0
93.23,0
93.231,0
93.232,0
93.233,0
93.234,0
93.235,0
93.236,0
93.237,0
93.24,0
93.241,0
93.246,0
93.247,0
93.248,0
93.252,0
93.253,0
93.257,0
93.258,0
93.259,0
93.26,0
93.262,0
93.263,0
93.268,0
93.269,0
93.273,0
93.274,0
93.275,0
93.276,0
93.278,0
93.279,0
93.285,0
93.286,0
93.287,0
93.288,0
93.289,0
93.29,0
93.291,0
93.292,0
93.295,0
93.296,0
93.297,0
93.298,0
93.299,0
93.3,0
93.301,0
93.306,0
93.307,0
93.308,0
93.309,0
93.31,0
93.311,0
93.312,0
93.317,0
93.318,0
93.319,0
93.32,0
93.321,0
93.322,0
93.323,0
93.324,0
93.328,0
93.329,0
93.33,0
93.331,0
93.332,0
93.333,0
93.334,0
93.335,0
93.336,0
93.339,0
93.34,0
93.341,0
93.342,0
93.343,0
93.345,0
93.346,0
93.35,0
93.351,0
93.352,0
93.353,0
93.354,0
93.355,0
93.356,0
93.362,0
93.363,0
93.364,0
93.365,0
93.366,0
93.367,0
93.368,0
93.369,0
93.37,0
93.371,0
93.372,0
93.373,0
93.374,0
93.375,0
93.377,0
93.378,0
93.379,0
93.383,0
93.384,0
93.385,0
93.386,0
93.387,0
93.389,0
93.39,0
93.395,0
93.396,0
93.397,0
93.398,0
93.399,0
93.4,0
93.401,0
93.402,0
93.403,0
93.404,0
93.405,0
93.406,0
93.407,0
93.408,0
93.409,0
93.41,0
93.411,0
93.422,0
93.423,0
93.424,0
93.425,0
93.426,0
93.427,0
93.428,0
93.434,0
93.435,0
93.436,0
93.437,0
93.438,0
93.439,0
93.44,0
93.441,0
93.442,0
93.443,0
93.445,0
93.446,0
93.447,0
93.448,0
93.449,0
93.45,0
93.451,0
93.452,0
93.455,0
93.456,0
93.457,0
93.46,0
93.461,0
93.467,0
93.468,0
93.469,0
93.47,0
93.471,0
93.472,0
93.473,0
93.474,0
93.475,0
93.476,0
93.477,0
93.478,0
93.479,0
93.48,0
93.481,0
93.482,0
93.483,0
93.484,0
93.489,0
93.49,0
93.491,0
93.492,0
93.493,0
93.5,0
93.501,0
93.502,0
93.503,0
93.504,0
93.505,0
93.507,0
93.508,0
93.509,0
93.51,0
93.511,0
93.512,0
93.513,0
93.514,0
93.515,0
93.516,0
93.517,0
93.52,0
93.521,0
93.526,0
93.527,0
93.528,0
93.529,0
93.53,0
93.531,0
93.532,0
93.533,0
93.534,0
93.535,0
93.536,0
93.538,0
93.539,0
93.54,0
93.541,0
93.542,0
93.543,0
93.544,0
93.545,0
93.546,0
93.548,0
93.549,0
93.55,0
93.551,0
93.553,0
93.554,0
93.555,0
93.559,0
93.56,0
93.561,0
93.562,0
93.563,0
93.564,0
93.565,0
93.566,0
93.567,0
93.568,0
93.57,0
93.571,0
93.572,0
93.573,0
93.574,0
93.575,0
93.576,0
93.577,0
93.578,0
93.579,0
93.581,0
93.582,0
93.583,0
93.584,0
93.585,0
93.586,0
93.587,0
93.588,0
93.593,0
93.594,0
93.595,0
93.596,0
93.597,0
93.598,0
93.599,0
93.6,0
93.601,0
93.602,0
93.604,0
93.605,0
93.606,0
93.607,0
93.608,0
93.609,0
93.614,0
93.615,0
93.616,0
93.618,0
93.62,0
93.621,0
93.623,0
93.625,0
93.626,0
93.627,0
93.628,0
93.63,0
93.632,0
93.633,0
93.649,0
93.65,0
93.654,0
93.655,0
93.917,0
94.417,0
94.418,0
94.419,0
94.434,0
94.435,0
94.436,0
94.649,0
94.65,0
95.65,0
95.663,0
95.664,0
95.665,0
95.679,0
95.68,0
95.684,0
95.686,0
95.693,0
95.699,0
95.704,0
95.71,0
95.711,0
95.716,0
95.721,0
95.727,0
95.732,0
95.733,0
95.738,0
95.744,0
95.748,0
95.754,0
95.76,0
95.766,0
95.767,0
95.77,0
95.776,0
95.782,0
95.783,0
95.787,0
95.792,0
95.798,0
95.803,0
95.809,0
95.814,0
95.82,0
95.825,0
95.83,0
95.836,0
95.848,0
95.849,0
95.85,0
95.859,0
95.864,0
95.865,0
95.869,0
95.874,0
95.88,0
95.887,0
95.888,0
95.889,0
95.896,0
95.902,0
95.904,0
95.908,0
95.914,0
95.915,0
95.92,0
95.925,0
95.93,0
95.931,0
95.935,0
95.94,0
95.945,0
95.951,0
95.957,0
95.958,0
95.962,0
95.967,0
95.972,0
95.978,0
95.983,0
95.984,0
95.989,0
95.994,0
95.995,0
95.999,0
96.004,0
96.015,0
96.021,0
96.026,0
96.039,0
96.04,0
96.041,0
96.054,0
96.06,0
96.061,0
96.062,0
96.07,0
96.076,0
96.077,0
96.082,0
96.086,0
96.092,0
96.093,0
96.098,0
96.103,0
96.108,0
96.109,0
96.113,0
96.119,0
96.125,0
96.131,0
96.132,0
96.135,0
96.141,0
96.147,0
96.148,0
96.152,0
96.158,0
96.164,0
96.17,0
96.172,0
96.176,0
96.182,0
96.188,0
96.194,0
96.198,0
96.204,0
96.209,0
96.222,0
96.223,0
96.224,0
96.236,0
96.248,0
96.249,0
96.25,0
96.251,0
96.262,0
96.268,0
96.269,0
96.276,0
96.283,0
96.289,0
96.291,0
96.292,0
96.298,0
96.304,0
96.317,0
96.318,0
96.319,0
96.321,0
96.332,0
96.334,0
96.338,0
96.34,0
96.347,0
96.353,0
96.355,0
96.358,0
96.364,0
96.366,0
96.37,0
96.376,0
96.378,0
96.382,0
96.388,0
96.392,0
96.398,0
96.4,0
96.404,0
96.41,0
96.414,0
96.42,0
96.422,0
96.425,0
96.432,0
96.441,0
96.443,0
96.444,0
96.447,0
96.456,0
96.462,0
96.463,0
96.464,0
96.471,0
96.477,0
96.478,0
96.484,0
96.485,0
96.493,0
96.499,0
96.5,0
96.504,0
96.505,0
96.514,0
96.52,0
96.521,0
96.525,0
96.526,0
96.535,0
96.541,0
96.543,0
96.546,0
96.547,0
96.556,0
96.562,0
96.564,0
96.568,0
96.569,0
96.578,0
96.585,0
96.586,0
96.587,0
96.593,0
96.6,0
96.606,0
96.608,0
96.613,0
96.614,0
96.627,0
96.628,0
96.629,0
96.633,0
96.642,0
96.648,0
96.649,0
96.653,0
96.659,0
96.664,0
96.665,0
96.669,0
96.674,0
96.681,0
96.682,0
96.687,0
96.688,0
96.696,0
96.698,0
96.702,0
96.704,0
96.718,0
96.719,0
96.722,0
96.724,0
96.734,0
96.736,0
96.737,0
96.74,0
96.75,0
96.752,0
96.753,0
96.755,0
96.765,0
96.766,0
96.771,0
96.772,0
96.779,0
96.78,0
96.785,0
96.786,0
96.794,0
96.795,0
96.8,0
96.801,0
96.809,0
96.81,0
96.815,0
96.816,0
96.824,0
96.825,0
96.837,0
96.838,0
96.839,0
96.842,0
96.853,0
96.859,0
96.86,0
96.861,0
96.868,0
96.874,0
96.877,0
96.881,0
96.882,0
96.89,0
96.896,0
96.898,0
96.899,0
96.905,0
96.918,0
96.924,0
96.925,0
96.928,0
96.934,0
96.939,0
96.94,0
96.946,0
96.947,0
96.956,0
96.962,0
96.963,0
96.964,0
96.973,0
96.977,0
96.979,0
96.983,0
96.989,0
96.995,0
96.997,0
97.001,0
97.002,0
97.01,0
97.016,0
97.022,0
97.023,0
97.027,0
97.032,0
97.037,0
97.043,0
97.049,0
97.05,0
97.054,0
97.06,0
97.066,0
97.071,0
97.077,0
97.078,0
97.082,0
97.087,0
97.092,0
97.098,0
97.104,0
97.105,0
97.11,0
97.114,0
97.12,0
97.122,0
97.126,0
97.132,0
97.136,0
97.138,0
97.142,0
97.148,0
97.154,0
97.159,0
97.16,0
97.164,0
97.17,0
97.176,0
97.181,0
97.187,0
97.188,0
97.192,0
97.198,0
97.202,0
97.215,0
97.216,0
97.217,0
97.219,0
97.23,0
97.231,0
97.237,0
97.238,0
97.246,0
97.253,0
97.254,0
97.259,0
97.265,0
97.267,0
97.27,0
97.276,0
97.278,0
97.282,0
97.288,0
97.29,0
97.294,0
97.299,0
97.305,0
97.317,0
97.318,0
97.319,0
97.321,0
97.332,0
97.334,0
97.338,0
97.34,0
97.347,0
97.353,0
97.354,0
97.358,0
97.364,0
97.369,0
97.375,0
97.376,0
97.38,0
97.386,0
97.387,0
97.391,0
97.397,0
97.398,0
97.402,0
97.408,0
97.409,0
97.413,0
97.414,0
97.423,0
97.424,0
97.425,0
97.428,0
97.439,0
97.44,0
97.445,0
97.446,0
97.456,0
97.457,0
97.461,0
97.466,0
97.472,0
97.478,0
97.479,0
97.482,0
97.488,0
97.494,0
97.495,0
97.5,0
97.501,0
97.51,0
97.511,0
97.515,0
97.516,0
97.526,0
97.532,0
97.533,0
97.534,0
97.542,0
97.548,0
97.549,0
97.553,0
97.558,0
97.564,0
97.57,0
97.572,0
97.576,0
97.577,0
97.585,0
97.591,0
97.593,0
97.597,0
97.598,0
97.606,0
97.612,0
97.614,0
97.618,0
97.619,0
97.628,0
97.635,0
97.636,0
97.639,0
97.644,0
97.65,0
97.651,0
97.656,0
97.662,0
97.666,0
97.668,0
97.672,0
97.678,0
97.685,0
97.686,0
97.69,0
97.694,0
97.7,0
97.707,0
97.708,0
97.711,0
97.722,0
97.728,0
97.729,0
97.73,0
97.738,0
97.744,0
97.75,0
97.751,0
97.754,0
97.76,0
97.766,0
97.767,0
97.771,0
97.777,0
97.781,0
97.787,0
97.789,0
97.793,0
97.798,0
97.804,0
97.81,0
97.813,0
97.816,0
97.821,0
97.827,0
97.832,0
97.837,0
97.844,0
97.845,0
97.848,0
97.854,0
97.859,0
97.861,0
97.864,0
97.87,0
97.876,0
97.882,0
97.883,0
97.886,0
97.891,0
97.897,0
97.898,0
97.903,0
97.908,0
97.914,0
97.915,0
97.92,0
97.925,0
97.93,0
97.931,0
97.935,0
97.94,0
97.945,0
97.951,0
97.956,0
97.962,0
97.963,0
97.967,0
97.973,0
97.979,0
97.98,0
97.988,0
97.994,0
97.995,0
97.996,0
98.003,0
98.009,0
98.011,0
98.015,0
98.02,0
98.026,0
98.033,0
98.038,0
98.039,0
98.048,0
98.049,0
98.054,0
98.06,0
98.061,0
98.066,0
98.07,0
98.076,0
98.078,0
98.082,0
98.088,0
98.092,0
98.098,0
98.1,0
98.104,0
98.116,0
98.117,0
98.12,0
98.126,0
98.131,0
98.132,0
98.137,0
98.139,0
98.146,0
98.152,0
98.154,0
98.158,0
98.164,0
98.168,0
98.175,0
98.177,0
98.179,0
98.184,0
98.19,0
98.196,0
98.198,0
98.202,0
98.208,0
98.212,0
98.218,0
98.22,0
98.224,0
98.229,0
98.235,0
98.241,0
98.242,0
98.245,0
98.251,0
98.257,0
98.258,0
98.263,0
98.268,0
98.274,0
98.275,0
98.278,0
98.284,0
98.289,0
98.29,0
98.296,0
98.297,0
98.304,0
98.31,0
98.311,0
98.312,0
98.319,0
98.325,0
98.327,0
98.331,0
98.332,0
98.34,0
98.346,0
98.348,0
98.349,0
98.355,0
98.361,0
98.367,0
98.368,0
98.373,0
98.374,0
98.384,0
98.385,0
98.389,0
98.394,0
98.4,0
98.406,0
98.407,0
98.41,0
98.416,0
98.422,0
98.423,0
98.424,0
98.432,0
98.444,0
98.445,0
98.456,0
98.457,0
98.461,0
98.462,0
98.472,0
98.473,0
98.477,0
98.478,0
98.488,0
98.489,0
98.493,0
98.494,0
98.504,0
98.505,0
98.509,0
98.51,0
98.52,0
98.521,0
98.524,0
98.525,0
98.536,0
98.537,0
98.541,0
98.542,0
98.552,0
98.553,0
98.557,0
98.558,0
98.567,0
98.568,0
98.573,0
98.574,0
98.582,0
98.583,0
98.588,0
98.589,0
98.596,0
98.597,0
98.603,0
98.604,0
98.616,0
98.617,0
98.618,0
98.619,0
98.632,0
98.633,0
98.637,0
98.639,0
98.649,0
98.65,0
98.654,0
98.656,0
98.665,0
98.666,0
98.67,0
98.671,0
98.68,0
98.682,0
98.686,0
98.687,0
98.697,0
98.698,0
98.703,0
98.704,0
98.713,0
98.715,0
98.718,0
98.719,0
98.729,0
98.73,0
98.734,0
98.735,0
98.744,0
98.745,0
98.75,0
98.751,0
98.76,0
98.761,0
98.766,0
98.767,0
98.777,0
98.778,0
98.782,0
98.794,0
98.795,0
98.796,0
98.8,0
98.817,0
98.819,0
98.821,0
98.823,0
98.835,0
98.836,0
98.841,0
98.842,0
98.853,0
98.855,0
98.857,0
98.858,0
98.87,0
98.871,0
98.876,0
98.877,0
98.886,0
98.888,0
98.892,0
98.893,0
98.903,0
98.904,0
98.908,0
98.909,0
98.918,0
98.92,0
98.924,0
98.926,0
98.936,0
98.937,0
98.942,0
98.943,0
98.952,0
98.953,0
98.958,0
98.959,0
98.969,0
98.97,0
98.974,0
98.986,0
98.987,0
98.988,0
98.992,0
99.003,0
99.004,0
99.005,0
99.007,0
99.018,0
99.019,0
99.027,0
99.028,0
99.04,0
99.041,0
99.042,0
99.043,0
99.056,0
99.057,0
99.062,0
99.063,0
99.072,0
99.073,0
99.078,0
99.079,0
99.089,0
99.09,0
99.094,0
99.106,0
99.107,0
99.112,0
99.122,0
99.124,0
99.125,0
99.127,0
99.138,0
99.139,0
99.144,0
99.145,0
99.154,0
99.155,0
99.16,0
99.161,0
99.17,0
99.171,0
99.176,0
99.177,0
99.186,0
99.187,0
99.191,0
99.193,0
99.202,0
99.203,0
99.208,0
99.209,0
99.223,0
99.224,0
99.234,0
99.235,0
99.245,0
99.246,0
99.25,0
99.251,0
99.26,0
99.266,0
99.272,0
99.273,0
99.277,0
99.283,0
99.289,0
99.295,0
99.3,0
99.306,0
99.307,0
99.31,0
99.316,0
99.322,0
99.323,0
99.327,0
99.332,0
99.338,0
99.343,0
99.349,0
99.355,0
99.356,0
99.359,0
99.365,0
99.371,0
99.372,0
99.377,0
99.381,0
99.387,0
99.388,0
99.393,0
99.399,0
99.404,0
99.406,0
99.411,0
99.415,0
99.421,0
99.426,0
99.432,0
99.433,0
99.437,0
99.442,0
99.448,0
99.454,0
99.455,0
99.458,0
99.464,0
99.47,0
99.471,0
99.476,0
99.477,0
99.486,0
99.487,0
99.492,0
99.493,0
99.502,0
99.503,0
99.508,0
99.509,0
99.518,0
99.519,0
99.524,0
99.529,0
99.535,0
99.536,0
99.54,0
99.546,0
99.548,0
99.552,0
99.557,0
99.563,0
99.569,0
99.57,0
99.574,0
99.58,0
99.584,0
99.59,0
99.592,0
99.596,0
99.601,0
99.607,0
99.613,0
99.614,0
99.618,0
99.624,0
99.628,0
99.634,0
99.64,0
99.641,0
99.646,0
99.65,0
99.656,0
99.657,0
99.661,0
99.667,0
99.672,0
99.678,0
99.679,0
99.68,0
99.687,0
99.693,0
99.694,0
99.699,0
99.704,0
99.705,0
99.709,0
99.714,0
99.725,0
99.726,0
99.727,0
99.731,0
99.739,0
99.746,0
99.747,0
99.756,0
99.762,0
99.763,0
99.764,0
99.771,0
99.777,0
99.784,0
99.785,0
99.786,0
99.793,0
99.799,0
99.8,0
99.805,0
99.811,0
99.812,0
99.816,0
99.822,0
99.827,0
99.833,0
99.835,0
99.838,0
99.839,0
99.848,0
99.854,0
99.856,0
99.86,0
99.861,0
99.87,0
99.877,0
99.88,0
99.883,0
99.886,0
99.894,0
99.901,0
99.903,0
99.905,0
99.91,0
99.917,0
99.924,0
99.925,0
99.928,0
99.933,0
99.939,0
99.94,0
99.945,0
99.946,0
99.954,0
99.96,0
99.962,0
99.963,0
99.969,0
99.975,0
99.981,0
99.983,0
99.986,0
99.987,0
99.996,0
100.002,0
100.004,0
100.008,0
100.009,0
100.018,0
100.031,0
100.032,0
100.033,0
100.039,0
100.046,0
100.047,0
100.049,0
100.053,0
100.061,0
100.067,0
100.068,0
100.069,0
100.071,0
100.072,0
100.076,0
100.078,0
100.082,0
100.084,0
100.089,0
100.09,0
100.091,0
100.092,0
100.093,0
100.095,0
100.096,0
100.097,0
100.099,0
100.1,0
100.101,0
100.102,0
100.104,0
100.105,0
100.106,0
100.11,0
100.111,0
100.114,0
100.115,0
100.116,0
100.117,0
100.12,0
100.121,0
100.122,0
100.123,0
100.124,0
100.126,0
100.127,0
100.128,0
100.129,0
100.131,0
100.132,0
100.133,0
100.134,0
100.136,0
100.137,0
100.138,0
100.142,0
100.143,0
100.144,0
100.145,0
100.146,0
100.148,0
100.149,0
100.15,0
100.151,0
100.153,0
100.154,0
100.155,0
100.158,0
100.159,0
100.16,0
100.161,0
100.164,0
100.165,0
100.166,0
100.169,0
100.17,0
100.171,0
100.172,0
100.173,0
100.175,0
100.176,0
100.177,0
100.18,0
100.181,0
100.182,0
100.183,0
100.187,0
100.188,0
100.189,0
100.19,0
100.191,0
100.192,0
100.193,0
100.194,0
100.195,0
100.196,0
100.197,0
100.198,0
100.202,0
100.203,0
100.204,0
100.205,0
100.208,0
100.209,0
100.211,0
100.213,0
100.214,0
100.216,0
100.22,0
100.221,0
100.222,0
100.223,0
100.224,0
100.225,0
100.226,0
100.23,0
100.231,0
100.232,0
100.233,0
100.236,0
100.237,0
100.238,0
100.239,0
100.241,0
100.245,0
100.247,0
100.248,0
100.249,0
100.25,0
100.251,0
100.252,0
100.253,0
100.254,0
100.255,0
100.256,0
100.257,0
100.258,0
100.264,0
100.265,0
100.266,0
100.267,0
100.268,0
100.269,0
100.27,0
100.271,0
100.274,0
100.275,0
100.276,0
100.277,0
100.278,0
100.279,0
100.28,0
100.285,0
100.286,0
100.287,0
100.288,0
100.289,0
100.29,0
100.291,0
100.292,0
100.296,0
100.297,0
100.298,0
100.299,0
100.3,0
100.301,0
100.302,0
100.303,0
100.304,0
100.305,0
100.306,0
100.307,0
100.308,0
100.309,0
100.31,0
100.311,0
100.312,0
100.313,0
100.314,0
100.315,0
100.316,0
100.319,0
100.32,0
100.321,0
100.324,0
100.325,0
100.326,0
100.33,0
100.331,0
100.332,0
100.333,0
100.334,0
100.335,0
100.336,0
100.337,0
100.338,0
100.34,0
100.341,0
100.342,0
100.343,0
100.344,0
100.345,0
100.346,0
100.347,0
100.348,0
100.349,0
100.351,0
100.352,0
100.353,0
100.356,0
100.357,0
100.358,0
100.359,0
100.363,0
100.364,0
100.365,0
100.366,0
100.367,0
100.368,0
100.369,0
100.37,0
100.371,0
100.372,0
100.373,0
100.374,0
100.375,0
100.376,0
100.377,0
100.378,0
100.379,0
100.38,0
100.384,0
100.385,0
100.386,0
100.387,0
100.388,0
100.389,0
100.39,0
100.391,0
100.392,0
100.395,0
100.396,0
100.397,0
100.398,0
100.399,0
100.4,0
100.401,0
100.402,0
100.403,0
100.404,0
100.407,0
100.408,0
100.41,0
100.411,0
100.412,0
100.413,0
100.414,0
100.415,0
100.417,0
100.418,0
100.419,0
100.42,0
100.421,0
100.422,0
100.423,0
100.424,0
100.436,0
100.437,0
100.438,0
100.44,0
100.441,0
100.442,0
100.443,0
100.445,0
100.446,0
100.447,0
100.448,0
100.449,0
100.45,0
100.452,0
100.453,0
100.454,0
100.455,0
100.456,0
100.458,0
100.459,0
100.46,0
100.461,0
100.463,0
100.464,0
100.465,0
100.466,0
100.467,0
100.469,0
100.47,0
100.472,0
100.473,0
100.474,0
100.475,0
100.476,0
100.477,0
100.478,0
100.479,0
100.48,0
100.481,0
100.482,0
100.483,0
100.484,0
100.485,0
100.486,0
100.487,0
100.488,0
100.489,0
100.49,0
100.491,0
100.492,0
100.493,0
100.494,0
100.495,0
100.496,0
100.497,0
100.498,0
100.499,0
100.5,0
100.502,0
100.503,0
100.504,0
100.506,0
100.507,0
100.512,0
100.513,0
100.514,0
100.519,0
100.52,0
100.521,0
100.522,0
100.523,0
100.524,0
100.525,0
100.526,0
100.527,0
100.528,0
100.529,0
100.53,0
100.531,0
100.532,0
100.533,0
100.534,0
100.535,0
100.536,0
100.537,0
100.538,0
100.539,0
100.54,0
100.541,0
100.542,0
100.543,0
100.544,0
100.545,0
100.546,0
100.547,0
100.552,0
100.553,0
100.554,0
100.555,0
100.556,0
100.557,0
100.558,0
100.559,0
100.56,0
100.561,0
100.562,0
100.563,0
100.564,0
100.565,0
100.566,0
100.567,0
100.568,0
100.569,0
100.57,0
100.571,0
100.572,0
100.573,0
100.574,0
100.575,0
100.576,0
100.577,0
100.578,0
100.579,0
100.58,0
100.585,0
100.586,0
100.587,0
100.588,0
100.589,0
100.59,0
100.591,0
100.592,0
100.593,0
100.594,0
100.595,0
100.596,0
100.597,0
100.598,0
100.599,0
100.6,0
100.601,0
100.602,0
100.603,0
100.604,0
100.605,0
100.606,0
100.607,0
100.608,0
100.609,0
100.61,0
100.611,0
100.612,0
100.613,0
100.624,0
100.625,0
100.626,0
100.627,0
100.628,0
100.629,0
100.63,0
100.631,0
100.632,0
100.633,0
100.634,0
100.635,0
100.636,0
100.637,0
100.638,0
100.639,0
100.64,0
100.641,0
100.642,0
100.643,0
100.644,0
100.645,0
100.646,0
100.647,0
100.648,0
100.649,0
100.65,0
100.651,0
100.652,0
100.653,0
100.657,0
100.658,0
100.659,0
100.66,0
100.661,0
100.662,0
100.663,0
100.664,0
100.665,0
100.666,0
100.667,0
100.668,0
100.669,0
100.67,0
100.671,0
100.672,0
100.673,0
100.674,0
100.675,0
100.676,0
100.677,0
100.678,0
100.679,0
100.68,0
100.681,0
100.682,0
100.683,0
100.684,0
100.685,0
100.686,0
100.687,0
100.689,0
100.69,0
100.691,0
100.692,0
100.693,0
100.694,0
100.695,0
100.696,0
100.697,0
100.698,0
100.699,0
100.701,0
100.702,0
100.703,0
100.704,0
100.705,0
100.706,0
100.707,0
100.708,0
100.709,0
100.71,0
100.711,0
100.712,0
100.714,0
100.715,0
100.717,0
100.718,0
100.719,0
100.72,0
100.721,0
100.722,0
100.723,0
100.724,0
100.725,0
100.726,0
100.727,0
100.728,0
100.729,0
100.73,0
100.731,0
100.732,0
100.733,0
100.734,0
100.735,0
100.736,0
100.737,0
100.738,0
100.739,0
100.74,0
100.741,0
100.742,0
100.743,0
100.745,0
100.746,0
100.747,0
100.748,0
100.749,0
100.75,0
100.751,0
100.752,0
100.753,0
100.754,0
100.755,0
100.756,0
100.757,0
100.758,0
100.759,0
100.76,0
100.761,0
100.762,0
100.763,0
100.764,0
100.765,0
100.766,0
100.767,0
100.768,0
100.769,0
100.77,0
100.771,0
100.772,0
100.773,0
100.774,0
100.775,0
100.776,0
100.777,0
100.778,0
100.779,0
100.78,0
100.781,0
100.782,0
100.783,0
100.784,0
100.785,0
100.786,0
100.787,0
100.788,0
100.789,0
100.79,0
100.791,0
100.792,0
100.793,0
100.794,0
100.795,0
100.796,0
100.797,0
100.798,0
100.799,0
100.801,0
100.802,0
100.803,0
100.804,0
100.805,0
100.806,0
100.807,0
100.808,0
100.809,0
100.81,0
100.811,0
100.812,0
100.817,0
100.818,0
100.819,0
100.82,0
100.821,0
100.822,0
100.823,0
100.824,0
100.825,0
100.826,0
100.827,0
100.828,0
100.829,0
100.83,0
100.831,0
100.832,0
100.833,0
100.834,0
100.835,0
100.836,0
100.837,0
100.838,0
100.839,0
100.84,0
100.841,0
100.842,0
100.843,0
100.844,0
100.845,0
100.846,0
100.847,0
100.848,0
100.85,0
100.851,0
100.852,0
100.853,0
100.855,0
100.856,0
100.857,0
100.858,0
100.859,0
100.86,0
100.861,0
100.862,0
100.863,0
100.864,0
100.865,0
100.866,0
100.867,0
100.868,0
100.869,0
100.87,0
100.871,0
100.872,0
100.873,0
100.874,0
100.875,0
100.876,0
100.877,0
100.878,0
100.879,0
100.88,0
100.882,0
100.883,0
100.884,0
100.885,0
100.886,0
100.887,0
100.888,0
100.889,0
100.89,0
100.891,0
100.892,0
100.893,0
100.894,0
100.895,0
100.896,0
100.897,0
100.898,0
100.899,0
100.9,0
100.901,0
100.902,0
100.903,0
100.904,0
100.905,0
100.906,0
100.907,0
100.908,0
100.909,0
100.91,0
100.911,0
100.912,0
100.913,0
100.914,0
100.915,0
100.916,0
100.917,0
100.918,0
100.919,0
100.92,0
100.921,0
100.922,0
100.923,0
100.924,0
100.925,0
100.926,0
100.927,0
100.928,0
100.929,0
100.93,0
100.931,0
100.932,0
100.933,0
100.934,0
100.935,0
100.936,0
100.937,0
100.938,0
100.939,0
100.94,0
100.941,0
100.942,0
100.943,0
100.944,0
100.945,0
100.946,0
100.947,0
100.948,0
100.949,0
100.95,0
100.951,0
100.952,0
100.953,0
100.954,0
100.955,0
100.956,0
100.957,0
100.958,0
100.959,0
100.96,0
100.961,0
100.962,0
100.963,0
100.964,0
100.965,0
100.966,0
100.967,0
100.968,0
100.969,0
100.97,0
100.971,0
100.972,0
100.973,0
100.974,0
100.975,0
100.976,0
100.977,0
100.978,0
100.979,0
100.98,0
100.981,0
100.982,0
100.983,0
100.984,0
100.985,0
100.986,0
100.987,0
100.988,0
100.989,0
100.99,0
100.991,0
100.992,0
100.993,0
100.994,0
100.995,0
100.996,0
100.997,0
100.998,0
100.999,0
101,0
101.001,0
101.002,0
101.003,0
101.004,0
101.005,0
101.006,0
101.007,0
101.008,0
101.009,0
101.01,0
101.011,0
101.012,0
101.013,0
101.015,0
101.016,0
101.017,0
101.018,0
101.019,0
101.02,0
101.021,0
101.022,0
101.023,0
101.024,0
101.025,0
101.026,0
101.027,0
101.028,0
101.029,0
101.03,0
101.031,0
101.032,0
101.033,0
101.034,0
101.036,0
101.037,0
101.038,0
101.049,0
101.05,0
101.051,0
101.052,0
101.053,0
101.054,0
101.055,0
101.056,0
101.057,0
101.058,0
101.059,0
101.06,0
101.061,0
101.062,0
101.063,0
101.064,0
101.065,0
101.066,0
101.067,0
101.068,0
101.069,0
101.07,0
101.071,0
101.072,0
101.073,0
101.074,0
101.075,0
101.076,0
101.077,0
101.078,0
101.079,0
101.08,0
101.081,0
101.082,0
101.083,0
101.084,0
101.085,0
101.086,0
101.087,0
101.088,0
101.089,0
101.09,0
101.091,0
101.092,0
101.093,0
101.094,0
101.095,0
101.096,0
101.097,0
101.098,0
101.099,0
101.1,0
101.101,0
101.102,0
101.103,0
101.104,0
101.105,0
101.106,0
101.107,0
101.108,0
101.109,0
101.11,0
101.111,0
101.112,0
101.113,0
101.114,0
101.115,0
101.116,0
101.117,0
101.118,0
101.119,0
101.12,0
101.121,0
101.122,0
101.123,0
101.124,0
101.125,0
101.126,0
101.127,0
101.128,0
101.129,0
101.13,0
101.131,0
101.132,0
101.133,0
101.134,0
101.135,0
101.136,0
101.137,0
101.138,0
101.139,0
101.14,0
101.141,0
101.142,0
101.143,0
101.144,0
101.145,0
101.146,0
101.147,0
101.148,0
101.149,0
101.15,0
101.151,0
101.152,0
101.153,0
101.154,0
101.155,0
101.156,0
101.157,0
101.158,0
101.159,0
101.16,0
101.161,0
101.162,0
101.163,0
101.164,0
101.165,0
101.166,0
101.167,0
101.168,0
101.169,0
101.17,0
101.171,0
101.172,0
101.173,0
101.174,0
101.175,0
101.176,0
101.177,0
101.178,0
101.179,0
101.18,0
101.181,0
101.182,0
101.183,0
101.184,0
101.185,0
101.186,0
101.187,0
101.188,0
101.189,0
101.19,0
101.191,0
101.192,0
101.193,0
101.194,0
101.195,0
101.196,0
101.197,0
101.198,0
101.199,0
101.2,0
101.201,0
101.202,0
101.203,0
101.204,0
101.205,0
101.206,0
101.207,0
101.208,0
101.209,0
101.21,0
101.211,0
101.212,0
101.213,0
101.214,0
101.215,0
101.216,0
101.217,0
101.218,0
101.219,0
101.22,0
101.221,0
101.222,0
101.223,0
101.224,0
101.225,0
101.226,0
101.227,0
101.228,0
101.229,0
101.23,0
101.231,0
101.232,0
101.233,0
101.234,0
101.235,0
101.236,0
101.237,0
101.238,0
101.239,0
101.24,0
101.241,0
101.242,0
101.243,0
101.244,0
101.245,0
101.246,0
101.247,0
101.248,0
101.249,0
101.25,0
101.251,0
101.252,0
101.253,0
101.254,0
101.255,0
101.256,0
101.257,0
101.258,0
101.259,0
101.26,0
101.261,0
101.262,0
101.263,0
101.264,0
101.265,0
101.266,0
101.267,0
101.268,0
101.269,0
101.27,0
101.271,0
101.272,0
101.273,0
101.274,0
101.275,0
101.276,0
101.277,0
101.278,0
101.279,0
101.28,0
101.281,0
101.282,0
101.283,0
101.284,0
101.285,0
101.286,0
101.287,0
101.288,0
101.289,0
101.29,0
101.291,0
101.292,0
101.293,0
101.294,0
101.295,0
101.296,0
101.297,0
101.298,0
101.299,0
101.3,0
101.301,0
101.302,0
101.303,0
101.304,0
101.305,0
101.306,0
101.307,0
101.308,0
101.309,0
101.31,0
101.311,0
101.312,0
101.313,0
101.314,0
101.315,0
101.316,0
101.317,0
101.318,0
101.319,0
101.32,0
101.321,0
101.322,0
101.323,0
101.324,0
101.325,0
101.326,0
101.327,0
101.328,0
101.329,0
101.33,0
101.331,0
101.332,0
101.333,0
101.334,0
101.335,0
101.336,0
101.337,0
101.338,0
101.339,0
101.34,0
101.341,0
101.342,0
101.343,0
101.344,0
101.345,0
101.346,0
101.347,0
101.348,0
101.349,0
101.35,0
101.351,0
101.352,0
101.353,0
101.354,0
101.355,0
101.356,0
101.357,0
101.358,0
101.359,0
101.36,0
101.361,0
101.362,0
101.363,0
101.364,0
101.365,0
101.366,0
101.367,0
101.368,0
101.369,0
101.37,0
101.371,0
101.372,0
101.373,0
101.374,0
101.375,0
101.376,0
101.377,0
101.378,0
101.379,0
101.38,0
101.381,0
101.382,0
101.383,0
101.384,0
101.385,0
101.386,0
101.387,0
101.388,0
101.389,0
101.39,0
101.391,0
101.392,0
101.393,0
101.394,0
101.395,0
101.396,0
101.397,0
101.398,0
101.399,0
101.4,0
101.401,0
101.402,0
101.403,0
101.404,0
101.405,0
101.406,0
101.407,0
101.408,0
101.409,0
101.41,0
101.411,0
101.412,0
101.413,0
101.414,0
101.415,0
101.416,0
101.417,0
101.418,0
101.419,0
101.42,0
101.421,0
101.422,0
101.423,0
101.424,0
101.425,0
101.426,0
101.427,0
101.428,0
101.429,0
101.43,0
101.431,0
101.432,0
101.433,0
101.434,0
101.435,0
101.436,0
101.437,0
101.438,0
101.439,0
101.44,0
101.441,0
101.442,0
101.443,0
101.444,0
101.445,0
101.446,0
101.447,0
101.448,0
101.449,0
101.45,0
101.451,0
101.452,0
101.453,0
101.454,0
101.455,0
101.456,0
101.457,0
101.458,0
101.459,0
101.46,0
101.461,0
101.462,0
101.463,0
101.464,0
101.465,0
101.466,0
101.467,0
101.468,0
101.469,0
101.47,0
101.471,0
101.472,0
101.473,0
101.474,0
101.475,0
101.476,0
101.477,0
101.478,0
101.479,0
101.48,0
101.481,0
101.482,0
101.483,0
101.484,0
101.485,0
101.486,0
101.487,0
101.488,0
101.489,0
101.49,0
101.491,0
101.492,0
101.493,0
101.494,0
101.495,0
101.496,0
101.497,0
101.498,0
101.499,0
101.5,0
101.501,0
101.502,0
101.503,0
101.504,0
101.505,0
101.506,0
101.507,0
101.509,0
101.51,0
101.514,0
101.517,0
101.518,0
101.519,0
101.52,0
101.521,0
101.522,0
101.523,0
101.524,0
101.525,0
101.526,0
101.527,0
101.528,0
101.529,0
101.53,0
101.531,0
101.532,0
101.533,0
101.534,0
101.535,0
101.536,0
101.537,0
101.538,0
101.539,0
101.54,0
101.541,0
101.542,0
101.543,0
101.544,0
101.545,0
101.546,0
101.547,0
101.548,0
101.549,0
101.55,0
101.551,0
101.552,0
101.553,0
101.554,0
101.555,0
101.556,0
101.557,0
101.558,0
101.559,0
101.56,0
101.561,0
101.562,0
101.563,0
101.565,0
101.566,0
101.567,0
101.577,0
101.578,0
101.579,0
101.58,0
101.581,0
101.593,0
101.594,0
101.595,0
101.596,0
101.597,0
101.598,0
101.61,0
101.624,0
101.625,0
101.626,0
101.627,0
101.628,0
101.629,0
101.63,0
101.631,0
101.632,0
101.633,0
101.634,0
101.635,0
101.636,0
101.637,0
101.638,0
101.639,0
101.64,0
101.641,0
101.654,0
101.661,0
101.662,0
101.663,0
101.664,0
101.665,0
101.666,0
101.667,0
101.668,0
101.669,0
101.671,0
101.672,0
101.673,0
101.674,0
101.675,0
101.677,0
101.678,0
101.679,0
101.68,0
101.681,0
101.683,0
101.684,0
101.685,0
101.686,0
101.688,0
101.689,0
101.69,0
101.691,0
101.693,0
101.694,0
101.695,0
101.698,0
101.699,0
101.7,0
101.701,0
101.702,0
101.704,0
101.706,0
101.708,0
101.712,0
101.715,0
101.716,0
101.718,0
101.719,0
101.72,0
101.723,0
101.724,0
101.725,0
101.727,0
101.728,0
101.729,0
101.73,0
101.731,0
101.732,0
101.733,0
101.734,0
101.735,0
101.736,0
101.737,0
101.738,0
101.741,0
101.742,0
101.743,0
101.747,0
101.748,0
101.749,0
101.75,0
101.751,0
101.752,0
101.753,0
101.754,0
101.758,0
101.759,0
101.76,0
101.761,0
101.762,0
101.763,0
101.764,0
101.765,0
101.769,0
101.77,0
101.771,0
101.772,0
101.773,0
101.774,0
101.775,0
101.776,0
101.777,0
101.778,0
101.78,0
101.781,0
101.782,0
101.783,0
101.786,0
101.787,0
101.788,0
101.789,0
101.79,0
101.791,0
101.792,0
101.793,0
101.796,0
101.797,0
101.798,0
101.799,0
101.802,0
101.803,0
101.804,0
101.806,0
101.807,0
101.808,0
101.809,0
101.81,0
101.813,0
101.814,0
101.815,0
101.816,0
101.817,0
101.818,0
101.819,0
101.82,0
101.825,0
101.826,0
101.827,0
101.828,0
101.83,0
101.831,0
101.832,0
101.833,0
101.834,0
101.835,0
101.836,0
101.837,0
101.84,0
101.841,0
101.842,0
101.843,0
101.846,0
101.847,0
101.848,0
101.849,0
101.85,0
101.852,0
101.853,0
101.854,0
101.858,0
101.859,0
101.86,0
101.861,0
101.862,0
101.863,0
101.864,0
101.865,0
101.866,0
101.867,0
101.868,0
101.869,0
101.87,0
101.871,0
101.872,0
101.873,0
101.874,0
101.875,0
101.879,0
101.88,0
101.881,0
101.882,0
101.884,0
101.885,0
101.886,0
101.891,0
101.892,0
101.893,0
101.894,0
101.895,0
101.896,0
101.897,0
101.898,0
101.899,0
101.9,0
101.901,0
101.902,0
101.903,0
101.904,0
101.905,0
101.906,0
101.908,0
101.909,0
101.913,0
101.914,0
101.915,0
101.916,0
101.917,0
101.918,0
101.919,0
101.92,0
101.921,0
101.922,0
101.923,0
101.924,0
101.929,0
101.93,0
101.931,0
101.932,0
101.933,0
101.934,0
101.935,0
101.936,0
101.937,0
101.939,0
101.94,0
101.941,0
101.942,0
101.943,0
101.944,0
101.945,0
101.946,0
101.947,0
101.948,0
101.949,0
101.95,0
101.951,0
101.952,0
101.953,0
101.955,0
101.956,0
101.957,0
101.962,0
101.963,0
101.964,0
101.965,0
101.966,0
101.967,0
101.968,0
101.969,0
101.97,0
101.971,0
101.972,0
101.973,0
101.974,0
101.975,0
101.976,0
101.977,0
101.978,0
101.979,0
101.984,0
101.985,0
101.986,0
101.987,0
101.988,0
101.989,0
101.99,0
101.991,0
101.992,0
101.993,0
101.994,0
101.995,0
101.996,0
101.997,0
101.998,0
101.999,0
102,0
102.001,0
102.002,0
102.003,0
102.004,0
102.005,0
102.006,0
102.007,0
102.008,0
102.009,0
102.01,0
102.011,0
102.012,0
102.013,0
102.016,0
102.017,0
102.018,0
102.019,0
102.02,0
102.021,0
102.022,0
102.023,0
102.024,0
102.025,0
102.026,0
102.027,0
102.028,0
102.029,0
102.03,0
102.031,0
102.032,0
102.033,0
102.034,0
102.035,0
102.036,0
102.037,0
102.038,0
102.039,0
102.04,0
102.041,0
102.042,0
102.043,0
102.044,0
102.045,0
102.046,0
102.047,0
102.048,0
102.05,0
102.051,0
102.052,0
102.053,0
102.054,0
102.055,0
102.056,0
102.057,0
102.058,0
102.059,0
102.06,0
102.061,0
102.062,0
102.063,0
102.064,0
102.065,0
102.066,0
102.067,0
102.068,0
102.069,0
102.07,0
102.071,0
102.072,0
102.073,0
102.074,0
102.075,0
102.076,0
102.077,0
102.078,0
102.083,0
102.084,0
102.085,0
102.086,0
102.087,0
102.088,0
102.089,0
102.09,0
102.091,0
102.092,0
102.093,0
102.094,0
102.095,0
102.096,0
102.097,0
102.098,0
102.099,0
102.1,0
102.101,0
102.102,0
102.103,0
102.104,0
102.105,0
102.106,0
102.107,0
102.108,0
102.109,0
102.11,0
102.111,0
102.112,0
102.113,0
102.114,0
102.115,0
102.116,0
102.117,0
102.118,0
102.119,0
102.12,0
102.121,0
102.122,0
102.123,0
102.124,0
102.125,0
102.127,0
102.128,0
102.129,0
102.13,0
102.131,0
102.132,0
102.133,0
102.134,0
102.135,0
102.136,0
102.137,0
102.138,0
102.139,0
102.14,0
102.141,0
102.142,0
102.143,0
102.144,0
102.145,0
102.146,0
102.148,0
102.149,0
102.15,0
102.151,0
102.152,0
102.153,0
102.154,0
102.155,0
102.156,0
102.157,0
102.158,0
102.159,0
102.16,0
102.161,0
102.162,0
102.163,0
102.164,0
102.165,0
102.166,0
102.167,0
102.168,0
102.169,0
102.17,0
102.171,0
102.172,0
102.173,0
102.174,0
102.175,0
102.176,0
102.177,0
102.178,0
102.182,0
102.183,0
102.184,0
102.185,0
102.186,0
102.187,0
102.188,0
102.189,0
102.19,0
102.191,0
102.192,0
102.193,0
102.194,0
102.195,0
102.196,0
102.197,0
102.198,0
102.199,0
102.2,0
102.201,0
102.202,0
102.203,0
102.204,0
102.205,0
102.206,0
102.207,0
102.208,0
102.209,0
102.21,0
102.211,0
102.212,0
102.214,0
102.215,0
102.216,0
102.221,0
102.222,0
102.223,0
102.224,0
102.225,0
102.226,0
102.227,0
102.228,0
102.229,0
102.23,0
102.232,0
102.233,0
102.234,0
102.235,0
102.236,0
102.237,0
102.238,0
102.239,0
102.24,0
102.241,0
102.242,0
102.243,0
102.244,0
102.245,0
102.246,0
102.247,0
102.248,0
102.249,0
102.25,0
102.251,0
102.252,0
102.253,0
102.254,0
102.255,0
102.256,0
102.257,0
102.258,0
102.259,0
102.26,0
102.261,0
102.262,0
102.263,0
102.264,0
102.265,0
102.266,0
102.267,0
102.268,0
102.269,0
102.27,0
102.271,0
102.272,0
102.273,0
102.274,0
102.275,0
102.276,0
102.277,0
102.278,0
102.279,0
102.28,0
102.281,0
102.282,0
102.283,0
102.284,0
102.285,0
102.286,0
102.287,0
102.288,0
102.289,0
102.29,0
102.291,0
102.292,0
102.293,0
102.294,0
102.295,0
102.296,0
102.298,0
102.299,0
102.3,0
102.301,0
102.302,0
102.303,0
102.304,0
102.305,0
102.306,0
102.307,0
102.308,0
102.309,0
102.31,0
102.311,0
102.312,0
102.313,0
102.314,0
102.315,0
102.316,0
102.317,0
102.318,0
102.319,0
102.32,0
102.321,0
102.322,0
102.323,0
102.324,0
102.325,0
102.326,0
102.327,0
102.328,0
102.329,0
102.33,0
102.331,0
102.332,0
102.333,0
102.334,0
102.335,0
102.336,0
102.337,0
102.338,0
102.339,0
102.34,0
102.341,0
102.342,0
102.343,0
102.344,0
102.345,0
102.346,0
102.347,0
102.348,0
102.349,0
102.35,0
102.351,0
102.352,0
102.353,0
102.354,0
102.355,0
102.356,0
102.357,0
102.358,0
102.359,0
102.36,0
102.361,0
102.362,0
102.363,0
102.364,0
102.365,0
102.366,0
102.367,0
102.368,0
102.369,0
102.37,0
102.371,0
102.372,0
102.373,0
102.374,0
102.375,0
102.376,0
102.377,0
102.378,0
102.379,0
102.38,0
102.381,0
102.382,0
102.383,0
102.384,0
102.385,0
102.386,0
102.387,0
102.388,0
102.389,0
102.39,0
102.391,0
102.392,0
102.393,0
102.394,0
102.395,0
102.396,0
102.397,0
102.398,0
102.399,0
102.4,0
102.401,0
102.402,0
102.403,0
102.404,0
102.405,0
102.406,0
102.407,0
102.408,0
102.409,0
102.41,0
102.411,0
102.412,0
102.413,0
102.414,0
102.415,0
102.416,0
102.417,0
102.418,0
102.419,0
102.42,0
102.421,0
102.422,0
102.423,0
102.424,0
102.425,0
102.426,0
102.427,0
102.428,0
102.429,0
102.43,0
102.431,0
102.432,0
102.433,0
102.434,0
102.435,0
102.436,0
102.437,0
102.438,0
102.439,0
102.44,0
102.441,0
102.442,0
102.443,0
102.444,0
102.445,0
102.446,0
102.447,0
102.448,0
102.449,0
102.45,0
102.451,0
102.452,0
102.453,0
102.454,0
102.455,0
102.456,0
102.457,0
102.458,0
102.459,0
102.46,0
102.461,0
102.462,0
102.463,0
102.464,0
102.465,0
102.466,0
102.467,0
102.468,0
102.469,0
102.47,0
102.471,0
102.472,0
102.473,0
102.474,0
102.475,0
102.476,0
102.477,0
102.478,0
102.479,0
102.48,0
102.481,0
102.482,0
102.483,0
102.484,0
102.485,0
102.486,0
102.487,0
102.488,0
102.489,0
102.49,0
102.491,0
102.492,0
102.493,0
102.494,0
102.495,0
102.496,0
102.497,0
102.498,0
102.499,0
102.5,0
102.501,0
102.502,0
102.503,0
102.504,0
102.505,0
102.506,0
102.51,0
102.511,0
102.512,0
102.513,0
102.514,0
102.515,0
102.516,0
102.517,0
102.519,0
102.52,0
102.521,0
102.522,0
102.523,0
102.524,0
102.525,0
102.526,0
102.527,0
102.528,0
102.529,0
102.53,0
102.531,0
102.532,0
102.533,0
102.534,0
102.535,0
102.536,0
102.537,0
102.538,0
102.539,0
102.54,0
102.541,0
102.542,0
102.543,0
102.544,0
102.545,0
102.546,0
102.547,0
102.548,0
102.549,0
102.55,0
102.551,0
102.554,0
102.555,0
102.559,0
102.56,0
102.561,0
102.562,0
102.563,0
102.564,0
102.566,0
102.567,0
102.568,0
102.569,0
102.57,0
102.571,0
102.572,0
102.573,0
102.574,0
102.575,0
102.576,0
102.577,0
102.578,0
102.581,0
102.582,0
102.588,0
102.589,0
102.59,0
102.591,0
102.592,0
102.593,0
102.594,0
102.595,0
102.596,0
102.597,0
102.598,0
102.599,0
102.6,0
102.601,0
102.602,0
102.605,0
102.606,0
102.607,0
102.608,0
102.609,0
102.61,0
102.616,0
102.617,0
102.618,0
102.619,0
102.62,0
102.621,0
102.622,0
102.623,0
102.624,0
102.625,0
102.627,0
102.628,0
102.629,0
102.632,0
102.633,0
102.634,0
102.636,0
102.637,0
102.64,0
102.641,0
102.642,0
102.643,0
102.644,0
102.647,0
102.648,0
102.649,0
102.65,0
102.651,0
102.652,0
102.653,0
102.654,0
102.658,0
102.659,0
102.66,0
102.661,0
102.665,0
102.666,0
102.667,0
102.668,0
102.669,0
102.67,0
102.671,0
102.672,0
102.673,0
102.674,0
102.675,0
102.676,0
102.677,0
102.678,0
102.679,0
102.68,0
102.681,0
102.682,0
102.686,0
102.687,0
102.688,0
102.689,0
102.69,0
102.691,0
102.692,0
102.693,0
102.694,0
102.695,0
102.697,0
102.698,0
102.699,0
102.7,0
102.701,0
102.702,0
102.703,0
102.704,0
102.705,0
102.706,0
102.707,0
102.708,0
102.709,0
102.71,0
102.711,0
102.712,0
102.713,0
102.714,0
102.715,0
102.716,0
102.719,0
102.72,0
102.721,0
102.722,0
102.723,0
102.724,0
102.725,0
102.726,0
102.727,0
102.728,0
102.729,0
102.73,0
102.731,0
102.732,0
102.733,0
102.734,0
102.735,0
102.736,0
102.737,0
102.738,0
102.739,0
102.74,0
102.741,0
102.742,0
102.743,0
102.744,0
102.745,0
102.746,0
102.747,0
102.748,0
102.749,0
102.75,0
102.752,0
102.753,0
102.754,0
102.755,0
102.756,0
102.757,0
102.758,0
102.759,0
102.76,0
102.761,0
102.762,0
102.763,0
102.764,0
102.765,0
102.766,0
102.767,0
102.768,0
102.769,0
102.77,0
102.771,0
102.772,0
102.773,0
102.774,0
102.775,0
102.776,0
102.777,0
102.778,0
102.779,0
102.78,0
102.781,0
102.786,0
102.787,0
102.788,0
102.789,0
102.79,0
102.791,0
102.792,0
102.793,0
102.794,0
102.795,0
102.796,0
102.797,0
102.798,0
102.799,0
102.8,0
102.801,0
102.802,0
102.803,0
102.804,0
102.805,0
102.806,0
102.807,0
102.813,0
102.814,0
102.815,0
102.816,0
102.817,0
102.818,0
102.819,0
102.82,0
102.821,0
102.822,0
102.823,0
102.824,0
102.825,0
102.826,0
102.827,0
102.828,0
102.829,0
102.83,0
102.831,0
102.832,0
102.833,0
102.834,0
102.835,0
102.836,0
102.837,0
102.84,0
102.841,0
102.842,0
102.843,0
102.844,0
102.845,0
102.847,0
102.848,0
102.849,0
102.85,0
102.851,0
102.852,0
102.853,0
102.854,0
102.855,0
102.856,0
102.857,0
102.858,0
102.859,0
102.86,0
102.861,0
102.862,0
102.863,0
102.864,0
102.865,0
102.866,0
102.867,0
102.868,0
102.869,0
102.87,0
102.871,0
102.872,0
102.873,0
102.875,0
102.876,0
102.877,0
102.878,0
102.879,0
102.88,0
102.881,0
102.882,0
102.883,0
102.885,0
102.886,0
102.887,0
102.888,0
102.889,0
102.89,0
102.891,0
102.892,0
102.893,0
102.894,0
102.895,0
102.896,0
102.897,0
102.898,0
102.899,0
102.9,0
102.901,0
102.902,0
102.903,0
102.904,0
102.905,0
102.907,0
102.908,0
102.909,0
102.91,0
102.911,0
102.912,0
102.913,0
102.914,0
102.915,0
102.916,0
102.917,0
102.918,0
102.919,0
102.92,0
102.921,0
102.922,0
102.923,0
102.924,0
102.925,0
102.926,0
102.927,0
102.928,0
102.929,0
102.93,0
102.931,0
102.932,0
102.933,0
102.934,0
102.935,0
102.936,0
102.937,0
102.939,0
102.94,0
102.941,0
102.942,0
102.943,0
102.944,0
102.945,0
102.946,0
102.947,0
102.948,0
102.949,0
102.952,0
102.953,0
102.954,0
102.955,0
102.956,0
102.957,0
102.958,0
102.959,0
102.96,0
102.961,0
102.962,0
102.963,0
102.964,0
102.965,0
102.967,0
102.968,0
102.969,0
102.97,0
102.971,0
102.972,0
102.973,0
102.974,0
102.975,0
102.976,0
102.977,0
102.978,0
102.979,0
102.98,0
102.981,0
102.982,0
102.983,0
102.984,0
102.985,0
102.986,0
102.987,0
102.988,0
102.989,0
102.99,0
102.991,0
102.992,0
102.993,0
102.994,0
102.995,0
102.996,0
102.997,0
102.998,0
102.999,0
103,0
103.001,0
103.002,0
103.003,0
103.004,0
103.005,0
103.006,0
103.007,0
103.008,0
103.009,0
103.01,0
103.011,0
103.012,0
103.013,0
103.014,0
103.015,0
103.016,0
103.017,0
103.018,0
103.019,0
103.02,0
103.021,0
103.022,0
103.023,0
103.024,0
103.025,0
103.032,0
103.033,0
103.038,0
103.039,0
103.04,0
103.041,0
103.042,0
103.043,0
103.044,0
103.045,0
103.046,0
103.047,0
103.048,0
103.049,0
103.05,0
103.051,0
103.052,0
103.053,0
103.058,0
103.059,0
103.06,0
103.061,0
103.062,0
103.063,0
103.064,0
103.065,0
103.069,0
103.07,0
103.071,0
103.072,0
103.073,0
103.074,0
103.075,0
103.076,0
103.077,0
103.078,0
103.079,0
103.08,0
103.081,0
103.082,0
103.083,0
103.084,0
103.085,0
103.086,0
103.087,0
103.091,0
103.092,0
103.093,0
103.094,0
103.097,0
103.098,0
103.099,0
103.102,0
103.103,0
103.104,0
103.105,0
103.106,0
103.107,0
103.108,0
103.109,0
103.11,0
103.111,0
103.112,0
103.113,0
103.114,0
103.115,0
103.116,0
103.117,0
103.118,0
103.119,0
103.12,0
103.124,0
103.125,0
103.126,0
103.127,0
103.128,0
103.129,0
103.13,0
103.131,0
103.132,0
103.133,0
103.134,0
103.135,0
103.136,0
103.137,0
103.138,0
103.139,0
103.14,0
103.141,0
103.142,0
103.146,0
103.147,0
103.148,0
103.149,0
103.15,0
103.151,0
103.152,0
103.153,0
103.154,0
103.155,0
103.156,0
103.157,0
103.158,0
103.159,0
103.16,0
103.161,0
103.162,0
103.163,0
103.164,0
103.168,0
103.169,0
103.17,0
103.171,0
103.172,0
103.173,0
103.174,0
103.175,0
103.176,0
103.177,0
103.178,0
103.179,0
103.18,0
103.181,0
103.182,0
103.183,0
103.184,0
103.185,0
103.186,0
103.187,0
103.188,0
103.189,0
103.19,0
103.191,0
103.192,0
103.193,0
103.194,0
103.195,0
103.196,0
103.197,0
103.202,0
103.203,0
103.204,0
103.205,0
103.206,0
103.207,0
103.208,0
103.209,0
103.21,0
103.211,0
103.212,0
103.213,0
103.214,0
103.215,0
103.216,0
103.217,0
103.218,0
103.219,0
103.224,0
103.225,0
103.226,0
103.227,0
103.228,0
103.229,0
103.23,0
103.231,0
103.232,0
103.233,0
103.234,0
103.235,0
103.236,0
103.237,0
103.238,0
103.239,0
103.24,0
103.241,0
103.242,0
103.243,0
103.244,0
103.245,0
103.246,0
103.247,0
103.248,0
103.249,0
103.25,0
103.251,0
103.252,0
103.257,0
103.258,0
103.259,0
103.26,0
103.261,0
103.262,0
103.263,0
103.264,0
103.265,0
103.266,0
103.267,0
103.268,0
103.269,0
103.27,0
103.271,0
103.272,0
103.273,0
103.274,0
103.275,0
103.276,0
103.277,0
103.278,0
103.279,0
103.28,0
103.281,0
103.282,0
103.283,0
103.284,0
103.285,0
103.286,0
103.287,0
103.288,0
103.289,0
103.29,0
103.291,0
103.292,0
103.293,0
103.294,0
103.295,0
103.296,0
103.297,0
103.298,0
103.299,0
103.3,0
103.301,0
103.302,0
103.303,0
103.304,0
103.305,0
103.306,0
103.307,0
103.308,0
103.309,0
103.31,0
103.311,0
103.312,0
103.313,0
103.314,0
103.315,0
103.316,0
103.317,0
103.318,0
103.319,0
103.32,0
103.321,0
103.322,0
103.323,0
103.324,0
103.325,0
103.326,0
103.327,0
103.328,0
103.329,0
103.33,0
103.331,0
103.332,0
103.333,0
103.334,0
103.335,0
103.336,0
103.337,0
103.338,0
103.339,0
103.34,0
103.341,0
103.342,0
103.343,0
103.344,0
103.345,0
103.346,0
103.347,0
103.348,0
103.349,0
103.35,0
103.351,0
103.352,0
103.353,0
103.354,0
103.355,0
103.356,0
103.357,0
103.358,0
103.359,0
103.36,0
103.361,0
103.362,0
103.363,0
103.366,0
103.367,0
103.368,0
103.369,0
103.37,0
103.371,0
103.372,0
103.373,0
103.374,0
103.375,0
103.376,0
103.377,0
103.378,0
103.379,0
103.38,0
103.381,0
103.382,0
103.383,0
103.384,0
103.385,0
103.386,0
103.387,0
103.388,0
103.389,0
103.39,0
103.391,0
103.392,0
103.393,0
103.394,0
103.395,0
103.396,0
103.397,0
103.398,0
103.399,0
103.4,0
103.401,0
103.402,0
103.403,0
103.404,0
103.405,0
103.406,0
103.407,0
103.408,0
103.41,0
103.411,0
103.412,0
103.413,0
103.414,0
103.415,0
103.416,0
103.417,0
103.418,0
103.419,0
103.422,0
103.423,0
103.424,0
103.425,0
103.426,0
103.427,0
103.428,0
103.429,0
103.43,0
103.431,0
103.432,0
103.433,0
103.434,0
103.435,0
103.436,0
103.437,0
103.438,0
103.439,0
103.44,0
103.441,0
103.442,0
103.443,0
103.444,0
103.445,0
103.446,0
103.447,0
103.448,0
103.449,0
103.45,0
103.451,0
103.452,0
103.453,0
103.455,0
103.456,0
103.457,0
103.458,0
103.459,0
103.46,0
103.461,0
103.462,0
103.463,0
103.464,0
103.465,0
103.466,0
103.467,0
103.468,0
103.469,0
103.47,0
103.471,0
103.472,0
103.473,0
103.474,0
103.477,0
103.478,0
103.479,0
103.48,0
103.482,0
103.483,0
103.484,0
103.485,0
103.486,0
103.489,0
103.49,0
103.491,0
103.493,0
103.494,0
103.495,0
103.496,0
103.497,0
103.498,0
103.499,0
103.5,0
103.501,0
103.502,0
103.503,0
103.504,0
103.505,0
103.506,0
103.507,0
103.508,0
103.509,0
103.51,0
103.511,0
103.512,0
103.513,0
103.514,0
103.515,0
103.516,0
103.517,0
103.518,0
103.519,0
103.52,0
103.521,0
103.522,0
103.523,0
103.524,0
103.525,0
103.526,0
103.527,0
103.528,0
103.529,0
103.53,0
103.531,0
103.532,0
103.533,0
103.534,0
103.535,0
103.536,0
103.537,0
103.538,0
103.539,0
103.54,0
103.541,0
103.542,0
103.543,0
103.544,0
103.545,0
103.546,0
103.547,0
103.548,0
103.549,0
103.55,0
103.551,0
103.552,0
103.553,0
103.554,0
103.555,0
103.556,0
103.557,0
103.558,0
103.559,0
103.56,0
103.561,0
103.562,0
103.563,0
103.564,0
103.565,0
103.566,0
103.567,0
103.568,0
103.569,0
103.57,0
103.571,0
103.572,0
103.573,0
103.574,0
103.575,0
103.576,0
103.577,0
103.578,0
103.579,0
103.58,0
103.581,0
103.582,0
103.583,0
103.584,0
103.585,0
103.586,0
103.587,0
103.588,0
103.589,0
103.59,0
103.591,0
103.592,0
103.593,0
103.594,0
103.595,0
103.596,0
103.597,0
103.598,0
103.599,0
103.6,0
103.601,0
103.602,0
103.603,0
103.604,0
103.605,0
103.606,0
103.607,0
103.608,0
103.609,0
103.61,0
103.611,0
103.612,0
103.613,0
103.614,0
103.615,0
103.616,0
103.617,0
103.618,0
103.619,0
103.62,0
103.621,0
103.622,0
103.623,0
103.624,0
103.625,0
103.626,0
103.627,0
103.628,0
103.629,0
103.63,0
103.631,0
103.632,0
103.633,0
103.634,0
103.635,0
103.636,0
103.637,0
103.638,0
103.639,0
103.64,0
103.641,0
103.642,0
103.643,0
103.644,0
103.645,0
103.646,0
103.647,0
103.648,0
103.649,0
103.65,0
103.651,0
103.652,0
103.653,0
103.654,0
103.655,0
103.656,0
103.657,0
103.658,0
103.659,0
103.66,0
103.661,0
103.662,0
103.663,0
103.664,0
103.665,0
103.666,0
103.667,0
103.668,0
103.669,0
103.67,0
103.671,0
103.672,0
103.673,0
103.674,0
103.675,0
103.676,0
103.677,0
103.678,0
103.679,0
103.68,0
103.681,0
103.682,0
103.683,0
103.684,0
103.685,0
103.686,0
103.687,0
103.688,0
103.689,0
103.69,0
103.691,0
103.692,0
103.693,0
103.694,0
103.695,0
103.696,0
103.697,0
103.698,0
103.699,0
103.7,0
103.701,0
103.702,0
103.703,0
103.704,0
103.705,0
103.706,0
103.707,0
103.708,0
103.709,0
103.71,0
103.711,0
103.712,0
103.713,0
103.714,0
103.715,0
103.716,0
103.717,0
103.718,0
103.719,0
103.72,0
103.721,0
103.722,0
103.723,0
103.724,0
103.725,0
103.726,0
103.727,0
103.728,0
103.729,0
103.73,0
103.731,0
103.732,0
103.733,0
103.734,0
103.735,0
103.736,0
103.737,0
103.738,0
103.739,0
103.74,0
103.741,0
103.742,0
103.743,0
103.744,0
103.745,0
103.746,0
103.747,0
103.748,0
103.749,0
103.75,0
103.751,0
103.752,0
103.753,0
103.754,0
103.755,0
103.756,0
103.757,0
103.758,0
103.759,0
103.76,0
103.761,0
103.762,0
103.763,0
103.764,0
103.765,0
103.766,0
103.767,0
103.768,0
103.769,0
103.77,0
103.771,0
103.772,0
103.773,0
103.774,0
103.775,0
103.776,0
103.777,0
103.778,0
103.779,0
103.78,0
103.781,0
103.782,0
103.783,0
103.784,0
103.785,0
103.786,0
103.787,0
103.788,0
103.789,0
103.79,0
103.791,0
103.792,0
103.793,0
103.794,0
103.795,0
103.796,0
103.797,0
103.798,0
103.799,0
103.8,0
103.801,0
103.802,0
103.803,0
103.804,0
103.805,0
103.806,0
103.807,0
103.808,0
103.809,0
103.81,0
103.811,0
103.812,0
103.813,0
103.814,0
103.815,0
103.816,0
103.817,0
103.818,0
103.819,0
103.82,0
103.821,0
103.822,0
103.823,0
103.824,0
103.825,0
103.826,0
103.827,0
103.828,0
103.829,0
103.83,0
103.831,0
103.832,0
103.833,0
103.834,0
103.835,0
103.836,0
103.837,0
103.838,0
103.839,0
103.84,0
103.841,0
103.842,0
103.843,0
103.844,0
103.845,0
103.846,0
103.847,0
103.848,0
103.849,0
103.85,0
103.851,0
103.852,0
103.853,0
103.854,0
103.855,0
103.856,0
103.857,0
103.858,0
103.859,0
103.86,0
103.861,0
103.862,0
103.863,0
103.864,0
103.865,0
103.866,0
103.867,0
103.868,0
103.869,0
103.87,0
103.871,0
103.872,0
103.873,0
103.874,0
103.875,0
103.876,0
103.877,0
103.878,0
103.879,0
103.88,0
103.881,0
103.882,0
103.883,0
103.884,0
103.885,0
103.886,0
103.887,0
103.888,0
103.889,0
103.89,0
103.891,0
103.892,0
103.893,0
103.894,0
103.895,0
103.896,0
103.897,0
103.898,0
103.899,0
103.9,0
103.901,0
103.902,0
103.903,0
103.904,0
103.905,0
103.908,0
103.909,0
103.91,0
103.911,0
103.912,0
103.913,0
103.914,0
103.915,0
103.916,0
103.917,0
103.919,0
103.921,0
103.922,0
103.923,0
103.924,0
103.925,0
103.926,0
103.927,0
103.928,0
103.929,0
103.93,0
103.931,0
103.932,0
103.933,0
103.934,0
103.935,0
103.936,0
103.937,0
103.938,0
103.939,0
103.94,0
103.941,0
103.942,0
103.943,0
103.944,0
103.945,0
103.946,0
103.947,0
103.948,0
103.949,0
103.95,0
103.951,0
103.952,0
103.953,0
103.954,0
103.955,0
103.956,0
103.957,0
103.958,0
103.959,0
103.96,0
103.961,0
103.962,0
103.963,0
103.964,0
103.965,0
103.966,0
103.967,0
103.968,0
103.969,0
103.97,0
103.971,0
103.972,0
103.973,0
103.974,0
103.975,0
103.976,0
103.977,0
103.978,0
103.979,0
103.98,0
103.981,0
103.982,0
103.983,0
103.984,0
103.985,0
103.986,0
103.987,0
103.988,0
103.989,0
103.99,0
103.991,0
103.992,0
103.993,0
103.994,0
103.995,0
103.996,0
103.997,0
103.998,0
103.999,0
104,0
104.001,0
104.002,0
104.003,0
104.004,0
104.005,0
104.006,0
104.007,0
104.008,0
104.009,0
104.01,0
104.011,0
104.012,0
104.013,0
104.014,0
104.015,0
104.016,0
104.017,0
104.018,0
104.019,0
104.02,0
104.021,0
104.022,0
104.023,0
104.024,0
104.025,0
104.026,0
104.027,0
104.028,0
104.029,0
104.03,0
104.031,0
104.032,0
104.033,0
104.034,0
104.035,0
104.036,0
104.037,0
104.038,0
104.039,0
104.04,0
104.041,0
104.042,0
104.043,0
104.044,0
104.045,0
104.046,0
104.047,0
104.048,0
104.049,0
104.051,0
104.052,0
104.053,0
104.054,0
104.055,0
104.056,0
104.057,0
104.058,0
104.059,0
104.06,0
104.061,0
104.062,0
104.063,0
104.064,0
104.065,0
104.066,0
104.067,0
104.068,0
104.069,0
104.07,0
104.071,0
104.072,0
104.073,0
104.074,0
104.075,0
104.076,0
104.077,0
104.078,0
104.079,0
104.08,0
104.081,0
104.082,0
104.083,0
104.084,0
104.085,0
104.086,0
104.087,0
104.088,0
104.089,0
104.09,0
104.091,0
104.093,0
104.094,0
104.095,0
104.096,0
104.097,0
104.098,0
104.099,0
104.1,0
104.101,0
104.102,0
104.103,0
104.104,0
104.105,0
104.106,0
104.107,0
104.108,0
104.109,0
104.11,0
104.111,0
104.112,0
104.113,0
104.114,0
104.115,0
104.116,0
104.117,0
104.118,0
104.119,0
104.12,0
104.121,0
104.122,0
104.123,0
104.124,0
104.125,0
104.126,0
104.127,0
104.128,0
104.129,0
104.13,0
104.131,0
104.132,0
104.133,0
104.134,0
104.135,0
104.136,0
104.137,0
104.138,0
104.139,0
104.14,0
104.141,0
104.142,0
104.143,0
104.144,0
104.145,0
104.146,0
104.147,0
104.148,0
104.149,0
104.15,0
104.151,0
104.152,0
104.153,0
104.154,0
104.155,0
104.156,0
104.157,0
104.158,0
104.159,0
104.16,0
104.161,0
104.162,0
104.163,0
104.164,0
104.165,0
104.166,0
104.167,0
104.168,0
104.169,0
104.17,0
104.171,0
104.172,0
104.173,0
104.174,0
104.175,0
104.176,0
104.177,0
104.178,0
104.179,0
104.18,0
104.181,0
104.182,0
104.183,0
104.184,0
104.185,0
104.186,0
104.187,0
104.188,0
104.189,0
104.19,0
104.191,0
104.192,0
104.193,0
104.194,0
104.195,0
104.196,0
104.197,0
104.198,0
104.199,0
104.2,0
104.201,0
104.202,0
104.203,0
104.204,0
104.205,0
104.206,0
104.207,0
104.208,0
104.209,0
104.21,0
104.211,0
104.212,0
104.213,0
104.214,0
104.215,0
104.216,0
104.217,0
104.218,0
104.219,0
104.22,0
104.221,0
104.222,0
104.223,0
104.224,0
104.225,0
104.226,0
104.227,0
104.228,0
104.229,0
104.23,0
104.231,0
104.232,0
104.233,0
104.234,0
104.235,0
104.236,0
104.237,0
104.238,0
104.239,0
104.24,0
104.241,0
104.242,0
104.243,0
104.244,0
104.245,0
104.246,0
104.247,0
104.248,0
104.249,0
104.25,0
104.251,0
104.252,0
104.253,0
104.254,0
104.255,0
104.256,0
104.257,0
104.258,0
104.259,0
104.26,0
104.261,0
104.262,0
104.263,0
104.264,0
104.265,0
104.266,0
104.267,0
104.268,0
104.269,0
104.27,0
104.271,0
104.272,0
104.273,0
104.274,0
104.275,0
104.276,0
104.277,0
104.278,0
104.279,0
104.28,0
104.281,0
104.282,0
104.283,0
104.284,0
104.285,0
104.286,0
104.287,0
104.288,0
104.289,0
104.29,0
104.291,0
104.292,0
104.293,0
104.294,0
104.295,0
104.296,0
104.297,0
104.298,0
104.299,0
104.3,0
104.301,0
104.302,0
104.303,0
104.304,0
104.305,0
104.306,0
104.307,0
104.308,0
104.309,0
104.31,0
104.311,0
104.312,0
104.313,0
104.314,0
104.315,0
104.316,0
104.317,0
104.318,0
104.319,0
104.32,0
104.321,0
104.322,0
104.323,0
104.324,0
104.325,0
104.326,0
104.327,0
104.328,0
104.329,0
104.33,0
104.331,0
104.332,0
104.333,0
104.334,0
104.335,0
104.336,0
104.337,0
104.338,0
104.339,0
104.34,0
104.341,0
104.342,0
104.343,0
104.344,0
104.345,0
104.346,0
104.347,0
104.348,0
104.349,0
104.35,0
104.351,0
104.352,0
104.353,0
104.354,0
104.355,0
104.356,0
104.357,0
104.358,0
104.359,0
104.36,0
104.361,0
104.362,0
104.363,0
104.364,0
104.365,0
104.366,0
104.367,0
104.368,0
104.369,0
104.37,0
104.371,0
104.372,0
104.373,0
104.374,0
104.375,0
104.376,0
104.377,0
104.378,0
104.379,0
104.38,0
104.381,0
104.382,0
104.383,0
104.384,0
104.385,0
104.386,0
104.387,0
104.388,0
104.389,0
104.39,0
104.391,0
104.392,0
104.393,0
104.394,0
104.395,0
104.396,0
104.397,0
104.398,0
104.399,0
104.4,0
104.401,0
104.402,0
104.403,0
104.404,0
104.405,0
104.406,0
104.407,0
104.408,0
104.409,0
104.41,0
104.411,0
104.412,0
104.413,0
104.414,0
104.415,0
104.416,0
104.417,0
104.418,0
104.419,0
104.42,0
104.421,0
104.422,0
104.423,0
104.424,0
104.425,0
104.426,0
104.427,0
104.428,0
104.429,0
104.43,0
104.431,0
104.432,0
104.433,0
104.434,0
104.435,0
104.436,0
104.437,0
104.438,0
104.439,0
104.44,0
104.441,0
104.442,0
104.443,0
104.444,0
104.445,0
104.446,0
104.447,0
104.448,0
104.449,0
104.45,0
104.451,0
104.452,0
104.453,0
104.454,0
104.455,0
104.456,0
104.457,0
104.458,0
104.459,0
104.46,0
104.461,0
104.462,0
104.463,0
104.464,0
104.465,0
104.466,0
104.467,0
104.468,0
104.469,0
104.47,0
104.471,0
104.472,0
104.473,0
104.474,0
104.475,0
104.476,0
104.477,0
104.478,0
104.479,0
104.48,0
104.481,0
104.482,0
104.483,0
104.484,0
104.485,0
104.486,0
104.487,0
104.488,0
104.489,0
104.49,0
104.491,0
104.492,0
104.493,0
104.494,0
104.495,0
104.496,0
104.497,0
104.498,0
104.499,0
104.5,0
104.501,0
104.502,0
104.503,0
104.504,0
104.505,0
104.506,0
104.507,0
104.508,0
104.509,0
104.51,0
104.511,0
104.512,0
104.513,0
104.514,0
104.515,0
104.516,0
104.517,0
104.518,0
104.519,0
104.52,0
104.521,0
104.522,0
104.523,0
104.524,0
104.525,0
104.526,0
104.527,0
104.528,0
104.529,0
104.53,0
104.531,0
104.532,0
104.533,0
104.534,0
104.535,0
104.536,0
104.537,0
104.538,0
104.539,0
104.54,0
104.541,0
104.542,0
104.543,0
104.544,0
104.545,0
104.546,0
104.547,0
104.548,0
104.549,0
104.55,0
104.551,0
104.552,0
104.553,0
104.554,0
104.555,0
104.556,0
104.557,0
104.558,0
104.559,0
104.56,0
104.561,0
104.562,0
104.563,0
104.564,0
104.565,0
104.566,0
104.567,0
104.568,0
104.569,0
104.57,0
104.571,0
104.572,0
104.573,0
104.574,0
104.575,0
104.576,0
104.577,0
104.578,0
104.579,0
104.58,0
104.581,0
104.582,0
104.583,0
104.584,0
104.585,0
104.586,0
104.587,0
104.588,0
104.589,0
104.59,0
104.591,0
104.592,0
104.593,0
104.594,0
104.595,0
104.596,0
104.597,0
104.598,0
104.599,0
104.6,0
104.601,0
104.602,0
104.603,0
104.604,0
104.605,0
104.606,0
104.607,0
104.608,0
104.609,0
104.61,0
104.611,0
104.612,0
104.613,0
104.614,0
104.615,0
104.616,0
104.617,0
104.618,0
104.619,0
104.62,0
104.621,0
104.622,0
104.623,0
104.624,0
104.625,0
104.626,0
104.627,0
104.628,0
104.629,0
104.63,0
104.631,0
104.632,0
104.633,0
104.634,0
104.635,0
104.636,0
104.637,0
104.638,0
104.639,0
104.64,0
104.641,0
104.642,0
104.643,0
104.644,0
104.645,0
104.646,0
104.647,0
104.648,0
104.649,0
104.65,0
104.651,0
104.652,0
104.653,0
104.654,0
104.655,0
104.656,0
104.657,0
104.658,0
104.659,0
104.66,0
104.661,0
104.662,0
104.663,0
104.664,0
104.665,0
104.666,0
104.667,0
104.668,0
104.669,0
104.67,0
104.671,0
104.672,0
104.673,0
104.674,0
104.675,0
104.676,0
104.677,0
104.678,0
104.679,0
104.68,0
104.681,0
104.682,0
104.683,0
104.684,0
104.685,0
104.686,0
104.687,0
104.688,0
104.689,0
104.69,0
104.691,0
104.692,0
104.693,0
104.694,0
104.695,0
104.696,0
104.697,0
104.698,0
104.699,0
104.7,0
104.701,0
104.702,0
104.703,0
104.704,0
104.705,0
104.706,0
104.707,0
104.708,0
104.709,0
104.71,0
104.711,0
104.712,0
104.713,0
104.714,0
104.715,0
104.716,0
104.717,0
104.718,0
104.719,0
104.72,0
104.721,0
104.722,0
104.723,0
104.724,0
104.725,0
104.726,0
104.727,0
104.728,0
104.729,0
104.73,0
104.731,0
104.732,0
104.733,0
104.734,0
104.735,0
104.736,0
104.737,0
104.738,0
104.739,0
104.74,0
104.741,0
104.742,0
104.743,0
104.744,0
104.745,0
104.746,0
104.747,0
104.748,0
104.749,0
104.75,0
104.751,0
104.752,0
104.753,0
104.754,0
104.755,0
104.756,0
104.757,0
104.758,0
104.759,0
104.76,0
104.761,0
104.762,0
104.763,0
104.764,0
104.765,0
104.766,0
104.767,0
104.768,0
104.769,0
104.77,0
104.771,0
104.772,0
104.773,0
104.774,0
104.775,0
104.776,0
104.777,0
104.778,0
104.779,0
104.78,0
104.781,0
104.782,0
104.783,0
104.784,0
104.785,0
104.786,0
104.787,0
104.788,0
104.789,0
104.79,0
104.791,0
104.792,0
104.793,0
104.794,0
104.795,0
104.796,0
104.797,0
104.798,0
104.799,0
104.8,0
104.801,0
104.802,0
104.803,0
104.804,0
104.805,0
104.806,0
104.807,0
104.808,0
104.809,0
104.81,0
104.811,0
104.812,0
104.813,0
104.814,0
104.815,0
104.816,0
104.817,0
104.818,0
104.819,0
104.82,0
104.821,0
104.822,0
104.823,0
104.824,0
104.825,0
104.826,0
104.827,0
104.828,0
104.829,0
104.83,0
104.831,0
104.832,0
104.833,0
104.834,0
104.835,0
104.836,0
104.837,0
104.838,0
104.839,0
104.84,0
104.841,0
104.842,0
104.843,0
104.844,0
104.845,0
104.846,0
104.847,0
104.848,0
104.849,0
104.85,0
104.851,0
104.852,0
104.853,0
104.854,0
104.855,0
104.856,0
104.857,0
104.858,0
104.859,0
104.86,0
104.861,0
104.862,0
104.863,0
104.864,0
104.865,0
104.866,0
104.867,0
104.868,0
104.869,0
104.87,0
104.871,0
104.872,0
104.873,0
104.874,0
104.875,0
104.876,0
104.877,0
104.878,0
104.879,0
104.88,0
104.881,0
104.882,0
104.883,0
104.884,0
104.885,0
104.886,0
104.887,0
104.888,0
104.889,0
104.89,0
104.891,0
104.892,0
104.893,0
104.894,0
104.895,0
104.896,0
104.897,0
104.898,0
104.899,0
104.9,0
104.901,0
104.902,0
104.903,0
104.904,0
104.905,0
104.906,0
104.907,0
104.908,0
104.909,0
104.91,0
104.911,0
104.912,0
104.913,0
104.914,0
104.915,0
104.916,0
104.917,0
104.918,0
104.919,0
104.92,0
104.921,0
104.922,0
104.923,0
104.924,0
104.925,0
104.926,0
104.927,0
104.928,0
104.929,0
104.93,0
104.931,0
104.932,0
104.933,0
104.934,0
104.935,0
104.936,0
104.937,0
104.938,0
104.939,0
104.94,0
104.941,0
104.942,0
104.943,0
104.944,0
104.945,0
104.946,0
104.947,0
104.948,0
104.949,0
104.95,0
104.951,0
104.952,0
104.953,0
104.954,0
104.955,0
104.956,0
104.957,0
104.958,0
104.959,0
104.96,0
104.961,0
104.962,0
104.963,0
104.964,0
104.965,0
104.966,0
104.967,0
104.968,0
104.969,0
104.97,0
104.971,0
104.972,0
104.973,0
104.974,0
104.975,0
104.976,0
104.977,0
104.978,0
104.979,0
104.98,0
104.981,0
104.982,0
104.983,0
104.984,0
104.985,0
104.986,0
104.987,0
104.988,0
104.989,0
104.99,0
104.991,0
104.992,0
104.993,0
104.994,0
104.995,0
104.996,0
104.997,0
104.998,0
104.999,0
105,0
105.001,0
105.002,0
105.003,0
105.004,0
105.005,0
105.006,0
105.007,0
105.008,0
105.009,0
105.01,0
105.011,0
105.012,0
105.013,0
105.014,0
105.015,0
105.016,0
105.017,0
105.018,0
105.019,0
105.02,0
105.021,0
105.022,0
105.023,0
105.024,0
105.025,0
105.026,0
105.027,0
105.028,0
105.029,0
105.03,0
105.031,0
105.032,0
105.033,0
105.034,0
105.035,0
105.036,0
105.037,0
105.038,0
105.039,0
105.04,0
105.041,0
105.042,0
105.0427273488,1
105.043,0
105.044,0
105.045,0
105.046,0
105.047,0
105.048,0
105.049,0
105.05,0
105.051,0
105.052,0
105.053,0
105.054,0
105.055,0
105.056,0
105.057,0
105.058,0
105.059,0
105.06,0
105.061,0
105.062,0
105.063,0
105.064,0
105.065,0
105.066,0
105.067,0
105.068,0
105.069,0
105.07,0
105.071,0
105.072,0
105.073,0
105.074,0
105.075,0
105.076,0
105.077,0
105.078,0
105.079,0
105.08,0
105.081,0
105.082,0
105.083,0
105.084,0
105.085,0
105.086,0
105.087,0
105.088,0
105.089,0
105.09,0
105.091,0
105.092,0
105.093,0
105.094,0
105.095,0
105.096,0
105.097,0
105.098,0
105.099,0
105.1,0
105.101,0
105.102,0
105.103,0
105.104,0
105.105,0
105.106,0
105.107,0
105.108,0
105.109,0
105.11,0
105.111,0
105.112,0
105.113,0
105.114,0
105.115,0
105.116,0
105.117,0
105.118,0
105.119,0
105.12,0
105.122,0
105.123,0
105.124,0
105.125,0
105.126,0
105.127,0
105.128,0
105.129,0
105.13,0
105.131,0
105.132,0
105.133,0
105.134,0
105.135,0
105.136,0
105.137,0
105.138,0
105.139,0
105.14,0
105.141,0
105.142,0
105.143,0
105.144,0
105.149,0
105.15,0
105.151,0
105.155,0
105.156,0
105.157,0
105.158,0
105.159,0
105.16,0
105.161,0
105.162,0
105.163,0
105.164,0
105.165,0
105.167,0
105.168,0
105.169,0
105.17,0
105.171,0
105.172,0
105.173,0
105.174,0
105.175,0
105.176,0
105.177,0
105.178,0
105.179,0
105.18,0
105.181,0
105.182,0
105.183,0
105.184,0
105.185,0
105.186,0
105.187,0
105.188,0
105.189,0
105.19,0
105.191,0
105.192,0
105.193,0
105.194,0
105.195,0
105.196,0
105.197,0
105.198,0
105.199,0
105.2,0
105.201,0
105.202,0
105.204,0
105.205,0
105.206,0
105.207,0
105.208,0
105.209,0
105.21,0
105.211,0
105.212,0
105.213,0
105.214,0
105.215,0
105.216,0
105.217,0
105.218,0
105.219,0
105.22,0
105.221,0
105.222,0
105.223,0
105.224,0
105.225,0
105.226,0
105.227,0
105.228,0
105.229,0
105.23,0
105.231,0
105.232,0
105.233,0
105.234,0
105.235,0
105.236,0
105.237,0
105.238,0
105.239,0
105.24,0
105.241,0
105.242,0
105.243,0
105.244,0
105.245,0
105.246,0
105.247,0
105.248,0
105.249,0
105.25,0
105.251,0
105.252,0
105.253,0
105.254,0
105.255,0
105.256,0
105.257,0
105.258,0
105.259,0
105.26,0
105.261,0
105.262,0
105.263,0
105.264,0
105.265,0
105.266,0
105.267,0
105.268,0
105.269,0
105.27,0
105.271,0
105.272,0
105.273,0
105.274,0
105.275,0
105.276,0
105.277,0
105.278,0
105.279,0
105.28,0
105.281,0
105.282,0
105.283,0
105.284,0
105.285,0
105.286,0
105.287,0
105.288,0
105.289,0
105.29,0
105.291,0
105.292,0
105.293,0
105.294,0
105.295,0
105.296,0
105.297,0
105.298,0
105.299,0
105.3,0
105.301,0
105.302,0
105.303,0
105.304,0
105.305,0
105.306,0
105.307,0
105.308,0
105.309,0
105.31,0
105.311,0
105.312,0
105.313,0
105.314,0
105.315,0
105.316,0
105.317,0
105.318,0
105.319,0
105.32,0
105.321,0
105.322,0
105.323,0
105.324,0
105.325,0
105.326,0
105.327,0
105.328,0
105.329,0
105.33,0
105.331,0
105.332,0
105.333,0
105.334,0
105.335,0
105.336,0
105.337,0
105.338,0
105.339,0
105.34,0
105.341,0
105.342,0
105.343,0
105.344,0
105.345,0
105.346,0
105.347,0
105.348,0
105.349,0
105.35,0
105.351,0
105.352,0
105.353,0
105.354,0
105.355,0
105.356,0
105.357,0
105.358,0
105.359,0
105.36,0
105.361,0
105.362,0
105.363,0
105.364,0
105.365,0
105.366,0
105.367,0
105.368,0
105.369,0
105.37,0
105.371,0
105.372,0
105.373,0
105.374,0
105.375,0
105.376,0
105.377,0
105.378,0
105.379,0
105.38,0
105.381,0
105.382,0
105.383,0
105.384,0
105.385,0
105.386,0
105.387,0
105.388,0
105.389,0
105.39,0
105.391,0
105.392,0
105.393,0
105.394,0
105.395,0
105.396,0
105.397,0
105.398,0
105.399,0
105.4,0
105.401,0
105.402,0
105.403,0
105.404,0
105.405,0
105.406,0
105.407,0
105.408,0
105.409,0
105.41,0
105.411,0
105.412,0
105.413,0
105.414,0
105.415,0
105.416,0
105.417,0
105.418,0
105.419,0
105.42,0
105.421,0
105.422,0
105.423,0
105.424,0
105.425,0
105.426,0
105.427,0
105.428,0
105.429,0
105.43,0
105.431,0
105.432,0
105.433,0
105.434,0
105.435,0
105.436,0
105.437,0
105.438,0
105.439,0
105.44,0
105.441,0
105.442,0
105.443,0
105.444,0
105.445,0
105.446,0
105.447,0
105.448,0
105.449,0
105.45,0
105.451,0
105.452,0
105.453,0
105.454,0
105.455,0
105.456,0
105.457,0
105.458,0
105.459,0
105.46,0
105.461,0
105.462,0
105.463,0
105.464,0
105.465,0
105.466,0
105.467,0
105.468,0
105.469,0
105.47,0
105.471,0
105.472,0
105.473,0
105.474,0
105.475,0
105.476,0
105.477,0
105.478,0
105.479,0
105.48,0
105.481,0
105.482,0
105.483,0
105.484,0
105.485,0
105.486,0
105.487,0
105.488,0
105.489,0
105.49,0
105.491,0
105.492,0
105.493,0
105.494,0
105.495,0
105.496,0
105.497,0
105.498,0
105.499,0
105.5,0
105.501,0
105.502,0
105.503,0
105.504,0
105.505,0
105.506,0
105.507,0
105.508,0
105.509,0
105.51,0
105.511,0
105.512,0
105.513,0
105.514,0
105.515,0
105.516,0
105.517,0
105.518,0
105.519,0
105.52,0
105.521,0
105.522,0
105.523,0
105.524,0
105.525,0
105.526,0
105.527,0
105.528,0
105.529,0
105.53,0
105.531,0
105.532,0
105.533,0
105.534,0
105.535,0
105.536,0
105.537,0
105.538,0
105.539,0
105.54,0
105.541,0
105.542,0
105.543,0
105.544,0
105.545,0
105.546,0
105.547,0
105.548,0
105.549,0
105.55,0
105.551,0
105.552,0
105.553,0
105.554,0
105.555,0
105.556,0
105.557,0
105.558,0
105.559,0
105.56,0
105.561,0
105.562,0
105.563,0
105.564,0
105.565,0
105.566,0
105.567,0
105.568,0
105.569,0
105.57,0
105.571,0
105.572,0
105.573,0
105.574,0
105.575,0
105.576,0
105.577,0
105.578,0
105.579,0
105.58,0
105.581,0
105.582,0
105.583,0
105.584,0
105.585,0
105.586,0
105.587,0
105.588,0
105.589,0
105.59,0
105.591,0
105.592,0
105.593,0
105.594,0
105.595,0
105.596,0
105.597,0
105.598,0
105.599,0
105.6,0
105.601,0
105.602,0
105.603,0
105.604,0
105.605,0
105.606,0
105.607,0
105.608,0
105.609,0
105.61,0
105.611,0
105.612,0
105.613,0
105.614,0
105.615,0
105.616,0
105.617,0
105.618,0
105.619,0
105.62,0
105.621,0
105.622,0
105.623,0
105.624,0
105.625,0
105.626,0
105.627,0
105.628,0
105.629,0
105.63,0
105.631,0
105.632,0
105.633,0
105.634,0
105.635,0
105.636,0
105.637,0
105.638,0
105.639,0
105.64,0
105.641,0
105.642,0
105.643,0
105.644,0
105.645,0
105.646,0
105.647,0
105.648,0
105.649,0
105.65,0
105.651,0
105.652,0
105.653,0
105.654,0
105.655,0
105.656,0
105.657,0
105.658,0
105.659,0
105.66,0
105.661,0
105.662,0
105.663,0
105.664,0
105.665,0
105.666,0
105.667,0
105.668,0
105.669,0
105.67,0
105.671,0
105.672,0
105.673,0
105.674,0
105.675,0
105.676,0
105.677,0
105.678,0
105.679,0
105.68,0
105.681,0
105.682,0
105.683,0
105.684,0
105.685,0
105.686,0
105.687,0
105.688,0
105.689,0
105.69,0
105.691,0
105.692,0
105.693,0
105.694,0
105.695,0
105.696,0
105.697,0
105.698,0
105.699,0
105.7,0
105.701,0
105.702,0
105.703,0
105.704,0
105.705,0
105.706,0
105.707,0
105.708,0
105.709,0
105.71,0
105.711,0
105.712,0
105.713,0
105.714,0
105.715,0
105.716,0
105.717,0
105.718,0
105.719,0
105.72,0
105.721,0
105.722,0
105.723,0
105.724,0
105.725,0
105.726,0
105.727,0
105.728,0
105.729,0
105.73,0
105.731,0
105.732,0
105.733,0
105.734,0
105.735,0
105.736,0
105.737,0
105.738,0
105.739,0
105.74,0
105.741,0
105.742,0
105.743,0
105.744,0
105.745,0
105.746,0
105.747,0
105.748,0
105.749,0
105.75,0
105.751,0
105.752,0
105.753,0
105.754,0
105.755,0
105.756,0
105.757,0
105.758,0
105.759,0
105.76,0
105.761,0
105.762,0
105.763,0
105.764,0
105.765,0
105.766,0
105.767,0
105.768,0
105.769,0
105.77,0
105.771,0
105.772,0
105.773,0
105.774,0
105.775,0
105.776,0
105.777,0
105.778,0
105.779,0
105.78,0
105.781,0
105.782,0
105.783,0
105.784,0
105.785,0
105.786,0
105.787,0
105.788,0
105.789,0
105.79,0
105.791,0
105.792,0
105.793,0
105.794,0
105.795,0
105.796,0
105.797,0
105.798,0
105.799,0
105.8,0
105.801,0
105.802,0
105.803,0
105.804,0
105.805,0
105.806,0
105.807,0
105.808,0
105.809,0
105.81,0
105.811,0
105.812,0
105.813,0
105.814,0
105.815,0
105.816,0
105.817,0
105.818,0
105.819,0
105.82,0
105.821,0
105.822,0
105.823,0
105.824,0
105.825,0
105.826,0
105.827,0
105.828,0
105.829,0
105.83,0
105.831,0
105.832,0
105.833,0
105.834,0
105.835,0
105.836,0
105.837,0
105.838,0
105.839,0
105.84,0
105.841,0
105.842,0
105.843,0
105.844,0
105.845,0
105.846,0
105.847,0
105.848,0
105.849,0
105.85,0
105.851,0
105.852,0
105.853,0
105.854,0
105.855,0
105.856,0
105.857,0
105.858,0
105.859,0
105.86,0
105.861,0
105.862,0
105.863,0
105.864,0
105.865,0
105.866,0
105.867,0
105.868,0
105.869,0
105.87,0
105.871,0
105.872,0
105.873,0
105.874,0
105.875,0
105.876,0
105.877,0
105.878,0
105.879,0
105.88,0
105.881,0
105.882,0
105.883,0
105.884,0
105.885,0
105.886,0
105.887,0
105.888,0
105.889,0
105.89,0
105.891,0
105.892,0
105.893,0
105.894,0
105.895,0
105.896,0
105.897,0
105.898,0
105.899,0
105.9,0
105.901,0
105.902,0
105.903,0
105.904,0
105.905,0
105.906,0
105.907,0
105.908,0
105.909,0
105.91,0
105.911,0
105.912,0
105.913,0
105.914,0
105.915,0
105.916,0
105.917,0
105.918,0
105.919,0
105.92,0
105.921,0
105.922,0
105.923,0
105.924,0
105.925,0
105.926,0
105.927,0
105.928,0
105.929,0
105.93,0
105.931,0
105.932,0
105.933,0
105.934,0
105.935,0
105.936,0
105.937,0
105.938,0
105.939,0
105.94,0
105.941,0
105.942,0
105.943,0
105.944,0
105.945,0
105.946,0
105.947,0
105.948,0
105.949,0
105.95,0
105.951,0
105.952,0
105.953,0
105.954,0
105.955,0
105.956,0
105.957,0
105.958,0
105.959,0
105.96,0
105.961,0
105.962,0
105.963,0
105.964,0
105.965,0
105.966,0
105.967,0
105.968,0
105.969,0
105.97,0
105.971,0
105.972,0
105.973,0
105.974,0
105.975,0
105.976,0
105.977,0
105.978,0
105.979,0
105.98,0
105.981,0
105.982,0
105.983,0
105.984,0
105.985,0
105.986,0
105.987,0
105.988,0
105.989,0
105.99,0
105.991,0
105.992,0
105.993,0
105.994,0
105.995,0
105.996,0
105.997,0
105.998,0
105.999,0
106,0
106.001,0
106.002,0
106.003,0
106.004,0
106.006,0
106.007,0
106.008,0
106.009,0
106.01,0
106.011,0
106.012,0
106.013,0
106.014,0
106.015,0
106.016,0
106.017,0
106.018,0
106.019,0
106.02,0
106.021,0
106.022,0
106.023,0
106.024,0
106.025,0
106.026,0
106.027,0
106.028,0
106.029,0
106.03,0
106.032,0
106.033,0
106.035,0
106.036,0
106.037,0
106.038,0
106.039,0
106.04,0
106.041,0
106.042,0
106.043,0
106.044,0
106.045,0
106.046,0
106.047,0
106.048,0
106.049,0
106.05,0
106.051,0
106.052,0
106.053,0
106.054,0
106.055,0
106.056,0
106.057,0
106.058,0
106.059,0
106.06,0
106.061,0
106.062,0
106.063,0
106.064,0
106.065,0
106.066,0
106.067,0
106.068,0
106.069,0
106.07,0
106.071,0
106.072,0
106.073,0
106.074,0
106.075,0
106.076,0
106.077,0
106.078,0
106.079,0
106.08,0
106.081,0
106.082,0
106.083,0
106.084,0
106.085,0
106.086,0
106.087,0
106.088,0
106.089,0
106.09,0
106.091,0
106.092,0
106.093,0
106.094,0
106.095,0
106.096,0
106.097,0
106.098,0
106.099,0
106.1,0
106.101,0
106.102,0
106.103,0
106.104,0
106.105,0
106.106,0
106.107,0
106.108,0
106.109,0
106.11,0
106.111,0
106.112,0
106.113,0
106.114,0
106.115,0
106.116,0
106.117,0
106.118,0
106.119,0
106.12,0
106.121,0
106.122,0
106.123,0
106.124,0
106.125,0
106.126,0
106.127,0
106.128,0
106.129,0
106.13,0
106.131,0
106.132,0
106.133,0
106.134,0
106.135,0
106.136,0
106.137,0
106.138,0
106.139,0
106.14,0
106.141,0
106.142,0
106.143,0
106.144,0
106.145,0
106.146,0
106.147,0
106.148,0
106.149,0
106.15,0
106.151,0
106.152,0
106.153,0
106.154,0
106.155,0
106.156,0
106.157,0
106.158,0
106.159,0
106.16,0
106.161,0
106.162,0
106.163,0
106.164,0
106.165,0
106.166,0
106.167,0
106.168,0
106.169,0
106.17,0
106.171,0
106.172,0
106.173,0
106.174,0
106.175,0
106.176,0
106.177,0
106.178,0
106.179,0
106.18,0
106.181,0
106.182,0
106.183,0
106.184,0
106.185,0
106.186,0
106.187,0
106.188,0
106.189,0
106.19,0
106.191,0
106.192,0
106.193,0
106.194,0
106.195,0
106.196,0
106.197,0
106.198,0
106.199,0
106.2,0
106.201,0
106.202,0
106.203,0
106.204,0
106.205,0
106.206,0
106.207,0
106.208,0
106.209,0
106.21,0
106.211,0
106.212,0
106.213,0
106.214,0
106.215,0
106.216,0
106.217,0
106.218,0
106.219,0
106.22,0
106.221,0
106.222,0
106.223,0
106.224,0
106.225,0
106.226,0
106.227,0
106.228,0
106.229,0
106.23,0
106.231,0
106.232,0
106.233,0
106.234,0
106.235,0
106.236,0
106.237,0
106.238,0
106.239,0
106.24,0
106.241,0
106.242,0
106.243,0
106.244,0
106.245,0
106.246,0
106.247,0
106.248,0
106.249,0
106.25,0
106.251,0
106.252,0
106.253,0
106.254,0
106.255,0
106.256,0
106.257,0
106.258,0
106.259,0
106.26,0
106.261,0
106.262,0
106.263,0
106.264,0
106.265,0
106.266,0
106.267,0
106.268,0
106.269,0
106.27,0
106.271,0
106.272,0
106.273,0
106.274,0
106.275,0
106.276,0
106.277,0
106.278,0
106.279,0
106.28,0
106.281,0
106.282,0
106.283,0
106.284,0
106.285,0
106.286,0
106.287,0
106.288,0
106.289,0
106.29,0
106.291,0
106.292,0
106.293,0
106.294,0
106.295,0
106.296,0
106.297,0
106.298,0
106.299,0
106.3,0
106.301,0
106.302,0
106.303,0
106.304,0
106.305,0
106.306,0
106.307,0
106.308,0
106.309,0
106.31,0
106.311,0
106.312,0
106.313,0
106.314,0
106.315,0
106.316,0
106.317,0
106.318,0
106.319,0
106.32,0
106.321,0
106.322,0
106.323,0
106.324,0
106.325,0
106.326,0
106.327,0
106.328,0
106.329,0
106.33,0
106.331,0
106.332,0
106.333,0
106.334,0
106.335,0
106.336,0
106.337,0
106.338,0
106.339,0
106.34,0
106.341,0
106.342,0
106.343,0
106.344,0
106.345,0
106.346,0
106.347,0
106.348,0
106.349,0
106.35,0
106.351,0
106.352,0
106.353,0
106.354,0
106.355,0
106.356,0
106.357,0
106.358,0
106.359,0
106.36,0
106.361,0
106.362,0
106.363,0
106.364,0
106.365,0
106.366,0
106.367,0
106.368,0
106.369,0
106.37,0
106.371,0
106.372,0
106.373,0
106.374,0
106.375,0
106.376,0
106.377,0
106.378,0
106.379,0
106.38,0
106.381,0
106.382,0
106.383,0
106.384,0
106.385,0
106.386,0
106.387,0
106.388,0
106.389,0
106.39,0
106.391,0
106.392,0
106.393,0
106.394,0
106.395,0
106.396,0
106.397,0
106.398,0
106.399,0
106.4,0
106.401,0
106.402,0
106.403,0
106.404,0
106.405,0
106.406,0
106.4069545628,1
106.407,0
106.408,0
106.409,0
106.41,0
106.411,0
106.412,0
106.413,0
106.414,0
106.415,0
106.416,0
106.417,0
106.418,0
106.419,0
106.42,0
106.421,0
106.422,0
106.423,0
106.424,0
106.425,0
106.426,0
106.427,0
106.428,0
106.429,0
106.43,0
106.431,0
106.432,0
106.433,0
106.434,0
106.435,0
106.436,0
106.437,0
106.438,0
106.439,0
106.44,0
106.441,0
106.442,0
106.443,0
106.444,0
106.445,0
106.446,0
106.447,0
106.448,0
106.449,0
106.45,0
106.451,0
106.452,0
106.453,0
106.454,0
106.455,0
106.456,0
106.457,0
106.458,0
106.459,0
106.46,0
106.461,0
106.462,0
106.463,0
106.464,0
106.465,0
106.466,0
106.467,0
106.468,0
106.469,0
106.47,0
106.471,0
106.472,0
106.473,0
106.474,0
106.475,0
106.476,0
106.477,0
106.478,0
106.479,0
106.48,0
106.481,0
106.482,0
106.483,0
106.484,0
106.485,0
106.486,0
106.487,0
106.488,0
106.489,0
106.49,0
106.491,0
106.492,0
106.493,0
106.494,0
106.495,0
106.496,0
106.497,0
106.498,0
106.503,0
106.504,0
106.505,0
106.506,0
106.507,0
106.508,0
106.509,0
106.51,0
106.511,0
106.512,0
106.513,0
106.514,0
106.515,0
106.516,0
106.517,0
106.518,0
106.519,0
106.52,0
106.521,0
106.522,0
106.523,0
106.524,0
106.525,0
106.526,0
106.527,0
106.528,0
106.529,0
106.53,0
106.531,0
106.532,0
106.533,0
106.534,0
106.535,0
106.536,0
106.537,0
106.538,0
106.539,0
106.54,0
106.541,0
106.542,0
106.543,0
106.544,0
106.545,0
106.546,0
106.547,0
106.548,0
106.549,0
106.55,0
106.551,0
106.552,0
106.553,0
106.554,0
106.555,0
106.556,0
106.557,0
106.558,0
106.559,0
106.56,0
106.561,0
106.562,0
106.563,0
106.564,0
106.565,0
106.566,0
106.567,0
106.568,0
106.569,0
106.57,0
106.571,0
106.572,0
106.573,0
106.574,0
106.575,0
106.576,0
106.577,0
106.578,0
106.579,0
106.58,0
106.581,0
106.582,0
106.583,0
106.584,0
106.585,0
106.586,0
106.587,0
106.588,0
106.589,0
106.59,0
106.591,0
106.592,0
106.593,0
106.594,0
106.595,0
106.596,0
106.597,0
106.598,0
106.599,0
106.6,0
106.601,0
106.602,0
106.603,0
106.604,0
106.605,0
106.606,0
106.607,0
106.608,0
106.609,0
106.61,0
106.611,0
106.612,0
106.613,0
106.614,0
106.615,0
106.616,0
106.617,0
106.618,0
106.619,0
106.62,0
106.621,0
106.622,0
106.623,0
106.624,0
106.625,0
106.626,0
106.627,0
106.628,0
106.629,0
106.63,0
106.631,0
106.632,0
106.633,0
106.634,0
106.635,0
106.636,0
106.637,0
106.638,0
106.639,0
106.64,0
106.641,0
106.642,0
106.643,0
106.644,0
106.645,0
106.646,0
106.647,0
106.648,0
106.649,0
106.65,0
106.651,0
106.652,0
106.653,0
106.654,0
106.655,0
106.656,0
106.657,0
106.658,0
106.659,0
106.66,0
106.661,0
106.662,0
106.663,0
106.664,0
106.665,0
106.666,0
106.667,0
106.668,0
106.669,0
106.67,0
106.671,0
106.672,0
106.673,0
106.674,0
106.675,0
106.676,0
106.677,0
106.678,0
106.679,0
106.68,0
106.681,0
106.682,0
106.683,0
106.684,0
106.685,0
106.686,0
106.687,0
106.688,0
106.689,0
106.69,0
106.691,0
106.692,0
106.693,0
106.694,0
106.695,0
106.696,0
106.697,0
106.698,0
106.699,0
106.7,0
106.701,0
106.702,0
106.703,0
106.704,0
106.705,0
106.706,0
106.707,0
106.708,0
106.709,0
106.71,0
106.711,0
106.712,0
106.713,0
106.714,0
106.715,0
106.716,0
106.717,0
106.718,0
106.719,0
106.72,0
106.721,0
106.722,0
106.723,0
106.724,0
106.725,0
106.726,0
106.727,0
106.728,0
106.729,0
106.73,0
106.731,0
106.732,0
106.733,0
106.734,0
106.735,0
106.736,0
106.737,0
106.738,0
106.739,0
106.74,0
106.741,0
106.742,0
106.743,0
106.744,0
106.745,0
106.746,0
106.747,0
106.748,0
106.749,0
106.75,0
106.751,0
106.752,0
106.753,0
106.754,0
106.755,0
106.756,0
106.757,0
106.758,0
106.759,0
106.76,0
106.761,0
106.762,0
106.763,0
106.764,0
106.765,0
106.766,0
106.767,0
106.768,0
106.769,0
106.77,0
106.771,0
106.772,0
106.773,0
106.774,0
106.775,0
106.776,0
106.777,0
106.778,0
106.779,0
106.78,0
106.781,0
106.782,0
106.783,0
106.784,0
106.785,0
106.786,0
106.787,0
106.788,0
106.789,0
106.79,0
106.791,0
106.792,0
106.793,0
106.794,0
106.795,0
106.796,0
106.797,0
106.798,0
106.799,0
106.8,0
106.801,0
106.802,0
106.803,0
106.804,0
106.805,0
106.806,0
106.807,0
106.808,0
106.809,0
106.81,0
106.811,0
106.812,0
106.813,0
106.814,0
106.815,0
106.816,0
106.817,0
106.818,0
106.819,0
106.82,0
106.821,0
106.822,0
106.823,0
106.824,0
106.825,0
106.826,0
106.827,0
106.828,0
106.829,0
106.83,0
106.831,0
106.832,0
106.833,0
106.834,0
106.835,0
106.836,0
106.837,0
106.838,0
106.839,0
106.84,0
106.841,0
106.842,0
106.843,0
106.844,0
106.845,0
106.846,0
106.847,0
106.848,0
106.849,0
106.85,0
106.851,0
106.852,0
106.853,0
106.854,0
106.855,0
106.856,0
106.857,0
106.858,0
106.859,0
106.86,0
106.861,0
106.862,0
106.863,0
106.864,0
106.865,0
106.866,0
106.867,0
106.868,0
106.869,0
106.87,0
106.871,0
106.872,0
106.873,0
106.874,0
106.875,0
106.876,0
106.877,0
106.878,0
106.879,0
106.88,0
106.881,0
106.882,0
106.883,0
106.884,0
106.885,0
106.886,0
106.887,0
106.888,0
106.889,0
106.89,0
106.891,0
106.892,0
106.893,0
106.894,0
106.895,0
106.896,0
106.897,0
106.898,0
106.899,0
106.9,0
106.901,0
106.902,0
106.903,0
106.904,0
106.905,0
106.906,0
106.907,0
106.908,0
106.909,0
106.91,0
106.911,0
106.912,0
106.913,0
106.914,0
106.915,0
106.916,0
106.917,0
106.918,0
106.919,0
106.92,0
106.921,0
106.922,0
106.923,0
106.924,0
106.925,0
106.926,0
106.927,0
106.928,0
106.929,0
106.93,0
106.931,0
106.932,0
106.933,0
106.934,0
106.935,0
106.936,0
106.937,0
106.938,0
106.939,0
106.94,0
106.941,0
106.942,0
106.943,0
106.944,0
106.945,0
106.946,0
106.947,0
106.948,0
106.949,0
106.95,0
106.951,0
106.952,0
106.953,0
106.954,0
106.955,0
106.956,0
106.957,0
106.958,0
106.959,0
106.96,0
106.961,0
106.962,0
106.963,0
106.964,0
106.965,0
106.966,0
106.967,0
106.968,0
106.969,0
106.97,0
106.971,0
106.972,0
106.973,0
106.974,0
106.975,0
106.976,0
106.977,0
106.978,0
106.979,0
106.98,0
106.981,0
106.982,0
106.983,0
106.984,0
106.985,0
106.986,0
106.987,0
106.988,0
106.989,0
106.99,0
106.991,0
106.992,0
106.993,0
106.994,0
106.995,0
106.996,0
106.997,0
106.998,0
106.999,0
107,0
107.001,0
107.002,0
107.003,0
107.004,0
107.005,0
107.006,0
107.007,0
107.008,0
107.009,0
107.01,0
107.011,0
107.012,0
107.013,0
107.014,0
107.015,0
107.016,0
107.017,0
107.018,0
107.019,0
107.02,0
107.021,0
107.022,0
107.023,0
107.024,0
107.025,0
107.026,0
107.027,0
107.028,0
107.029,0
107.03,0
107.031,0
107.032,0
107.033,0
107.034,0
107.035,0
107.036,0
107.037,0
107.038,0
107.039,0
107.04,0
107.041,0
107.042,0
107.043,0
107.044,0
107.045,0
107.046,0
107.047,0
107.048,0
107.049,0
107.05,0
107.051,0
107.052,0
107.053,0
107.054,0
107.055,0
107.056,0
107.057,0
107.058,0
107.059,0
107.06,0
107.061,0
107.062,0
107.063,0
107.064,0
107.065,0
107.066,0
107.067,0
107.068,0
107.069,0
107.07,0
107.071,0
107.072,0
107.073,0
107.074,0
107.075,0
107.076,0
107.077,0
107.078,0
107.079,0
107.08,0
107.081,0
107.082,0
107.083,0
107.084,0
107.085,0
107.086,0
107.087,0
107.088,0
107.089,0
107.09,0
107.091,0
107.092,0
107.093,0
107.094,0
107.095,0
107.096,0
107.097,0
107.098,0
107.099,0
107.1,0
107.101,0
107.102,0
107.103,0
107.104,0
107.105,0
107.106,0
107.107,0
107.108,0
107.109,0
107.11,0
107.111,0
107.112,0
107.113,0
107.114,0
107.115,0
107.116,0
107.117,0
107.118,0
107.119,0
107.12,0
107.121,0
107.122,0
107.123,0
107.124,0
107.125,0
107.126,0
107.127,0
107.128,0
107.129,0
107.13,0
107.131,0
107.132,0
107.133,0
107.134,0
107.135,0
107.136,0
107.137,0
107.138,0
107.139,0
107.14,0
107.141,0
107.142,0
107.143,0
107.144,0
107.145,0
107.146,0
107.147,0
107.148,0
107.149,0
107.15,0
107.151,0
107.152,0
107.153,0
107.154,0
107.155,0
107.156,0
107.157,0
107.158,0
107.159,0
107.16,0
107.161,0
107.162,0
107.163,0
107.164,0
107.165,0
107.166,0
107.167,0
107.168,0
107.169,0
107.17,0
107.171,0
107.172,0
107.173,0
107.174,0
107.175,0
107.176,0
107.177,0
107.178,0
107.179,0
107.18,0
107.181,0
107.182,0
107.183,0
107.184,0
107.185,0
107.186,0
107.187,0
107.188,0
107.189,0
107.19,0
107.191,0
107.192,0
107.193,0
107.194,0
107.195,0
107.196,0
107.197,0
107.198,0
107.199,0
107.2,0
107.201,0
107.202,0
107.203,0
107.204,0
107.205,0
107.206,0
107.207,0
107.208,0
107.209,0
107.21,0
107.211,0
107.212,0
107.213,0
107.214,0
107.215,0
107.216,0
107.217,0
107.218,0
107.219,0
107.22,0
107.221,0
107.222,0
107.223,0
107.224,0
107.225,0
107.226,0
107.227,0
107.228,0
107.229,0
107.23,0
107.231,0
107.232,0
107.233,0
107.234,0
107.235,0
107.236,0
107.237,0
107.238,0
107.239,0
107.24,0
107.241,0
107.242,0
107.243,0
107.244,0
107.245,0
107.246,0
107.247,0
107.248,0
107.249,0
107.25,0
107.251,0
107.252,0
107.253,0
107.254,0
107.255,0
107.256,0
107.257,0
107.258,0
107.259,0
107.26,0
107.261,0
107.262,0
107.263,0
107.264,0
107.265,0
107.266,0
107.267,0
107.268,0
107.269,0
107.27,0
107.271,0
107.272,0
107.273,0
107.274,0
107.275,0
107.276,0
107.277,0
107.278,0
107.279,0
107.28,0
107.281,0
107.282,0
107.283,0
107.284,0
107.285,0
107.286,0
107.287,0
107.288,0
107.289,0
107.29,0
107.291,0
107.292,0
107.293,0
107.294,0
107.295,0
107.296,0
107.297,0
107.298,0
107.299,0
107.3,0
107.301,0
107.302,0
107.303,0
107.304,0
107.305,0
107.306,0
107.307,0
107.308,0
107.309,0
107.31,0
107.311,0
107.312,0
107.313,0
107.314,0
107.315,0
107.316,0
107.317,0
107.318,0
107.319,0
107.32,0
107.321,0
107.322,0
107.323,0
107.324,0
107.325,0
107.326,0
107.327,0
107.328,0
107.329,0
107.33,0
107.331,0
107.332,0
107.333,0
107.334,0
107.335,0
107.336,0
107.337,0
107.338,0
107.339,0
107.34,0
107.341,0
107.342,0
107.343,0
107.344,0
107.345,0
107.346,0
107.347,0
107.348,0
107.349,0
107.35,0
107.351,0
107.352,0
107.353,0
107.354,0
107.355,0
107.356,0
107.357,0
107.358,0
107.359,0
107.36,0
107.361,0
107.362,0
107.363,0
107.364,0
107.365,0
107.366,0
107.367,0
107.368,0
107.369,0
107.37,0
107.371,0
107.372,0
107.373,0
107.374,0
107.375,0
107.376,0
107.377,0
107.378,0
107.379,0
107.38,0
107.381,0
107.382,0
107.383,0
107.384,0
107.385,0
107.386,0
107.387,0
107.388,0
107.389,0
107.39,0
107.391,0
107.392,0
107.393,0
107.394,0
107.395,0
107.396,0
107.397,0
107.398,0
107.399,0
107.4,0
107.401,0
107.402,0
107.403,0
107.404,0
107.405,0
107.406,0
107.407,0
107.408,0
107.409,0
107.41,0
107.411,0
107.412,0
107.413,0
107.414,0
107.415,0
107.416,0
107.417,0
107.418,0
107.419,0
107.42,0
107.421,0
107.422,0
107.423,0
107.424,0
107.425,0
107.426,0
107.427,0
107.428,0
107.429,0
107.43,0
107.431,0
107.432,0
107.433,0
107.434,0
107.435,0
107.436,0
107.437,0
107.438,0
107.439,0
107.44,0
107.441,0
107.442,0
107.443,0
107.444,0
107.445,0
107.446,0
107.447,0
107.448,0
107.449,0
107.45,0
107.451,0
107.452,0
107.453,0
107.454,0
107.455,0
107.456,0
107.457,0
107.458,0
107.459,0
107.46,0
107.461,0
107.462,0
107.463,0
107.464,0
107.465,0
107.466,0
107.467,0
107.468,0
107.469,0
107.47,0
107.471,0
107.472,0
107.473,0
107.474,0
107.475,0
107.476,0
107.477,0
107.478,0
107.479,0
107.48,0
107.481,0
107.482,0
107.483,0
107.484,0
107.485,0
107.486,0
107.487,0
107.488,0
107.489,0
107.49,0
107.491,0
107.492,0
107.493,0
107.494,0
107.495,0
107.496,0
107.497,0
107.498,0
107.499,0
107.5,0
107.501,0
107.502,0
107.503,0
107.504,0
107.505,0
107.506,0
107.507,0
107.508,0
107.509,0
107.51,0
107.511,0
107.512,0
107.513,0
107.514,0
107.515,0
107.516,0
107.517,0
107.518,0
107.519,0
107.52,0
107.521,0
107.522,0
107.523,0
107.524,0
107.525,0
107.526,0
107.527,0
107.528,0
107.529,0
107.53,0
107.531,0
107.532,0
107.533,0
107.534,0
107.535,0
107.536,0
107.537,0
107.538,0
107.539,0
107.54,0
107.541,0
107.542,0
107.543,0
107.544,0
107.545,0
107.546,0
107.547,0
107.548,0
107.549,0
107.55,0
107.551,0
107.552,0
107.553,0
107.554,0
107.555,0
107.556,0
107.557,0
107.558,0
107.559,0
107.56,0
107.561,0
107.562,0
107.563,0
107.564,0
107.565,0
107.566,0
107.567,0
107.568,0
107.569,0
107.57,0
107.571,0
107.572,0
107.573,0
107.574,0
107.575,0
107.576,0
107.577,0
107.578,0
107.579,0
107.58,0
107.581,0
107.582,0
107.583,0
107.584,0
107.585,0
107.586,0
107.587,0
107.588,0
107.589,0
107.59,0
107.591,0
107.592,0
107.593,0
107.594,0
107.595,0
107.596,0
107.597,0
107.598,0
107.599,0
107.6,0
107.601,0
107.602,0
107.603,0
107.604,0
107.605,0
107.606,0
107.607,0
107.608,0
107.609,0
107.61,0
107.611,0
107.612,0
107.613,0
107.614,0
107.615,0
107.616,0
107.617,0
107.618,0
107.619,0
107.62,0
107.621,0
107.622,0
107.623,0
107.624,0
107.625,0
107.626,0
107.627,0
107.628,0
107.629,0
107.63,0
107.631,0
107.632,0
107.633,0
107.634,0
107.635,0
107.636,0
107.637,0
107.638,0
107.639,0
107.64,0
107.641,0
107.642,0
107.643,0
107.644,0
107.645,0
107.646,0
107.647,0
107.648,0
107.649,0
107.65,0
107.651,0
107.652,0
107.653,0
107.654,0
107.655,0
107.656,0
107.657,0
107.658,0
107.659,0
107.66,0
107.661,0
107.662,0
107.663,0
107.664,0
107.665,0
107.666,0
107.667,0
107.668,0
107.669,0
107.67,0
107.671,0
107.672,0
107.673,0
107.674,0
107.675,0
107.676,0
107.677,0
107.678,0
107.679,0
107.68,0
107.681,0
107.682,0
107.683,0
107.684,0
107.685,0
107.686,0
107.687,0
107.688,0
107.689,0
107.69,0
107.691,0
107.692,0
107.693,0
107.694,0
107.695,0
107.696,0
107.697,0
107.698,0
107.699,0
107.7,0
107.701,0
107.702,0
107.703,0
107.704,0
107.705,0
107.706,0
107.707,0
107.708,0
107.709,0
107.71,0
107.711,0
107.712,0
107.713,0
107.714,0
107.715,0
107.716,0
107.717,0
107.718,0
107.719,0
107.72,0
107.721,0
107.722,0
107.723,0
107.724,0
107.725,0
107.726,0
107.727,0
107.728,0
107.729,0
107.73,0
107.731,0
107.732,0
107.733,0
107.734,0
107.735,0
107.736,0
107.737,0
107.738,0
107.739,0
107.74,0
107.741,0
107.742,0
107.743,0
107.744,0
107.745,0
107.746,0
107.747,0
107.748,0
107.749,0
107.75,0
107.751,0
107.752,0
107.753,0
107.754,0
107.755,0
107.756,0
107.757,0
107.758,0
107.759,0
107.76,0
107.761,0
107.762,0
107.763,0
107.764,0
107.765,0
107.766,0
107.767,0
107.768,0
107.769,0
107.77,0
107.771,0
107.772,0
107.773,0
107.774,0
107.775,0
107.776,0
107.777,0
107.778,0
107.779,0
107.78,0
107.781,0
107.782,0
107.783,0
107.784,0
107.785,0
107.786,0
107.787,0
107.788,0
107.789,0
107.79,0
107.791,0
107.792,0
107.793,0
107.794,0
107.795,0
107.796,0
107.797,0
107.798,0
107.799,0
107.8,0
107.801,0
107.802,0
107.803,0
107.804,0
107.805,0
107.806,0
107.807,0
107.808,0
107.809,0
107.81,0
107.811,0
107.812,0
107.813,0
107.814,0
107.815,0
107.816,0
107.817,0
107.818,0
107.819,0
107.82,0
107.821,0
107.822,0
107.823,0
107.824,0
107.825,0
107.826,0
107.827,0
107.828,0
107.829,0
107.83,0
107.831,0
107.832,0
107.833,0
107.834,0
107.835,0
107.836,0
107.837,0
107.838,0
107.839,0
107.84,0
107.841,0
107.842,0
107.843,0
107.844,0
107.845,0
107.846,0
107.847,0
107.848,0
107.849,0
107.85,0
107.851,0
107.852,0
107.853,0
107.854,0
107.855,0
107.856,0
107.857,0
107.858,0
107.859,0
107.86,0
107.861,0
107.862,0
107.863,0
107.864,0
107.865,0
107.866,0
107.8669940228,1
107.867,0
107.868,0
107.869,0
107.87,0
107.871,0
107.872,0
107.873,0
107.874,0
107.875,0
107.876,0
107.877,0
107.878,0
107.879,0
107.88,0
107.881,0
107.882,0
107.883,0
107.884,0
107.885,0
107.886,0
107.887,0
107.888,0
107.889,0
107.89,0
107.891,0
107.892,0
107.893,0
107.894,0
107.895,0
107.896,0
107.897,0
107.898,0
107.899,0
107.9,0
107.901,0
107.902,0
107.903,0
107.904,0
107.905,0
107.906,0
107.907,0
107.908,0
107.909,0
107.91,0
107.911,0
107.912,0
107.913,0
107.914,0
107.915,0
107.916,0
107.917,0
107.918,0
107.919,0
107.92,0
107.921,0
107.922,0
107.923,0
107.924,0
107.925,0
107.926,0
107.927,0
107.928,0
107.929,0
107.93,0
107.931,0
107.932,0
107.933,0
107.934,0
107.935,0
107.936,0
107.937,0
107.938,0
107.939,0
107.94,0
107.941,0
107.942,0
107.943,0
107.944,0
107.945,0
107.946,0
107.947,0
107.948,0
107.949,0
107.95,0
107.951,0
107.952,0
107.953,0
107.954,0
107.955,0
107.956,0
107.957,0
107.958,0
107.959,0
107.96,0
107.961,0
107.962,0
107.963,0
107.964,0
107.966,0
107.967,0
107.968,0
107.969,0
107.97,0
107.971,0
107.972,0
107.973,0
107.974,0
107.975,0
107.976,0
107.977,0
107.978,0
107.979,0
107.98,0
107.981,0
107.982,0
107.983,0
107.984,0
107.985,0
107.986,0
107.987,0
107.988,0
107.989,0
107.99,0
107.991,0
107.992,0
107.993,0
107.994,0
107.995,0
107.996,0
107.997,0
107.998,0
107.999,0
108,0
108.001,0
108.002,0
108.003,0
108.004,0
108.005,0
108.006,0
108.007,0
108.008,0
108.009,0
108.01,0
108.011,0
108.012,0
108.013,0
108.014,0
108.015,0
108.016,0
108.017,0
108.018,0
108.019,0
108.02,0
108.021,0
108.022,0
108.023,0
108.024,0
108.025,0
108.026,0
108.027,0
108.028,0
108.029,0
108.03,0
108.031,0
108.032,0
108.033,0
108.034,0
108.035,0
108.036,0
108.037,0
108.038,0
108.039,0
108.04,0
108.041,0
108.042,0
108.043,0
108.044,0
108.045,0
108.046,0
108.047,0
108.048,0
108.049,0
108.05,0
108.051,0
108.052,0
108.053,0
108.054,0
108.055,0
108.056,0
108.057,0
108.058,0
108.059,0
108.06,0
108.061,0
108.062,0
108.063,0
108.064,0
108.065,0
108.066,0
108.067,0
108.068,0
108.069,0
108.07,0
108.071,0
108.072,0
108.073,0
108.074,0
108.075,0
108.076,0
108.077,0
108.078,0
108.079,0
108.08,0
108.081,0
108.082,0
108.083,0
108.084,0
108.085,0
108.086,0
108.087,0
108.088,0
108.089,0
108.09,0
108.091,0
108.092,0
108.093,0
108.094,0
108.095,0
108.096,0
108.097,0
108.098,0
108.099,0
108.1,0
108.101,0
108.102,0
108.103,0
108.104,0
108.105,0
108.106,0
108.107,0
108.108,0
108.109,0
108.11,0
108.111,0
108.112,0
108.113,0
108.114,0
108.115,0
108.116,0
108.117,0
108.118,0
108.119,0
108.12,0
108.121,0
108.122,0
108.123,0
108.124,0
108.125,0
108.126,0
108.127,0
108.128,0
108.129,0
108.13,0
108.131,0
108.132,0
108.133,0
108.134,0
108.135,0
108.136,0
108.137,0
108.138,0
108.139,0
108.14,0
108.141,0
108.142,0
108.143,0
108.144,0
108.145,0
108.146,0
108.147,0
108.148,0
108.149,0
108.15,0
108.151,0
108.152,0
108.153,0
108.154,0
108.155,0
108.156,0
108.157,0
108.158,0
108.159,0
108.16,0
108.161,0
108.162,0
108.163,0
108.164,0
108.165,0
108.166,0
108.167,0
108.168,0
108.169,0
108.17,0
108.171,0
108.172,0
108.173,0
108.174,0
108.175,0
108.176,0
108.177,0
108.178,0
108.179,0
108.18,0
108.181,0
108.182,0
108.183,0
108.184,0
108.185,0
108.186,0
108.187,0
108.188,0
108.189,0
108.19,0
108.191,0
108.192,0
108.193,0
108.194,0
108.195,0
108.196,0
108.197,0
108.198,0
108.199,0
108.2,0
108.201,0
108.202,0
108.203,0
108.204,0
108.205,0
108.206,0
108.207,0
108.208,0
108.209,0
108.21,0
108.211,0
108.212,0
108.213,0
108.214,0
108.215,0
108.216,0
108.217,0
108.218,0
108.219,0
108.22,0
108.221,0
108.222,0
108.223,0
108.224,0
108.225,0
108.226,0
108.227,0
108.228,0
108.229,0
108.23,0
108.231,0
108.232,0
108.233,0
108.234,0
108.235,0
108.236,0
108.237,0
108.238,0
108.239,0
108.24,0
108.241,0
108.242,0
108.243,0
108.244,0
108.245,0
108.246,0
108.247,0
108.248,0
108.249,0
108.25,0
108.251,0
108.252,0
108.253,0
108.254,0
108.255,0
108.256,0
108.257,0
108.258,0
108.259,0
108.26,0
108.261,0
108.262,0
108.263,0
108.264,0
108.265,0
108.266,0
108.267,0
108.268,0
108.269,0
108.27,0
108.271,0
108.272,0
108.273,0
108.274,0
108.275,0
108.276,0
108.277,0
108.278,0
108.279,0
108.28,0
108.281,0
108.282,0
108.283,0
108.284,0
108.285,0
108.286,0
108.287,0
108.288,0
108.289,0
108.29,0
108.291,0
108.292,0
108.293,0
108.294,0
108.295,0
108.296,0
108.297,0
108.298,0
108.299,0
108.3,0
108.301,0
108.302,0
108.303,0
108.304,0
108.305,0
108.306,0
108.307,0
108.308,0
108.309,0
108.31,0
108.311,0
108.312,0
108.313,0
108.314,0
108.315,0
108.316,0
108.317,0
108.318,0
108.319,0
108.32,0
108.321,0
108.322,0
108.323,0
108.324,0
108.325,0
108.326,0
108.327,0
108.328,0
108.329,0
108.33,0
108.331,0
108.332,0
108.333,0
108.334,0
108.335,0
108.336,0
108.337,0
108.338,0
108.339,0
108.34,0
108.341,0
108.342,0
108.343,0
108.344,0
108.345,0
108.346,0
108.347,0
108.348,0
108.349,0
108.35,0
108.351,0
108.352,0
108.353,0
108.354,0
108.355,0
108.356,0
108.357,0
108.358,0
108.359,0
108.36,0
108.361,0
108.362,0
108.363,0
108.364,0
108.365,0
108.366,0
108.367,0
108.368,0
108.369,0
108.37,0
108.371,0
108.372,0
108.373,0
108.374,0
108.375,0
108.376,0
108.377,0
108.378,0
108.379,0
108.38,0
108.381,0
108.382,0
108.383,0
108.384,0
108.385,0
108.386,0
108.387,0
108.388,0
108.389,0
108.39,0
108.391,0
108.392,0
108.393,0
108.394,0
108.395,0
108.396,0
108.397,0
108.398,0
108.399,0
108.4,0
108.401,0
108.402,0
108.403,0
108.404,0
108.405,0
108.406,0
108.407,0
108.408,0
108.409,0
108.41,0
108.411,0
108.412,0
108.413,0
108.414,0
108.415,0
108.416,0
108.417,0
108.418,0
108.419,0
108.42,0
108.421,0
108.422,0
108.423,0
108.424,0
108.425,0
108.426,0
108.427,0
108.428,0
108.429,0
108.43,0
108.431,0
108.432,0
108.433,0
108.434,0
108.435,0
108.436,0
108.437,0
108.438,0
108.439,0
108.44,0
108.441,0
108.442,0
108.443,0
108.444,0
108.445,0
108.446,0
108.447,0
108.448,0
108.449,0
108.45,0
108.451,0
108.452,0
108.453,0
108.454,0
108.455,0
108.456,0
108.457,0
108.458,0
108.459,0
108.46,0
108.461,0
108.462,0
108.463,0
108.464,0
108.465,0
108.466,0
108.467,0
108.468,0
108.469,0
108.47,0
108.471,0
108.472,0
108.473,0
108.474,0
108.475,0
108.476,0
108.477,0
108.478,0
108.479,0
108.48,0
108.481,0
108.482,0
108.483,0
108.484,0
108.485,0
108.486,0
108.487,0
108.488,0
108.489,0
108.49,0
108.491,0
108.492,0
108.493,0
108.494,0
108.495,0
108.496,0
108.497,0
108.498,0
108.499,0
108.5,0
108.501,0
108.502,0
108.503,0
108.504,0
108.505,0
108.506,0
108.507,0
108.508,0
108.509,0
108.51,0
108.511,0
108.512,0
108.513,0
108.514,0
108.515,0
108.516,0
108.517,0
108.518,0
108.519,0
108.52,0
108.521,0
108.522,0
108.523,0
108.524,0
108.525,0
108.526,0
108.527,0
108.528,0
108.529,0
108.53,0
108.531,0
108.532,0
108.533,0
108.534,0
108.535,0
108.536,0
108.537,0
108.538,0
108.539,0
108.54,0
108.541,0
108.542,0
108.543,0
108.544,0
108.545,0
108.546,0
108.547,0
108.548,0
108.549,0
108.55,0
108.551,0
108.552,0
108.553,0
108.554,0
108.555,0
108.556,0
108.557,0
108.558,0
108.559,0
108.56,0
108.561,0
108.562,0
108.563,0
108.564,0
108.565,0
108.566,0
108.567,0
108.568,0
108.569,0
108.57,0
108.571,0
108.572,0
108.573,0
108.574,0
108.575,0
108.576,0
108.577,0
108.578,0
108.579,0
108.58,0
108.581,0
108.582,0
108.583,0
108.584,0
108.585,0
108.586,0
108.587,0
108.588,0
108.589,0
108.59,0
108.591,0
108.592,0
108.593,0
108.594,0
108.595,0
108.596,0
108.597,0
108.598,0
108.599,0
108.6,0
108.601,0
108.602,0
108.603,0
108.604,0
108.605,0
108.606,0
108.607,0
108.608,0
108.609,0
108.61,0
108.611,0
108.612,0
108.613,0
108.614,0
108.615,0
108.616,0
108.617,0
108.618,0
108.619,0
108.62,0
108.621,0
108.622,0
108.623,0
108.624,0
108.625,0
108.626,0
108.627,0
108.628,0
108.629,0
108.63,0
108.631,0
108.632,0
108.633,0
108.634,0
108.635,0
108.636,0
108.637,0
108.638,0
108.639,0
108.64,0
108.641,0
108.642,0
108.643,0
108.644,0
108.645,0
108.646,0
108.647,0
108.648,0
108.649,0
108.65,0
108.651,0
108.652,0
108.653,0
108.654,0
108.655,0
108.656,0
108.657,0
108.658,0
108.659,0
108.66,0
108.661,0
108.662,0
108.663,0
108.664,0
108.665,0
108.666,0
108.667,0
108.668,0
108.669,0
108.67,0
108.671,0
108.672,0
108.673,0
108.674,0
108.675,0
108.676,0
108.677,0
108.678,0
108.679,0
108.68,0
108.681,0
108.682,0
108.683,0
108.684,0
108.685,0
108.686,0
108.687,0
108.688,0
108.689,0
108.69,0
108.691,0
108.692,0
108.693,0
108.694,0
108.695,0
108.696,0
108.697,0
108.698,0
108.699,0
108.7,0
108.701,0
108.702,0
108.703,0
108.704,0
108.705,0
108.706,0
108.707,0
108.708,0
108.709,0
108.71,0
108.711,0
108.712,0
108.713,0
108.714,0
108.715,0
108.716,0
108.717,0
108.718,0
108.719,0
108.72,0
108.721,0
108.722,0
108.723,0
108.724,0
108.725,0
108.726,0
108.727,0
108.728,0
108.729,0
108.73,0
108.731,0
108.732,0
108.733,0
108.734,0
108.735,0
108.736,0
108.737,0
108.738,0
108.739,0
108.74,0
108.741,0
108.742,0
108.743,0
108.744,0
108.745,0
108.746,0
108.747,0
108.748,0
108.749,0
108.75,0
108.751,0
108.752,0
108.753,0
108.754,0
108.755,0
108.756,0
108.757,0
108.758,0
108.759,0
108.76,0
108.761,0
108.762,0
108.763,0
108.764,0
108.765,0
108.766,0
108.767,0
108.768,0
108.769,0
108.77,0
108.771,0
108.772,0
108.773,0
108.774,0
108.775,0
108.776,0
108.777,0
108.778,0
108.779,0
108.78,0
108.781,0
108.782,0
108.783,0
108.784,0
108.785,0
108.786,0
108.787,0
108.788,0
108.789,0
108.79,0
108.791,0
108.792,0
108.793,0
108.794,0
108.795,0
108.796,0
108.797,0
108.798,0
108.799,0
108.8,0
108.801,0
108.802,0
108.803,0
108.804,0
108.805,0
108.806,0
108.807,0
108.808,0
108.809,0
108.81,0
108.811,0
108.812,0
108.813,0
108.814,0
108.815,0
108.816,0
108.817,0
108.818,0
108.819,0
108.82,0
108.821,0
108.822,0
108.823,0
108.824,0
108.825,0
108.826,0
108.827,0
108.828,0
108.829,0
108.83,0
108.831,0
108.832,0
108.833,0
108.834,0
108.835,0
108.836,0
108.837,0
108.838,0
108.839,0
108.84,0
108.841,0
108.842,0
108.843,0
108.844,0
108.845,0
108.846,0
108.847,0
108.848,0
108.849,0
108.85,0
108.851,0
108.852,0
108.853,0
108.854,0
108.855,0
108.856,0
108.857,0
108.858,0
108.859,0
108.86,0
108.861,0
108.862,0
108.863,0
108.864,0
108.865,0
108.866,0
108.867,0
108.868,0
108.869,0
108.87,0
108.871,0
108.872,0
108.873,0
108.874,0
108.875,0
108.876,0
108.877,0
108.878,0
108.879,0
108.88,0
108.881,0
108.882,0
108.883,0
108.884,0
108.885,0
108.886,0
108.887,0
108.888,0
108.889,0
108.89,0
108.891,0
108.892,0
108.893,0
108.894,0
108.895,0
108.896,0
108.897,0
108.898,0
108.899,0
108.9,0
108.901,0
108.902,0
108.903,0
108.904,0
108.905,0
108.906,0
108.907,0
108.908,0
108.909,0
108.91,0
108.911,0
108.912,0
108.913,0
108.914,0
108.915,0
108.916,0
108.917,0
108.918,0
108.919,0
108.92,0
108.921,0
108.922,0
108.923,0
108.924,0
108.925,0
108.926,0
108.927,0
108.928,0
108.929,0
108.93,0
108.931,0
108.932,0
108.933,0
108.934,0
108.935,0
108.936,0
108.937,0
108.938,0
108.939,0
108.94,0
108.941,0
108.942,0
108.943,0
108.944,0
108.945,0
108.946,0
108.947,0
108.948,0
108.949,0
108.95,0
108.951,0
108.952,0
108.953,0
108.954,0
108.955,0
108.956,0
108.957,0
108.958,0
108.959,0
108.96,0
108.961,0
108.962,0
108.963,0
108.964,0
108.965,0
108.966,0
108.967,0
108.968,0
108.969,0
108.97,0
108.971,0
108.972,0
108.973,0
108.974,0
108.975,0
108.976,0
108.977,0
108.978,0
108.979,0
108.98,0
108.981,0
108.982,0
108.983,0
108.984,0
108.985,0
108.986,0
108.987,0
108.988,0
108.989,0
108.99,0
108.991,0
108.992,0
108.993,0
108.994,0
108.995,0
108.996,0
108.997,0
108.998,0
108.999,0
109,0
109.001,0
109.002,0
109.003,0
109.004,0
109.005,0
109.006,0
109.007,0
109.008,0
109.009,0
109.01,0
109.011,0
109.012,0
109.013,0
109.014,0
109.015,0
109.016,0
109.017,0
109.018,0
109.019,0
109.02,0
109.021,0
109.022,0
109.023,0
109.024,0
109.025,0
109.026,0
109.027,0
109.028,0
109.029,0
109.03,0
109.031,0
109.032,0
109.033,0
109.034,0
109.035,0
109.036,0
109.037,0
109.038,0
109.039,0
109.04,0
109.041,0
109.042,0
109.043,0
109.044,0
109.045,0
109.046,0
109.047,0
109.048,0
109.049,0
109.05,0
109.051,0
109.052,0
109.053,0
109.054,0
109.055,0
109.056,0
109.057,0
109.058,0
109.059,0
109.06,0
109.061,0
109.062,0
109.063,0
109.064,0
109.065,0
109.066,0
109.067,0
109.068,0
109.069,0
109.07,0
109.071,0
109.072,0
109.073,0
109.074,0
109.075,0
109.076,0
109.077,0
109.078,0
109.079,0
109.08,0
109.081,0
109.082,0
109.083,0
109.084,0
109.085,0
109.086,0
109.087,0
109.088,0
109.089,0
109.09,0
109.091,0
109.092,0
109.093,0
109.094,0
109.095,0
109.096,0
109.097,0
109.098,0
109.099,0
109.1,0
109.101,0
109.102,0
109.103,0
109.104,0
109.105,0
109.106,0
109.107,0
109.108,0
109.109,0
109.11,0
109.111,0
109.112,0
109.113,0
109.114,0
109.115,0
109.116,0
109.117,0
109.118,0
109.119,0
109.12,0
109.121,0
109.122,0
109.123,0
109.124,0
109.125,0
109.126,0
109.127,0
109.128,0
109.129,0
109.13,0
109.131,0
109.132,0
109.133,0
109.134,0
109.135,0
109.136,0
109.137,0
109.138,0
109.139,0
109.14,0
109.141,0
109.142,0
109.143,0
109.144,0
109.145,0
109.146,0
109.147,0
109.148,0
109.149,0
109.15,0
109.151,0
109.152,0
109.153,0
109.154,0
109.155,0
109.156,0
109.157,0
109.158,0
109.159,0
109.16,0
109.161,0
109.162,0
109.163,0
109.164,0
109.165,0
109.166,0
109.167,0
109.168,0
109.169,0
109.17,0
109.171,0
109.172,0
109.173,0
109.174,0
109.175,0
109.176,0
109.177,0
109.178,0
109.179,0
109.18,0
109.181,0
109.182,0
109.183,0
109.184,0
109.185,0
109.186,0
109.187,0
109.188,0
109.189,0
109.19,0
109.191,0
109.192,0
109.193,0
109.194,0
109.195,0
109.196,0
109.197,0
109.198,0
109.199,0
109.2,0
109.201,0
109.202,0
109.203,0
109.204,0
109.205,0
109.206,0
109.207,0
109.208,0
109.209,0
109.21,0
109.211,0
109.212,0
109.213,0
109.214,0
109.215,0
109.216,0
109.217,0
109.218,0
109.219,0
109.22,0
109.221,0
109.222,0
109.223,0
109.2239857578,1
109.224,0
109.225,0
109.226,0
109.227,0
109.228,0
109.229,0
109.23,0
109.231,0
109.232,0
109.233,0
109.234,0
109.235,0
109.236,0
109.237,0
109.238,0
109.239,0
109.24,0
109.241,0
109.242,0
109.243,0
109.244,0
109.245,0
109.246,0
109.247,0
109.248,0
109.249,0
109.25,0
109.251,0
109.252,0
109.253,0
109.254,0
109.255,0
109.256,0
109.257,0
109.258,0
109.259,0
109.26,0
109.261,0
109.262,0
109.263,0
109.264,0
109.265,0
109.266,0
109.267,0
109.268,0
109.269,0
109.27,0
109.271,0
109.272,0
109.273,0
109.274,0
109.275,0
109.276,0
109.277,0
109.278,0
109.279,0
109.28,0
109.281,0
109.282,0
109.283,0
109.284,0
109.285,0
109.286,0
109.287,0
109.288,0
109.289,0
109.29,0
109.291,0
109.292,0
109.293,0
109.294,0
109.295,0
109.296,0
109.297,0
109.298,0
109.299,0
109.3,0
109.301,0
109.302,0
109.303,0
109.304,0
109.305,0
109.306,0
109.307,0
109.308,0
109.309,0
109.31,0
109.311,0
109.312,0
109.313,0
109.314,0
109.315,0
109.316,0
109.319,0
109.32,0
109.321,0
109.322,0
109.323,0
109.324,0
109.325,0
109.326,0
109.327,0
109.328,0
109.329,0
109.33,0
109.331,0
109.332,0
109.333,0
109.334,0
109.335,0
109.336,0
109.337,0
109.338,0
109.339,0
109.34,0
109.341,0
109.342,0
109.343,0
109.344,0
109.345,0
109.346,0
109.347,0
109.348,0
109.349,0
109.35,0
109.351,0
109.352,0
109.353,0
109.354,0
109.355,0
109.356,0
109.357,0
109.358,0
109.359,0
109.36,0
109.361,0
109.362,0
109.363,0
109.364,0
109.365,0
109.366,0
109.367,0
109.368,0
109.369,0
109.37,0
109.371,0
109.372,0
109.373,0
109.374,0
109.375,0
109.376,0
109.377,0
109.378,0
109.379,0
109.38,0
109.381,0
109.382,0
109.383,0
109.384,0
109.385,0
109.386,0
109.387,0
109.388,0
109.389,0
109.39,0
109.391,0
109.392,0
109.393,0
109.394,0
109.395,0
109.396,0
109.397,0
109.398,0
109.399,0
109.4,0
109.401,0
109.402,0
109.403,0
109.404,0
109.405,0
109.406,0
109.407,0
109.408,0
109.409,0
109.41,0
109.411,0
109.412,0
109.413,0
109.414,0
109.415,0
109.416,0
109.417,0
109.418,0
109.419,0
109.42,0
109.421,0
109.422,0
109.423,0
109.424,0
109.425,0
109.426,0
109.427,0
109.428,0
109.429,0
109.43,0
109.431,0
109.432,0
109.433,0
109.434,0
109.435,0
109.436,0
109.437,0
109.438,0
109.439,0
109.44,0
109.441,0
109.442,0
109.443,0
109.444,0
109.445,0
109.446,0
109.447,0
109.448,0
109.449,0
109.45,0
109.451,0
109.452,0
109.453,0
109.454,0
109.455,0
109.456,0
109.457,0
109.458,0
109.459,0
109.46,0
109.461,0
109.462,0
109.463,0
109.464,0
109.465,0
109.466,0
109.467,0
109.468,0
109.469,0
109.47,0
109.471,0
109.472,0
109.473,0
109.474,0
109.475,0
109.476,0
109.477,0
109.478,0
109.479,0
109.48,0
109.481,0
109.482,0
109.483,0
109.484,0
109.485,0
109.486,0
109.487,0
109.488,0
109.489,0
109.49,0
109.491,0
109.492,0
109.493,0
109.494,0
109.495,0
109.496,0
109.497,0
109.498,0
109.499,0
109.5,0
109.501,0
109.502,0
109.503,0
109.504,0
109.505,0
109.506,0
109.507,0
109.508,0
109.509,0
109.51,0
109.511,0
109.512,0
109.513,0
109.514,0
109.515,0
109.516,0
109.517,0
109.518,0
109.519,0
109.52,0
109.521,0
109.522,0
109.523,0
109.524,0
109.525,0
109.526,0
109.527,0
109.528,0
109.529,0
109.53,0
109.531,0
109.532,0
109.533,0
109.534,0
109.535,0
109.536,0
109.537,0
109.538,0
109.539,0
109.54,0
109.541,0
109.542,0
109.543,0
109.544,0
109.545,0
109.546,0
109.547,0
109.548,0
109.549,0
109.55,0
109.551,0
109.552,0
109.553,0
109.554,0
109.555,0
109.556,0
109.557,0
109.558,0
109.559,0
109.56,0
109.561,0
109.562,0
109.563,0
109.564,0
109.565,0
109.566,0
109.567,0
109.568,0
109.569,0
109.57,0
109.571,0
109.572,0
109.573,0
109.574,0
109.575,0
109.576,0
109.577,0
109.578,0
109.579,0
109.58,0
109.581,0
109.582,0
109.583,0
109.584,0
109.585,0
109.586,0
109.587,0
109.588,0
109.589,0
109.59,0
109.591,0
109.592,0
109.593,0
109.594,0
109.595,0
109.596,0
109.597,0
109.598,0
109.599,0
109.6,0
109.601,0
109.602,0
109.603,0
109.604,0
109.605,0
109.606,0
109.607,0
109.608,0
109.609,0
109.61,0
109.611,0
109.612,0
109.613,0
109.614,0
109.615,0
109.616,0
109.617,0
109.618,0
109.619,0
109.62,0
109.621,0
109.622,0
109.623,0
109.624,0
109.625,0
109.626,0
109.627,0
109.628,0
109.629,0
109.63,0
109.631,0
109.632,0
109.633,0
109.634,0
109.635,0
109.636,0
109.637,0
109.638,0
109.639,0
109.64,0
109.641,0
109.642,0
109.643,0
109.644,0
109.645,0
109.646,0
109.647,0
109.648,0
109.649,0
109.65,0
109.651,0
109.652,0
109.653,0
109.654,0
109.655,0
109.656,0
109.657,0
109.658,0
109.659,0
109.66,0
109.661,0
109.662,0
109.663,0
109.664,0
109.665,0
109.666,0
109.667,0
109.668,0
109.669,0
109.67,0
109.671,0
109.672,0
109.673,0
109.674,0
109.675,0
109.676,0
109.677,0
109.678,0
109.679,0
109.68,0
109.681,0
109.682,0
109.683,0
109.684,0
109.685,0
109.686,0
109.687,0
109.688,0
109.689,0
109.69,0
109.691,0
109.692,0
109.693,0
109.694,0
109.695,0
109.696,0
109.697,0
109.698,0
109.699,0
109.7,0
109.701,0
109.702,0
109.703,0
109.704,0
109.705,0
109.706,0
109.707,0
109.708,0
109.709,0
109.71,0
109.711,0
109.712,0
109.713,0
109.714,0
109.715,0
109.716,0
109.717,0
109.718,0
109.719,0
109.72,0
109.721,0
109.722,0
109.723,0
109.724,0
109.725,0
109.726,0
109.727,0
109.728,0
109.729,0
109.73,0
109.731,0
109.732,0
109.733,0
109.734,0
109.735,0
109.736,0
109.737,0
109.738,0
109.739,0
109.74,0
109.741,0
109.742,0
109.743,0
109.744,0
109.745,0
109.746,0
109.747,0
109.748,0
109.749,0
109.75,0
109.751,0
109.752,0
109.753,0
109.754,0
109.758,0
109.759,0
109.76,0
109.761,0
109.762,0
109.763,0
109.764,0
109.765,0
109.766,0
109.767,0
109.768,0
109.769,0
109.77,0
109.771,0
109.772,0
109.773,0
109.774,0
109.775,0
109.776,0
109.777,0
109.778,0
109.779,0
109.78,0
109.781,0
109.782,0
109.783,0
109.784,0
109.785,0
109.786,0
109.787,0
109.788,0
109.789,0
109.79,0
109.791,0
109.792,0
109.793,0
109.794,0
109.795,0
109.796,0
109.797,0
109.798,0
109.799,0
109.8,0
109.801,0
109.802,0
109.803,0
109.804,0
109.805,0
109.806,0
109.807,0
109.808,0
109.809,0
109.81,0
109.811,0
109.812,0
109.813,0
109.814,0
109.815,0
109.816,0
109.817,0
109.818,0
109.819,0
109.82,0
109.821,0
109.822,0
109.823,0
109.824,0
109.825,0
109.826,0
109.827,0
109.828,0
109.829,0
109.83,0
109.831,0
109.832,0
109.833,0
109.834,0
109.835,0
109.836,0
109.837,0
109.838,0
109.839,0
109.84,0
109.841,0
109.842,0
109.843,0
109.844,0
109.845,0
109.846,0
109.847,0
109.848,0
109.849,0
109.85,0
109.851,0
109.852,0
109.853,0
109.854,0
109.855,0
109.856,0
109.857,0
109.858,0
109.859,0
109.86,0
109.861,0
109.862,0
109.863,0
109.864,0
109.865,0
109.866,0
109.867,0
109.868,0
109.869,0
109.87,0
109.871,0
109.872,0
109.873,0
109.874,0
109.875,0
109.876,0
109.877,0
109.878,0
109.879,0
109.88,0
109.881,0
109.882,0
109.883,0
109.884,0
109.885,0
109.886,0
109.887,0
109.888,0
109.889,0
109.89,0
109.891,0
109.892,0
109.893,0
109.894,0
109.895,0
109.896,0
109.897,0
109.898,0
109.899,0
109.9,0
109.901,0
109.902,0
109.903,0
109.904,0
109.905,0
109.906,0
109.907,0
109.908,0
109.909,0
109.91,0
109.911,0
109.912,0
109.913,0
109.914,0
109.915,0
109.916,0
109.917,0
109.918,0
109.919,0
109.92,0
109.921,0
109.922,0
109.923,0
109.928,0
109.929,0
109.93,0
109.931,0
109.932,0
109.933,0
109.934,0
109.935,0
109.936,0
109.937,0
109.938,0
109.939,0
109.94,0
109.941,0
109.942,0
109.943,0
109.944,0
109.945,0
109.946,0
109.947,0
109.948,0
109.949,0
109.95,0
109.951,0
109.952,0
109.953,0
109.954,0
109.955,0
109.956,0
109.957,0
109.958,0
109.959,0
109.96,0
109.961,0
109.962,0
109.963,0
109.964,0
109.965,0
109.966,0
109.967,0
109.968,0
109.969,0
109.97,0
109.971,0
109.972,0
109.973,0
109.974,0
109.975,0
109.976,0
109.977,0
109.978,0
109.979,0
109.98,0
109.981,0
109.982,0
109.983,0
109.984,0
109.985,0
109.986,0
109.987,0
109.988,0
109.989,0
109.99,0
109.991,0
109.992,0
109.993,0
109.994,0
109.995,0
109.996,0
109.997,0
109.998,0
109.999,0
110,0
110.001,0
110.002,0
110.003,0
110.004,0
110.005,0
110.006,0
110.007,0
110.008,0
110.009,0
110.01,0
110.011,0
110.012,0
110.013,0
110.014,0
110.015,0
110.016,0
110.017,0
110.018,0
110.019,0
110.02,0
110.021,0
110.022,0
110.023,0
110.024,0
110.025,0
110.026,0
110.027,0
110.028,0
110.029,0
110.03,0
110.031,0
110.032,0
110.033,0
110.034,0
110.035,0
110.036,0
110.037,0
110.038,0
110.039,0
110.04,0
110.041,0
110.042,0
110.043,0
110.044,0
110.045,0
110.046,0
110.047,0
110.048,0
110.049,0
110.05,0
110.051,0
110.052,0
110.053,0
110.054,0
110.055,0
110.056,0
110.057,0
110.058,0
110.059,0
110.06,0
110.061,0
110.062,0
110.063,0
110.064,0
110.065,0
110.066,0
110.067,0
110.068,0
110.069,0
110.07,0
110.071,0
110.072,0
110.073,0
110.074,0
110.075,0
110.076,0
110.077,0
110.078,0
110.079,0
110.08,0
110.081,0
110.082,0
110.083,0
110.084,0
110.085,0
110.086,0
110.087,0
110.088,0
110.089,0
110.09,0
110.091,0
110.092,0
110.093,0
110.094,0
110.095,0
110.096,0
110.097,0
110.098,0
110.099,0
110.1,0
110.101,0
110.102,0
110.103,0
110.104,0
110.105,0
110.106,0
110.107,0
110.108,0
110.109,0
110.11,0
110.111,0
110.112,0
110.113,0
110.114,0
110.115,0
110.116,0
110.117,0
110.118,0
110.119,0
110.12,0
110.121,0
110.122,0
110.123,0
110.124,0
110.125,0
110.126,0
110.127,0
110.128,0
110.129,0
110.13,0
110.131,0
110.132,0
110.133,0
110.134,0
110.135,0
110.136,0
110.137,0
110.138,0
110.139,0
110.14,0
110.141,0
110.142,0
110.143,0
110.144,0
110.145,0
110.146,0
110.147,0
110.148,0
110.149,0
110.15,0
110.151,0
110.152,0
110.153,0
110.154,0
110.155,0
110.156,0
110.157,0
110.158,0
110.159,0
110.16,0
110.161,0
110.162,0
110.163,0
110.164,0
110.165,0
110.166,0
110.167,0
110.168,0
110.169,0
110.17,0
110.171,0
110.172,0
110.173,0
110.174,0
110.175,0
110.176,0
110.177,0
110.178,0
110.179,0
110.18,0
110.181,0
110.182,0
110.183,0
110.184,0
110.185,0
110.186,0
110.187,0
110.188,0
110.189,0
110.19,0
110.191,0
110.192,0
110.193,0
110.194,0
110.195,0
110.196,0
110.197,0
110.198,0
110.199,0
110.2,0
110.201,0
110.202,0
110.203,0
110.204,0
110.205,0
110.206,0
110.207,0
110.208,0
110.209,0
110.21,0
110.211,0
110.212,0
110.213,0
110.214,0
110.215,0
110.216,0
110.217,0
110.218,0
110.219,0
110.22,0
110.221,0
110.222,0
110.223,0
110.224,0
110.225,0
110.226,0
110.227,0
110.228,0
110.229,0
110.23,0
110.231,0
110.232,0
110.233,0
110.234,0
110.235,0
110.236,0
110.237,0
110.238,0
110.239,0
110.24,0
110.241,0
110.242,0
110.243,0
110.244,0
110.245,0
110.246,0
110.247,0
110.248,0
110.249,0
110.25,0
110.251,0
110.252,0
110.253,0
110.254,0
110.255,0
110.256,0
110.257,0
110.258,0
110.259,0
110.26,0
110.261,0
110.262,0
110.263,0
110.264,0
110.265,0
110.266,0
110.267,0
110.268,0
110.269,0
110.27,0
110.271,0
110.272,0
110.273,0
110.274,0
110.275,0
110.276,0
110.277,0
110.278,0
110.279,0
110.28,0
110.281,0
110.282,0
110.283,0
110.284,0
110.285,0
110.286,0
110.287,0
110.288,0
110.289,0
110.29,0
110.291,0
110.292,0
110.293,0
110.294,0
110.295,0
110.296,0
110.297,0
110.298,0
110.299,0
110.3,0
110.301,0
110.302,0
110.303,0
110.304,0
110.305,0
110.306,0
110.307,0
110.308,0
110.309,0
110.31,0
110.311,0
110.312,0
110.313,0
110.314,0
110.315,0
110.316,0
110.317,0
110.318,0
110.319,0
110.32,0
110.321,0
110.322,0
110.323,0
110.324,0
110.325,0
110.326,0
110.327,0
110.328,0
110.329,0
110.33,0
110.331,0
110.332,0
110.333,0
110.334,0
110.335,0
110.336,0
110.337,0
110.338,0
110.339,0
110.34,0
110.341,0
110.342,0
110.343,0
110.344,0
110.345,0
110.346,0
110.347,0
110.348,0
110.349,0
110.35,0
110.351,0
110.352,0
110.353,0
110.354,0
110.355,0
110.356,0
110.357,0
110.358,0
110.359,0
110.36,0
110.361,0
110.362,0
110.363,0
110.364,0
110.365,0
110.366,0
110.367,0
110.368,0
110.369,0
110.37,0
110.371,0
110.372,0
110.373,0
110.374,0
110.375,0
110.376,0
110.377,0
110.378,0
110.379,0
110.38,0
110.381,0
110.382,0
110.383,0
110.384,0
110.385,0
110.386,0
110.387,0
110.388,0
110.389,0
110.39,0
110.391,0
110.392,0
110.393,0
110.394,0
110.395,0
110.396,0
110.397,0
110.398,0
110.399,0
110.4,0
110.401,0
110.402,0
110.403,0
110.404,0
110.405,0
110.406,0
110.407,0
110.408,0
110.409,0
110.41,0
110.411,0
110.412,0
110.413,0
110.414,0
110.415,0
110.416,0
110.417,0
110.418,0
110.419,0
110.42,0
110.421,0
110.422,0
110.423,0
110.424,0
110.425,0
110.426,0
110.427,0
110.428,0
110.429,0
110.43,0
110.431,0
110.432,0
110.433,0
110.434,0
110.435,0
110.436,0
110.437,0
110.438,0
110.439,0
110.44,0
110.441,0
110.442,0
110.443,0
110.444,0
110.445,0
110.446,0
110.447,0
110.448,0
110.449,0
110.45,0
110.451,0
110.452,0
110.453,0
110.454,0
110.455,0
110.456,0
110.457,0
110.458,0
110.459,0
110.46,0
110.461,0
110.462,0
110.463,0
110.464,0
110.465,0
110.466,0
110.467,0
110.468,0
110.469,0
110.47,0
110.471,0
110.472,0
110.473,0
110.474,0
110.475,0
110.476,0
110.477,0
110.478,0
110.479,0
110.48,0
110.481,0
110.482,0
110.483,0
110.484,0
110.485,0
110.486,0
110.487,0
110.488,0
110.489,0
110.49,0
110.491,0
110.492,0
110.493,0
110.494,0
110.495,0
110.496,0
110.497,0
110.498,0
110.499,0
110.5,0
110.501,0
110.502,0
110.503,0
110.504,0
110.505,0
110.506,0
110.507,0
110.508,0
110.509,0
110.51,0
110.511,0
110.512,0
110.513,0
110.514,0
110.515,0
110.516,0
110.517,0
110.518,0
110.519,0
110.52,0
110.521,0
110.522,0
110.523,0
110.524,0
110.525,0
110.526,0
110.527,0
110.528,0
110.529,0
110.53,0
110.531,0
110.532,0
110.533,0
110.534,0
110.535,0
110.536,0
110.537,0
110.538,0
110.539,0
110.54,0
110.541,0
110.542,0
110.543,0
110.544,0
110.545,0
110.546,0
110.547,0
110.548,0
110.549,0
110.55,0
110.551,0
110.552,0
110.553,0
110.554,0
110.555,0
110.556,0
110.557,0
110.558,0
110.559,0
110.56,0
110.561,0
110.562,0
110.563,0
110.564,0
110.565,0
110.566,0
110.567,0
110.568,0
110.569,0
110.57,0
110.571,0
110.572,0
110.573,0
110.574,0
110.575,0
110.5759920578,1
110.576,0
110.577,0
110.578,0
110.579,0
110.58,0
110.581,0
110.582,0
110.583,0
110.584,0
110.585,0
110.586,0
110.587,0
110.588,0
110.589,0
110.59,0
110.591,0
110.592,0
110.593,0
110.594,0
110.595,0
110.596,0
110.597,0
110.598,0
110.599,0
110.6,0
110.601,0
110.602,0
110.603,0
110.604,0
110.605,0
110.606,0
110.607,0
110.608,0
110.609,0
110.61,0
110.611,0
110.612,0
110.613,0
110.614,0
110.615,0
110.616,0
110.617,0
110.618,0
110.619,0
110.62,0
110.621,0
110.622,0
110.623,0
110.624,0
110.625,0
110.626,0
110.627,0
110.628,0
110.629,0
110.63,0
110.631,0
110.632,0
110.633,0
110.634,0
110.635,0
110.636,0
110.637,0
110.638,0
110.639,0
110.64,0
110.641,0
110.642,0
110.643,0
110.644,0
110.645,0
110.646,0
110.647,0
110.648,0
110.649,0
110.65,0
110.651,0
110.652,0
110.653,0
110.654,0
110.655,0
110.656,0
110.657,0
110.658,0
110.659,0
110.66,0
110.661,0
110.662,0
110.663,0
110.664,0
110.665,0
110.666,0
110.667,0
110.67,0
110.671,0
110.672,0
110.673,0
110.674,0
110.675,0
110.676,0
110.677,0
110.678,0
110.679,0
110.68,0
110.681,0
110.682,0
110.683,0
110.684,0
110.685,0
110.686,0
110.687,0
110.688,0
110.689,0
110.69,0
110.691,0
110.692,0
110.693,0
110.694,0
110.695,0
110.696,0
110.697,0
110.698,0
110.699,0
110.7,0
110.703,0
110.704,0
110.705,0
110.706,0
110.707,0
110.708,0
110.709,0
110.71,0
110.711,0
110.712,0
110.713,0
110.714,0
110.715,0
110.716,0
110.717,0
110.718,0
110.719,0
110.72,0
110.721,0
110.722,0
110.723,0
110.724,0
110.725,0
110.726,0
110.727,0
110.728,0
110.729,0
110.73,0
110.731,0
110.732,0
110.733,0
110.734,0
110.735,0
110.736,0
110.737,0
110.738,0
110.739,0
110.74,0
110.741,0
110.742,0
110.743,0
110.744,0
110.745,0
110.746,0
110.747,0
110.748,0
110.749,0
110.75,0
110.751,0
110.752,0
110.753,0
110.754,0
110.755,0
110.756,0
110.758,0
110.759,0
110.76,0
110.761,0
110.762,0
110.763,0
110.764,0
110.765,0
110.766,0
110.767,0
110.768,0
110.769,0
110.77,0
110.771,0
110.772,0
110.773,0
110.774,0
110.775,0
110.776,0
110.777,0
110.778,0
110.779,0
110.78,0
110.781,0
110.782,0
110.783,0
110.784,0
110.785,0
110.786,0
110.787,0
110.788,0
110.789,0
110.79,0
110.791,0
110.792,0
110.793,0
110.794,0
110.795,0
110.796,0
110.797,0
110.798,0
110.799,0
110.8,0
110.801,0
110.802,0
110.803,0
110.804,0
110.805,0
110.806,0
110.807,0
110.808,0
110.809,0
110.81,0
110.811,0
110.812,0
110.813,0
110.814,0
110.815,0
110.816,0
110.817,0
110.818,0
110.819,0
110.82,0
110.821,0
110.822,0
110.823,0
110.824,0
110.825,0
110.826,0
110.827,0
110.828,0
110.829,0
110.83,0
110.831,0
110.832,0
110.833,0
110.834,0
110.835,0
110.836,0
110.837,0
110.838,0
110.839,0
110.84,0
110.841,0
110.842,0
110.843,0
110.844,0
110.845,0
110.846,0
110.847,0
110.848,0
110.849,0
110.851,0
110.853,0
110.854,0
110.855,0
110.856,0
110.857,0
110.859,0
110.86,0
110.861,0
110.862,0
110.863,0
110.864,0
110.865,0
110.866,0
110.867,0
110.868,0
110.869,0
110.87,0
110.871,0
110.872,0
110.873,0
110.874,0
110.875,0
110.876,0
110.877,0
110.878,0
110.879,0
110.88,0
110.881,0
110.882,0
110.883,0
110.885,0
110.886,0
110.887,0
110.888,0
110.889,0
110.89,0
110.891,0
110.892,0
110.893,0
110.894,0
110.895,0
110.896,0
110.897,0
110.898,0
110.899,0
110.9,0
110.901,0
110.902,0
110.903,0
110.904,0
110.905,0
110.906,0
110.907,0
110.908,0
110.909,0
110.91,0
110.911,0
110.912,0
110.913,0
110.914,0
110.915,0
110.916,0
110.917,0
110.918,0
110.919,0
110.92,0
110.921,0
110.922,0
110.923,0
110.924,0
110.925,0
110.926,0
110.927,0
110.928,0
110.929,0
110.93,0
110.931,0
110.932,0
110.933,0
110.934,0
110.935,0
110.936,0
110.937,0
110.938,0
110.939,0
110.94,0
110.941,0
110.942,0
110.943,0
110.944,0
110.945,0
110.946,0
110.947,0
110.948,0
110.949,0
110.95,0
110.951,0
110.952,0
110.953,0
110.954,0
110.955,0
110.956,0
110.957,0
110.958,0
110.959,0
110.96,0
110.961,0
110.962,0
110.963,0
110.964,0
110.965,0
110.966,0
110.967,0
110.968,0
110.969,0
110.97,0
110.971,0
110.972,0
110.973,0
110.974,0
110.975,0
110.976,0
110.977,0
110.978,0
110.979,0
110.98,0
110.981,0
110.982,0
110.983,0
110.984,0
110.985,0
110.986,0
110.987,0
110.988,0
110.989,0
110.99,0
110.991,0
110.992,0
110.993,0
110.994,0
110.995,0
110.996,0
110.997,0
110.998,0
110.999,0
111,0
111.001,0
111.002,0
111.003,0
111.004,0
111.005,0
111.006,0
111.007,0
111.008,0
111.009,0
111.01,0
111.011,0
111.012,0
111.013,0
111.014,0
111.015,0
111.016,0
111.017,0
111.018,0
111.019,0
111.02,0
111.021,0
111.022,0
111.023,0
111.024,0
111.025,0
111.026,0
111.027,0
111.028,0
111.029,0
111.03,0
111.031,0
111.032,0
111.033,0
111.034,0
111.035,0
111.036,0
111.037,0
111.038,0
111.039,0
111.04,0
111.041,0
111.042,0
111.043,0
111.044,0
111.045,0
111.046,0
111.047,0
111.048,0
111.049,0
111.05,0
111.051,0
111.052,0
111.053,0
111.054,0
111.055,0
111.056,0
111.057,0
111.058,0
111.059,0
111.06,0
111.061,0
111.062,0
111.063,0
111.064,0
111.065,0
111.066,0
111.067,0
111.068,0
111.069,0
111.07,0
111.071,0
111.072,0
111.073,0
111.074,0
111.075,0
111.076,0
111.077,0
111.078,0
111.079,0
111.08,0
111.081,0
111.082,0
111.083,0
111.084,0
111.085,0
111.086,0
111.087,0
111.088,0
111.089,0
111.09,0
111.091,0
111.092,0
111.093,0
111.094,0
111.095,0
111.096,0
111.097,0
111.098,0
111.099,0
111.1,0
111.101,0
111.102,0
111.103,0
111.104,0
111.105,0
111.106,0
111.107,0
111.108,0
111.109,0
111.11,0
111.111,0
111.112,0
111.113,0
111.114,0
111.115,0
111.116,0
111.117,0
111.118,0
111.119,0
111.12,0
111.121,0
111.122,0
111.123,0
111.124,0
111.125,0
111.126,0
111.127,0
111.128,0
111.129,0
111.13,0
111.131,0
111.132,0
111.133,0
111.134,0
111.135,0
111.136,0
111.137,0
111.138,0
111.139,0
111.14,0
111.141,0
111.142,0
111.143,0
111.144,0
111.145,0
111.146,0
111.147,0
111.148,0
111.149,0
111.15,0
111.151,0
111.152,0
111.153,0
111.154,0
111.155,0
111.156,0
111.157,0
111.158,0
111.159,0
111.16,0
111.161,0
111.162,0
111.163,0
111.164,0
111.165,0
111.166,0
111.167,0
111.168,0
111.169,0
111.17,0
111.171,0
111.172,0
111.173,0
111.174,0
111.175,0
111.176,0
111.177,0
111.178,0
111.179,0
111.18,0
111.181,0
111.182,0
111.183,0
111.184,0
111.185,0
111.186,0
111.187,0
111.188,0
111.189,0
111.19,0
111.191,0
111.192,0
111.193,0
111.194,0
111.195,0
111.196,0
111.197,0
111.198,0
111.199,0
111.2,0
111.201,0
111.202,0
111.203,0
111.204,0
111.205,0
111.206,0
111.207,0
111.208,0
111.209,0
111.21,0
111.211,0
111.212,0
111.213,0
111.214,0
111.215,0
111.216,0
111.217,0
111.218,0
111.219,0
111.22,0
111.221,0
111.222,0
111.223,0
111.224,0
111.225,0
111.226,0
111.227,0
111.228,0
111.229,0
111.23,0
111.231,0
111.232,0
111.233,0
111.234,0
111.235,0
111.236,0
111.237,0
111.238,0
111.239,0
111.24,0
111.241,0
111.242,0
111.243,0
111.244,0
111.245,0
111.246,0
111.247,0
111.248,0
111.249,0
111.25,0
111.251,0
111.252,0
111.253,0
111.254,0
111.255,0
111.256,0
111.257,0
111.258,0
111.259,0
111.26,0
111.261,0
111.262,0
111.263,0
111.264,0
111.265,0
111.266,0
111.267,0
111.268,0
111.269,0
111.27,0
111.271,0
111.272,0
111.273,0
111.274,0
111.275,0
111.276,0
111.277,0
111.278,0
111.279,0
111.28,0
111.281,0
111.282,0
111.283,0
111.284,0
111.285,0
111.286,0
111.287,0
111.288,0
111.289,0
111.29,0
111.291,0
111.292,0
111.293,0
111.294,0
111.295,0
111.296,0
111.297,0
111.298,0
111.299,0
111.3,0
111.301,0
111.302,0
111.303,0
111.304,0
111.305,0
111.306,0
111.307,0
111.308,0
111.309,0
111.31,0
111.311,0
111.312,0
111.313,0
111.314,0
111.315,0
111.316,0
111.317,0
111.318,0
111.319,0
111.32,0
111.321,0
111.322,0
111.323,0
111.324,0
111.325,0
111.326,0
111.327,0
111.328,0
111.329,0
111.33,0
111.331,0
111.332,0
111.333,0
111.334,0
111.335,0
111.336,0
111.337,0
111.338,0
111.339,0
111.34,0
111.341,0
111.342,0
111.343,0
111.344,0
111.345,0
111.346,0
111.347,0
111.348,0
111.349,0
111.35,0
111.351,0
111.352,0
111.353,0
111.354,0
111.355,0
111.356,0
111.357,0
111.358,0
111.359,0
111.36,0
111.361,0
111.362,0
111.363,0
111.364,0
111.365,0
111.366,0
111.367,0
111.368,0
111.369,0
111.37,0
111.371,0
111.372,0
111.373,0
111.374,0
111.375,0
111.376,0
111.377,0
111.378,0
111.379,0
111.38,0
111.381,0
111.382,0
111.383,0
111.384,0
111.385,0
111.386,0
111.387,0
111.388,0
111.389,0
111.39,0
111.391,0
111.392,0
111.393,0
111.394,0
111.395,0
111.396,0
111.397,0
111.398,0
111.399,0
111.4,0
111.401,0
111.402,0
111.403,0
111.404,0
111.405,0
111.406,0
111.407,0
111.408,0
111.409,0
111.41,0
111.411,0
111.412,0
111.413,0
111.414,0
111.415,0
111.416,0
111.417,0
111.418,0
111.419,0
111.42,0
111.421,0
111.422,0
111.423,0
111.424,0
111.425,0
111.426,0
111.427,0
111.428,0
111.429,0
111.43,0
111.431,0
111.432,0
111.433,0
111.434,0
111.435,0
111.436,0
111.437,0
111.438,0
111.439,0
111.44,0
111.441,0
111.442,0
111.443,0
111.444,0
111.445,0
111.446,0
111.447,0
111.448,0
111.449,0
111.45,0
111.451,0
111.452,0
111.453,0
111.454,0
111.455,0
111.456,0
111.457,0
111.458,0
111.459,0
111.46,0
111.461,0
111.462,0
111.463,0
111.464,0
111.465,0
111.466,0
111.467,0
111.468,0
111.469,0
111.47,0
111.471,0
111.472,0
111.473,0
111.474,0
111.475,0
111.476,0
111.477,0
111.478,0
111.479,0
111.48,0
111.481,0
111.482,0
111.483,0
111.484,0
111.485,0
111.486,0
111.487,0
111.488,0
111.489,0
111.49,0
111.491,0
111.492,0
111.493,0
111.494,0
111.495,0
111.496,0
111.497,0
111.498,0
111.499,0
111.5,0
111.501,0
111.502,0
111.503,0
111.504,0
111.505,0
111.506,0
111.507,0
111.508,0
111.509,0
111.51,0
111.511,0
111.512,0
111.513,0
111.514,0
111.515,0
111.516,0
111.517,0
111.518,0
111.519,0
111.52,0
111.521,0
111.522,0
111.523,0
111.524,0
111.525,0
111.526,0
111.527,0
111.528,0
111.529,0
111.53,0
111.531,0
111.532,0
111.533,0
111.534,0
111.535,0
111.536,0
111.537,0
111.538,0
111.539,0
111.54,0
111.541,0
111.542,0
111.543,0
111.544,0
111.545,0
111.546,0
111.547,0
111.548,0
111.549,0
111.55,0
111.551,0
111.552,0
111.553,0
111.554,0
111.555,0
111.556,0
111.557,0
111.558,0
111.559,0
111.56,0
111.561,0
111.562,0
111.563,0
111.564,0
111.565,0
111.566,0
111.567,0
111.568,0
111.569,0
111.57,0
111.571,0
111.572,0
111.573,0
111.574,0
111.575,0
111.576,0
111.577,0
111.578,0
111.579,0
111.58,0
111.581,0
111.582,0
111.583,0
111.584,0
111.585,0
111.586,0
111.587,0
111.588,0
111.589,0
111.59,0
111.591,0
111.592,0
111.593,0
111.594,0
111.595,0
111.596,0
111.597,0
111.598,0
111.599,0
111.6,0
111.601,0
111.602,0
111.603,0
111.604,0
111.605,0
111.606,0
111.607,0
111.608,0
111.609,0
111.61,0
111.611,0
111.612,0
111.613,0
111.614,0
111.615,0
111.616,0
111.617,0
111.618,0
111.619,0
111.62,0
111.621,0
111.622,0
111.623,0
111.624,0
111.625,0
111.626,0
111.627,0
111.628,0
111.629,0
111.63,0
111.631,0
111.632,0
111.633,0
111.634,0
111.635,0
111.636,0
111.637,0
111.638,0
111.639,0
111.64,0
111.641,0
111.642,0
111.643,0
111.644,0
111.645,0
111.646,0
111.647,0
111.648,0
111.649,0
111.65,0
111.651,0
111.652,0
111.653,0
111.654,0
111.655,0
111.656,0
111.657,0
111.658,0
111.659,0
111.66,0
111.661,0
111.662,0
111.663,0
111.664,0
111.665,0
111.666,0
111.667,0
111.668,0
111.669,0
111.67,0
111.671,0
111.672,0
111.673,0
111.674,0
111.675,0
111.676,0
111.677,0
111.678,0
111.679,0
111.68,0
111.681,0
111.682,0
111.683,0
111.684,0
111.685,0
111.686,0
111.687,0
111.688,0
111.689,0
111.69,0
111.691,0
111.692,0
111.693,0
111.694,0
111.695,0
111.696,0
111.697,0
111.698,0
111.699,0
111.7,0
111.701,0
111.702,0
111.703,0
111.704,0
111.705,0
111.706,0
111.707,0
111.708,0
111.709,0
111.71,0
111.711,0
111.712,0
111.713,0
111.714,0
111.715,0
111.716,0
111.717,0
111.718,0
111.719,0
111.72,0
111.721,0
111.722,0
111.723,0
111.724,0
111.725,0
111.726,0
111.727,0
111.728,0
111.729,0
111.73,0
111.731,0
111.732,0
111.733,0
111.734,0
111.735,0
111.736,0
111.737,0
111.738,0
111.739,0
111.74,0
111.741,0
111.742,0
111.743,0
111.744,0
111.745,0
111.746,0
111.747,0
111.748,0
111.749,0
111.75,0
111.751,0
111.752,0
111.753,0
111.754,0
111.755,0
111.756,0
111.757,0
111.758,0
111.759,0
111.76,0
111.761,0
111.762,0
111.763,0
111.764,0
111.765,0
111.766,0
111.767,0
111.768,0
111.769,0
111.77,0
111.771,0
111.772,0
111.773,0
111.774,0
111.775,0
111.776,0
111.777,0
111.778,0
111.779,0
111.78,0
111.781,0
111.782,0
111.783,0
111.784,0
111.785,0
111.786,0
111.787,0
111.788,0
111.789,0
111.79,0
111.791,0
111.792,0
111.793,0
111.794,0
111.795,0
111.796,0
111.797,0
111.798,0
111.799,0
111.8,0
111.801,0
111.802,0
111.803,0
111.804,0
111.805,0
111.806,0
111.807,0
111.808,0
111.809,0
111.81,0
111.811,0
111.812,0
111.813,0
111.814,0
111.815,0
111.816,0
111.817,0
111.818,0
111.819,0
111.82,0
111.821,0
111.822,0
111.823,0
111.824,0
111.825,0
111.826,0
111.827,0
111.828,0
111.829,0
111.83,0
111.831,0
111.832,0
111.833,0
111.834,0
111.835,0
111.836,0
111.837,0
111.838,0
111.839,0
111.84,0
111.841,0
111.842,0
111.843,0
111.844,0
111.845,0
111.846,0
111.847,0
111.848,0
111.849,0
111.85,0
111.851,0
111.852,0
111.853,0
111.854,0
111.855,0
111.856,0
111.857,0
111.858,0
111.859,0
111.86,0
111.861,0
111.862,0
111.863,0
111.864,0
111.865,0
111.866,0
111.867,0
111.868,0
111.869,0
111.87,0
111.871,0
111.872,0
111.873,0
111.874,0
111.875,0
111.876,0
111.877,0
111.878,0
111.879,0
111.88,0
111.881,0
111.882,0
111.883,0
111.884,0
111.885,0
111.886,0
111.887,0
111.888,0
111.889,0
111.89,0
111.891,0
111.892,0
111.893,0
111.894,0
111.895,0
111.896,0
111.897,0
111.898,0
111.899,0
111.9,0
111.901,0
111.902,0
111.903,0
111.904,0
111.905,0
111.906,0
111.907,0
111.908,0
111.909,0
111.91,0
111.911,0
111.912,0
111.913,0
111.914,0
111.915,0
111.916,0
111.917,0
111.918,0
111.919,0
111.92,0
111.921,0
111.922,0
111.923,0
111.924,0
111.925,0
111.926,0
111.927,0
111.928,0
111.929,0
111.93,0
111.931,0
111.932,0
111.933,0
111.934,0
111.935,0
111.936,0
111.937,0
111.938,0
111.939,0
111.94,0
111.941,0
111.942,0
111.943,0
111.944,0
111.945,0
111.946,0
111.947,0
111.948,0
111.949,0
111.95,0
111.951,0
111.952,0
111.953,0
111.954,0
111.955,0
111.956,0
111.957,0
111.958,0
111.959,0
111.96,0
111.961,0
111.962,0
111.963,0
111.964,0
111.965,0
111.966,0
111.967,0
111.968,0
111.969,0
111.97,0
111.971,0
111.972,0
111.973,0
111.974,0
111.975,0
111.976,0
111.977,0
111.978,0
111.979,0
111.98,0
111.981,0
111.982,0
111.983,0
111.984,0
111.985,0
111.986,0
111.987,0
111.988,0
111.989,0
111.99,0
111.991,0
111.992,0
111.993,0
111.994,0
111.995,0
111.996,0
111.997,0
111.998,0
111.999,0
112,0
112.001,0
112.002,0
112.003,0
112.004,0
112.005,0
112.0057390748,1
112.006,0
112.007,0
112.008,0
112.009,0
112.01,0
112.011,0
112.012,0
112.013,0
112.014,0
112.015,0
112.016,0
112.017,0
112.018,0
112.019,0
112.02,0
112.021,0
112.022,0
112.023,0
112.024,0
112.025,0
112.026,0
112.027,0
112.028,0
112.029,0
112.03,0
112.031,0
112.032,0
112.033,0
112.034,0
112.035,0
112.036,0
112.037,0
112.038,0
112.039,0
112.04,0
112.041,0
112.042,0
112.043,0
112.044,0
112.045,0
112.046,0
112.047,0
112.048,0
112.049,0
112.05,0
112.051,0
112.052,0
112.053,0
112.054,0
112.055,0
112.056,0
112.057,0
112.058,0
112.059,0
112.06,0
112.061,0
112.062,0
112.063,0
112.064,0
112.065,0
112.066,0
112.067,0
112.068,0
112.069,0
112.07,0
112.071,0
112.072,0
112.073,0
112.074,0
112.075,0
112.076,0
112.077,0
112.078,0
112.079,0
112.08,0
112.081,0
112.082,0
112.083,0
112.084,0
112.085,0
112.086,0
112.087,0
112.088,0
112.089,0
112.09,0
112.091,0
112.092,0
112.093,0
112.094,0
112.095,0
112.096,0
112.1,0
112.101,0
112.102,0
112.103,0
112.104,0
112.105,0
112.106,0
112.107,0
112.108,0
112.109,0
112.11,0
112.111,0
112.112,0
112.113,0
112.114,0
112.115,0
112.116,0
112.117,0
112.118,0
112.119,0
112.12,0
112.121,0
112.122,0
112.123,0
112.124,0
112.125,0
112.126,0
112.127,0
112.128,0
112.129,0
112.13,0
112.133,0
112.134,0
112.135,0
112.136,0
112.137,0
112.138,0
112.139,0
112.14,0
112.141,0
112.142,0
112.143,0
112.144,0
112.145,0
112.146,0
112.147,0
112.148,0
112.149,0
112.15,0
112.151,0
112.152,0
112.153,0
112.154,0
112.155,0
112.156,0
112.157,0
112.158,0
112.159,0
112.16,0
112.161,0
112.162,0
112.163,0
112.164,0
112.165,0
112.166,0
112.167,0
112.168,0
112.169,0
112.17,0
112.171,0
112.172,0
112.173,0
112.174,0
112.175,0
112.176,0
112.177,0
112.178,0
112.179,0
112.18,0
112.181,0
112.182,0
112.183,0
112.184,0
112.185,0
112.186,0
112.187,0
112.188,0
112.189,0
112.19,0
112.191,0
112.192,0
112.193,0
112.194,0
112.195,0
112.196,0
112.197,0
112.198,0
112.199,0
112.2,0
112.201,0
112.202,0
112.203,0
112.204,0
112.205,0
112.206,0
112.207,0
112.208,0
112.209,0
112.21,0
112.211,0
112.212,0
112.213,0
112.214,0
112.215,0
112.216,0
112.217,0
112.218,0
112.219,0
112.22,0
112.221,0
112.222,0
112.223,0
112.224,0
112.225,0
112.226,0
112.227,0
112.228,0
112.229,0
112.23,0
112.231,0
112.232,0
112.233,0
112.234,0
112.235,0
112.236,0
112.237,0
112.238,0
112.239,0
112.24,0
112.241,0
112.242,0
112.243,0
112.244,0
112.245,0
112.246,0
112.247,0
112.248,0
112.249,0
112.25,0
112.251,0
112.252,0
112.253,0
112.254,0
112.255,0
112.256,0
112.257,0
112.258,0
112.259,0
112.26,0
112.261,0
112.262,0
112.263,0
112.264,0
112.265,0
112.266,0
112.267,0
112.268,0
112.269,0
112.27,0
112.271,0
112.272,0
112.273,0
112.274,0
112.275,0
112.276,0
112.277,0
112.278,0
112.279,0
112.28,0
112.281,0
112.282,0
112.283,0
112.284,0
112.285,0
112.286,0
112.287,0
112.288,0
112.289,0
112.29,0
112.291,0
112.292,0
112.293,0
112.294,0
112.295,0
112.296,0
112.297,0
112.298,0
112.299,0
112.3,0
112.301,0
112.302,0
112.303,0
112.304,0
112.305,0
112.306,0
112.307,0
112.308,0
112.309,0
112.31,0
112.311,0
112.312,0
112.313,0
112.314,0
112.315,0
112.316,0
112.317,0
112.318,0
112.319,0
112.32,0
112.321,0
112.322,0
112.323,0
112.324,0
112.325,0
112.326,0
112.327,0
112.328,0
112.329,0
112.33,0
112.331,0
112.332,0
112.333,0
112.334,0
112.335,0
112.336,0
112.337,0
112.338,0
112.339,0
112.34,0
112.341,0
112.342,0
112.343,0
112.344,0
112.345,0
112.346,0
112.347,0
112.348,0
112.349,0
112.35,0
112.351,0
112.352,0
112.353,0
112.354,0
112.355,0
112.356,0
112.357,0
112.358,0
112.359,0
112.36,0
112.361,0
112.362,0
112.363,0
112.364,0
112.365,0
112.366,0
112.367,0
112.368,0
112.369,0
112.37,0
112.371,0
112.372,0
112.373,0
112.374,0
112.375,0
112.376,0
112.377,0
112.378,0
112.379,0
112.38,0
112.381,0
112.382,0
112.383,0
112.384,0
112.385,0
112.386,0
112.387,0
112.388,0
112.389,0
112.39,0
112.391,0
112.392,0
112.393,0
112.394,0
112.395,0
112.396,0
112.397,0
112.398,0
112.399,0
112.4,0
112.401,0
112.402,0
112.403,0
112.404,0
112.405,0
112.406,0
112.407,0
112.408,0
112.409,0
112.41,0
112.411,0
112.412,0
112.413,0
112.414,0
112.415,0
112.416,0
112.417,0
112.418,0
112.419,0
112.42,0
112.421,0
112.422,0
112.423,0
112.424,0
112.425,0
112.426,0
112.427,0
112.428,0
112.429,0
112.43,0
112.431,0
112.432,0
112.433,0
112.434,0
112.435,0
112.436,0
112.437,0
112.438,0
112.439,0
112.44,0
112.441,0
112.442,0
112.443,0
112.444,0
112.445,0
112.446,0
112.447,0
112.448,0
112.449,0
112.45,0
112.451,0
112.452,0
112.453,0
112.454,0
112.455,0
112.456,0
112.457,0
112.458,0
112.459,0
112.46,0
112.461,0
112.462,0
112.463,0
112.464,0
112.465,0
112.466,0
112.467,0
112.468,0
112.469,0
112.47,0
112.471,0
112.472,0
112.473,0
112.474,0
112.475,0
112.476,0
112.477,0
112.478,0
112.479,0
112.48,0
112.481,0
112.482,0
112.483,0
112.484,0
112.485,0
112.486,0
112.487,0
112.488,0
112.489,0
112.49,0
112.491,0
112.492,0
112.493,0
112.494,0
112.495,0
112.496,0
112.497,0
112.498,0
112.499,0
112.5,0
112.501,0
112.502,0
112.503,0
112.504,0
112.505,0
112.506,0
112.507,0
112.508,0
112.509,0
112.51,0
112.511,0
112.512,0
112.513,0
112.514,0
112.515,0
112.516,0
112.517,0
112.518,0
112.519,0
112.52,0
112.521,0
112.522,0
112.523,0
112.524,0
112.525,0
112.526,0
112.527,0
112.528,0
112.529,0
112.53,0
112.531,0
112.532,0
112.533,0
112.534,0
112.535,0
112.536,0
112.537,0
112.538,0
112.539,0
112.54,0
112.541,0
112.542,0
112.543,0
112.544,0
112.545,0
112.546,0
112.547,0
112.548,0
112.549,0
112.55,0
112.551,0
112.552,0
112.553,0
112.554,0
112.555,0
112.556,0
112.557,0
112.558,0
112.559,0
112.56,0
112.561,0
112.562,0
112.563,0
112.564,0
112.565,0
112.566,0
112.567,0
112.568,0
112.569,0
112.57,0
112.571,0
112.572,0
112.573,0
112.574,0
112.575,0
112.576,0
112.577,0
112.578,0
112.579,0
112.58,0
112.581,0
112.582,0
112.583,0
112.584,0
112.585,0
112.586,0
112.587,0
112.588,0
112.589,0
112.59,0
112.591,0
112.592,0
112.593,0
112.594,0
112.595,0
112.596,0
112.597,0
112.598,0
112.599,0
112.6,0
112.601,0
112.602,0
112.603,0
112.604,0
112.605,0
112.606,0
112.607,0
112.608,0
112.609,0
112.61,0
112.611,0
112.612,0
112.613,0
112.614,0
112.615,0
112.616,0
112.617,0
112.618,0
112.619,0
112.62,0
112.621,0
112.622,0
112.623,0
112.624,0
112.625,0
112.626,0
112.627,0
112.628,0
112.629,0
112.63,0
112.631,0
112.632,0
112.633,0
112.634,0
112.635,0
112.636,0
112.637,0
112.638,0
112.639,0
112.64,0
112.641,0
112.642,0
112.643,0
112.644,0
112.645,0
112.646,0
112.647,0
112.648,0
112.649,0
112.65,0
112.651,0
112.652,0
112.653,0
112.654,0
112.655,0
112.656,0
112.657,0
112.658,0
112.659,0
112.66,0
112.661,0
112.662,0
112.663,0
112.664,0
112.665,0
112.666,0
112.667,0
112.668,0
112.669,0
112.67,0
112.671,0
112.672,0
112.673,0
112.674,0
112.675,0
112.676,0
112.677,0
112.678,0
112.679,0
112.68,0
112.681,0
112.682,0
112.683,0
112.684,0
112.685,0
112.686,0
112.687,0
112.688,0
112.689,0
112.69,0
112.691,0
112.692,0
112.693,0
112.694,0
112.695,0
112.696,0
112.697,0
112.698,0
112.699,0
112.7,0
112.701,0
112.702,0
112.703,0
112.704,0
112.705,0
112.706,0
112.707,0
112.708,0
112.709,0
112.71,0
112.711,0
112.712,0
112.713,0
112.714,0
112.715,0
112.716,0
112.717,0
112.718,0
112.719,0
112.72,0
112.721,0
112.722,0
112.723,0
112.724,0
112.725,0
112.726,0
112.727,0
112.728,0
112.729,0
112.73,0
112.731,0
112.732,0
112.733,0
112.734,0
112.735,0
112.736,0
112.737,0
112.738,0
112.739,0
112.74,0
112.741,0
112.742,0
112.743,0
112.744,0
112.745,0
112.746,0
112.747,0
112.748,0
112.749,0
112.75,0
112.751,0
112.752,0
112.753,0
112.754,0
112.755,0
112.756,0
112.757,0
112.758,0
112.759,0
112.76,0
112.761,0
112.762,0
112.763,0
112.764,0
112.765,0
112.766,0
112.767,0
112.768,0
112.769,0
112.77,0
112.771,0
112.772,0
112.773,0
112.774,0
112.775,0
112.776,0
112.777,0
112.778,0
112.779,0
112.78,0
112.781,0
112.782,0
112.783,0
112.784,0
112.785,0
112.786,0
112.787,0
112.788,0
112.789,0
112.79,0
112.791,0
112.792,0
112.793,0
112.794,0
112.795,0
112.796,0
112.797,0
112.798,0
112.799,0
112.8,0
112.801,0
112.802,0
112.803,0
112.804,0
112.805,0
112.806,0
112.807,0
112.808,0
112.809,0
112.81,0
112.811,0
112.812,0
112.813,0
112.814,0
112.815,0
112.816,0
112.817,0
112.818,0
112.819,0
112.82,0
112.821,0
112.822,0
112.823,0
112.824,0
112.825,0
112.826,0
112.827,0
112.828,0
112.829,0
112.83,0
112.831,0
112.832,0
112.833,0
112.834,0
112.835,0
112.836,0
112.837,0
112.838,0
112.839,0
112.84,0
112.841,0
112.842,0
112.843,0
112.844,0
112.845,0
112.846,0
112.847,0
112.848,0
112.849,0
112.85,0
112.851,0
112.852,0
112.853,0
112.854,0
112.855,0
112.856,0
112.857,0
112.858,0
112.859,0
112.86,0
112.861,0
112.862,0
112.863,0
112.864,0
112.865,0
112.866,0
112.867,0
112.868,0
112.869,0
112.87,0
112.871,0
112.872,0
112.873,0
112.874,0
112.875,0
112.876,0
112.877,0
112.878,0
112.879,0
112.88,0
112.881,0
112.882,0
112.883,0
112.884,0
112.885,0
112.886,0
112.887,0
112.888,0
112.889,0
112.89,0
112.891,0
112.892,0
112.893,0
112.894,0
112.895,0
112.896,0
112.897,0
112.898,0
112.899,0
112.9,0
112.901,0
112.902,0
112.903,0
112.904,0
112.905,0
112.906,0
112.907,0
112.908,0
112.909,0
112.91,0
112.911,0
112.912,0
112.913,0
112.914,0
112.915,0
112.916,0
112.917,0
112.918,0
112.919,0
112.92,0
112.921,0
112.922,0
112.923,0
112.924,0
112.925,0
112.926,0
112.927,0
112.928,0
112.929,0
112.93,0
112.931,0
112.932,0
112.933,0
112.934,0
112.935,0
112.936,0
112.937,0
112.938,0
112.939,0
112.94,0
112.941,0
112.942,0
112.943,0
112.944,0
112.945,0
112.946,0
112.947,0
112.948,0
112.949,0
112.95,0
112.951,0
112.952,0
112.953,0
112.954,0
112.955,0
112.956,0
112.957,0
112.958,0
112.959,0
112.96,0
112.961,0
112.962,0
112.963,0
112.964,0
112.965,0
112.966,0
112.967,0
112.968,0
112.969,0
112.97,0
112.971,0
112.972,0
112.973,0
112.974,0
112.975,0
112.976,0
112.977,0
112.978,0
112.979,0
112.98,0
112.981,0
112.982,0
112.983,0
112.984,0
112.985,0
112.986,0
112.987,0
112.988,0
112.989,0
112.99,0
112.991,0
112.992,0
112.993,0
112.994,0
112.995,0
112.996,0
112.997,0
112.998,0
112.999,0
113,0
113.001,0
113.002,0
113.003,0
113.004,0
113.005,0
113.006,0
113.007,0
113.008,0
113.009,0
113.01,0
113.011,0
113.012,0
113.013,0
113.014,0
113.015,0
113.016,0
113.017,0
113.018,0
113.019,0
113.02,0
113.021,0
113.022,0
113.023,0
113.024,0
113.025,0
113.026,0
113.027,0
113.028,0
113.029,0
113.03,0
113.031,0
113.032,0
113.033,0
113.034,0
113.035,0
113.036,0
113.037,0
113.038,0
113.039,0
113.04,0
113.041,0
113.042,0
113.043,0
113.044,0
113.045,0
113.046,0
113.047,0
113.048,0
113.049,0
113.05,0
113.051,0
113.052,0
113.053,0
113.054,0
113.055,0
113.056,0
113.057,0
113.058,0
113.059,0
113.06,0
113.061,0
113.062,0
113.063,0
113.064,0
113.065,0
113.066,0
113.067,0
113.068,0
113.069,0
113.07,0
113.071,0
113.072,0
113.073,0
113.074,0
113.075,0
113.076,0
113.077,0
113.078,0
113.079,0
113.08,0
113.081,0
113.082,0
113.083,0
113.084,0
113.085,0
113.086,0
113.087,0
113.088,0
113.089,0
113.09,0
113.091,0
113.092,0
113.093,0
113.094,0
113.095,0
113.096,0
113.097,0
113.098,0
113.099,0
113.1,0
113.101,0
113.102,0
113.103,0
113.104,0
113.105,0
113.106,0
113.107,0
113.108,0
113.109,0
113.11,0
113.111,0
113.112,0
113.113,0
113.114,0
113.115,0
113.116,0
113.117,0
113.118,0
113.119,0
113.12,0
113.121,0
113.122,0
113.123,0
113.124,0
113.125,0
113.126,0
113.127,0
113.128,0
113.129,0
113.13,0
113.131,0
113.132,0
113.133,0
113.134,0
113.135,0
113.136,0
113.137,0
113.138,0
113.139,0
113.14,0
113.141,0
113.142,0
113.143,0
113.144,0
113.145,0
113.146,0
113.147,0
113.148,0
113.149,0
113.15,0
113.151,0
113.152,0
113.153,0
113.154,0
113.155,0
113.156,0
113.157,0
113.158,0
113.159,0
113.16,0
113.161,0
113.162,0
113.163,0
113.164,0
113.165,0
113.166,0
113.167,0
113.168,0
113.169,0
113.17,0
113.171,0
113.172,0
113.173,0
113.174,0
113.175,0
113.176,0
113.177,0
113.178,0
113.179,0
113.18,0
113.181,0
113.182,0
113.183,0
113.184,0
113.185,0
113.186,0
113.187,0
113.188,0
113.189,0
113.19,0
113.191,0
113.192,0
113.193,0
113.194,0
113.195,0
113.196,0
113.197,0
113.198,0
113.199,0
113.2,0
113.201,0
113.202,0
113.203,0
113.204,0
113.205,0
113.206,0
113.207,0
113.208,0
113.209,0
113.21,0
113.211,0
113.212,0
113.213,0
113.214,0
113.215,0
113.216,0
113.217,0
113.218,0
113.219,0
113.22,0
113.221,0
113.222,0
113.223,0
113.224,0
113.225,0
113.226,0
113.227,0
113.228,0
113.229,0
113.23,0
113.231,0
113.232,0
113.233,0
113.234,0
113.235,0
113.236,0
113.237,0
113.238,0
113.239,0
113.24,0
113.241,0
113.242,0
113.243,0
113.244,0
113.245,0
113.246,0
113.247,0
113.248,0
113.249,0
113.25,0
113.251,0
113.252,0
113.253,0
113.254,0
113.255,0
113.256,0
113.257,0
113.258,0
113.259,0
113.26,0
113.261,0
113.262,0
113.263,0
113.264,0
113.265,0
113.266,0
113.267,0
113.268,0
113.269,0
113.27,0
113.271,0
113.272,0
113.273,0
113.274,0
113.275,0
113.276,0
113.277,0
113.278,0
113.279,0
113.28,0
113.281,0
113.282,0
113.283,0
113.284,0
113.285,0
113.286,0
113.287,0
113.288,0
113.289,0
113.29,0
113.291,0
113.292,0
113.293,0
113.294,0
113.295,0
113.296,0
113.297,0
113.298,0
113.299,0
113.3,0
113.301,0
113.302,0
113.303,0
113.304,0
113.305,0
113.306,0
113.307,0
113.308,0
113.309,0
113.31,0
113.311,0
113.312,0
113.313,0
113.314,0
113.315,0
113.316,0
113.317,0
113.318,0
113.319,0
113.32,0
113.321,0
113.322,0
113.323,0
113.324,0
113.325,0
113.326,0
113.327,0
113.328,0
113.329,0
113.33,0
113.331,0
113.332,0
113.333,0
113.334,0
113.335,0
113.336,0
113.337,0
113.338,0
113.339,0
113.34,0
113.341,0
113.342,0
113.343,0
113.344,0
113.345,0
113.346,0
113.347,0
113.348,0
113.349,0
113.35,0
113.351,0
113.352,0
113.353,0
113.354,0
113.355,0
113.356,0
113.357,0
113.358,0
113.359,0
113.36,0
113.361,0
113.362,0
113.363,0
113.364,0
113.365,0
113.366,0
113.367,0
113.368,0
113.369,0
113.37,0
113.371,0
113.372,0
113.373,0
113.374,0
113.375,0
113.376,0
113.377,0
113.378,0
113.379,0
113.38,0
113.381,0
113.382,0
113.383,0
113.384,0
113.385,0
113.386,0
113.387,0
113.388,0
113.389,0
113.39,0
113.391,0
113.392,0
113.393,0
113.394,0
113.395,0
113.396,0
113.397,0
113.398,0
113.399,0
113.4,0
113.401,0
113.402,0
113.403,0
113.404,0
113.405,0
113.406,0
113.407,0
113.408,0
113.409,0
113.41,0
113.411,0
113.412,0
113.413,0
113.414,0
113.415,0
113.416,0
113.417,0
113.418,0
113.419,0
113.42,0
113.421,0
113.422,0
113.423,0
113.424,0
113.425,0
113.426,0
113.427,0
113.428,0
113.429,0
113.43,0
113.431,0
113.4319523168,1
113.432,0
113.433,0
113.434,0
113.435,0
113.436,0
113.437,0
113.438,0
113.439,0
113.44,0
113.441,0
113.442,0
113.443,0
113.444,0
113.445,0
113.446,0
113.447,0
113.448,0
113.449,0
113.45,0
113.451,0
113.452,0
113.453,0
113.454,0
113.455,0
113.456,0
113.457,0
113.458,0
113.459,0
113.46,0
113.461,0
113.462,0
113.463,0
113.464,0
113.465,0
113.466,0
113.467,0
113.468,0
113.469,0
113.47,0
113.471,0
113.472,0
113.473,0
113.474,0
113.475,0
113.476,0
113.477,0
113.478,0
113.479,0
113.48,0
113.481,0
113.482,0
113.483,0
113.484,0
113.485,0
113.486,0
113.487,0
113.488,0
113.489,0
113.49,0
113.491,0
113.492,0
113.493,0
113.494,0
113.495,0
113.496,0
113.497,0
113.498,0
113.499,0
113.5,0
113.501,0
113.502,0
113.503,0
113.504,0
113.505,0
113.506,0
113.507,0
113.508,0
113.509,0
113.51,0
113.511,0
113.512,0
113.513,0
113.514,0
113.515,0
113.516,0
113.517,0
113.518,0
113.519,0
113.52,0
113.521,0
113.522,0
113.523,0
113.524,0
113.525,0
113.526,0
113.527,0
113.53,0
113.531,0
113.532,0
113.533,0
113.534,0
113.535,0
113.536,0
113.537,0
113.538,0
113.539,0
113.54,0
113.541,0
113.542,0
113.543,0
113.544,0
113.545,0
113.546,0
113.547,0
113.548,0
113.549,0
113.55,0
113.551,0
113.552,0
113.553,0
113.554,0
113.555,0
113.556,0
113.557,0
113.558,0
113.559,0
113.56,0
113.561,0
113.562,0
113.563,0
113.564,0
113.565,0
113.566,0
113.567,0
113.568,0
113.569,0
113.57,0
113.571,0
113.572,0
113.573,0
113.574,0
113.575,0
113.576,0
113.577,0
113.578,0
113.579,0
113.58,0
113.581,0
113.582,0
113.583,0
113.584,0
113.585,0
113.586,0
113.587,0
113.588,0
113.589,0
113.59,0
113.591,0
113.592,0
113.593,0
113.594,0
113.595,0
113.596,0
113.597,0
113.598,0
113.599,0
113.6,0
113.601,0
113.602,0
113.603,0
113.604,0
113.605,0
113.606,0
113.607,0
113.608,0
113.609,0
113.61,0
113.611,0
113.612,0
113.613,0
113.614,0
113.615,0
113.616,0
113.617,0
113.618,0
113.619,0
113.62,0
113.621,0
113.622,0
113.623,0
113.624,0
113.625,0
113.626,0
113.627,0
113.628,0
113.629,0
113.63,0
113.631,0
113.632,0
113.633,0
113.634,0
113.635,0
113.636,0
113.637,0
113.638,0
113.639,0
113.64,0
113.641,0
113.642,0
113.643,0
113.644,0
113.645,0
113.646,0
113.647,0
113.648,0
113.649,0
113.65,0
113.651,0
113.652,0
113.653,0
113.654,0
113.655,0
113.656,0
113.657,0
113.658,0
113.659,0
113.66,0
113.661,0
113.662,0
113.663,0
113.664,0
113.665,0
113.666,0
113.667,0
113.668,0
113.669,0
113.67,0
113.671,0
113.672,0
113.673,0
113.674,0
113.675,0
113.676,0
113.677,0
113.678,0
113.679,0
113.68,0
113.681,0
113.682,0
113.683,0
113.684,0
113.685,0
113.686,0
113.687,0
113.688,0
113.689,0
113.69,0
113.691,0
113.692,0
113.693,0
113.694,0
113.695,0
113.696,0
113.697,0
113.698,0
113.699,0
113.7,0
113.701,0
113.702,0
113.703,0
113.704,0
113.705,0
113.706,0
113.707,0
113.708,0
113.709,0
113.71,0
113.711,0
113.712,0
113.713,0
113.714,0
113.715,0
113.716,0
113.717,0
113.718,0
113.719,0
113.72,0
113.721,0
113.722,0
113.723,0
113.724,0
113.725,0
113.726,0
113.727,0
113.728,0
113.729,0
113.73,0
113.731,0
113.732,0
113.733,0
113.734,0
113.735,0
113.736,0
113.737,0
113.738,0
113.739,0
113.74,0
113.741,0
113.742,0
113.743,0
113.744,0
113.745,0
113.746,0
113.747,0
113.748,0
113.749,0
113.75,0
113.751,0
113.752,0
113.753,0
113.754,0
113.755,0
113.756,0
113.757,0
113.758,0
113.759,0
113.76,0
113.761,0
113.762,0
113.763,0
113.764,0
113.765,0
113.766,0
113.767,0
113.768,0
113.769,0
113.77,0
113.771,0
113.772,0
113.773,0
113.774,0
113.775,0
113.776,0
113.777,0
113.778,0
113.779,0
113.78,0
113.781,0
113.782,0
113.783,0
113.784,0
113.785,0
113.786,0
113.787,0
113.788,0
113.789,0
113.79,0
113.791,0
113.792,0
113.793,0
113.794,0
113.795,0
113.796,0
113.797,0
113.798,0
113.799,0
113.8,0
113.801,0
113.802,0
113.803,0
113.804,0
113.805,0
113.806,0
113.807,0
113.808,0
113.809,0
113.81,0
113.811,0
113.812,0
113.813,0
113.814,0
113.815,0
113.816,0
113.817,0
113.818,0
113.819,0
113.82,0
113.821,0
113.822,0
113.823,0
113.824,0
113.825,0
113.826,0
113.827,0
113.828,0
113.829,0
113.83,0
113.831,0
113.832,0
113.833,0
113.834,0
113.835,0
113.836,0
113.837,0
113.838,0
113.839,0
113.84,0
113.841,0
113.842,0
113.843,0
113.844,0
113.845,0
113.846,0
113.847,0
113.848,0
113.849,0
113.85,0
113.851,0
113.852,0
113.853,0
113.854,0
113.855,0
113.856,0
113.857,0
113.858,0
113.859,0
113.86,0
113.861,0
113.862,0
113.863,0
113.864,0
113.865,0
113.866,0
113.867,0
113.868,0
113.869,0
113.87,0
113.871,0
113.872,0
113.873,0
113.874,0
113.875,0
113.876,0
113.877,0
113.878,0
113.879,0
113.88,0
113.881,0
113.882,0
113.883,0
113.884,0
113.885,0
113.886,0
113.887,0
113.888,0
113.889,0
113.89,0
113.891,0
113.892,0
113.893,0
113.894,0
113.895,0
113.896,0
113.897,0
113.898,0
113.899,0
113.9,0
113.901,0
113.902,0
113.903,0
113.904,0
113.905,0
113.906,0
113.907,0
113.908,0
113.909,0
113.91,0
113.911,0
113.912,0
113.913,0
113.914,0
113.915,0
113.916,0
113.917,0
113.918,0
113.919,0
113.92,0
113.921,0
113.922,0
113.923,0
113.924,0
113.925,0
113.926,0
113.927,0
113.928,0
113.929,0
113.93,0
113.931,0
113.932,0
113.933,0
113.934,0
113.935,0
113.936,0
113.937,0
113.938,0
113.939,0
113.94,0
113.941,0
113.942,0
113.943,0
113.944,0
113.945,0
113.946,0
113.947,0
113.948,0
113.949,0
113.95,0
113.951,0
113.952,0
113.953,0
113.954,0
113.955,0
113.956,0
113.957,0
113.958,0
113.959,0
113.96,0
113.961,0
113.962,0
113.963,0
113.964,0
113.965,0
113.966,0
113.967,0
113.968,0
113.969,0
113.97,0
113.971,0
113.972,0
113.973,0
113.974,0
113.975,0
113.976,0
113.977,0
113.978,0
113.979,0
113.98,0
113.981,0
113.982,0
113.983,0
113.984,0
113.985,0
113.986,0
113.987,0
113.988,0
113.989,0
113.99,0
113.991,0
113.992,0
113.993,0
113.994,0
113.995,0
113.996,0
113.997,0
113.998,0
113.999,0
114,0
114.001,0
114.002,0
114.003,0
114.004,0
114.005,0
114.006,0
114.007,0
114.008,0
114.009,0
114.01,0
114.011,0
114.012,0
114.013,0
114.014,0
114.015,0
114.016,0
114.017,0
114.018,0
114.019,0
114.02,0
114.021,0
114.022,0
114.023,0
114.024,0
114.025,0
114.026,0
114.027,0
114.028,0
114.029,0
114.03,0
114.031,0
114.032,0
114.033,0
114.034,0
114.035,0
114.036,0
114.037,0
114.038,0
114.039,0
114.04,0
114.041,0
114.042,0
114.043,0
114.044,0
114.045,0
114.046,0
114.047,0
114.048,0
114.049,0
114.05,0
114.051,0
114.052,0
114.053,0
114.054,0
114.055,0
114.056,0
114.057,0
114.058,0
114.059,0
114.06,0
114.061,0
114.062,0
114.063,0
114.064,0
114.065,0
114.066,0
114.067,0
114.068,0
114.069,0
114.07,0
114.071,0
114.072,0
114.073,0
114.074,0
114.075,0
114.076,0
114.077,0
114.078,0
114.079,0
114.08,0
114.081,0
114.082,0
114.083,0
114.084,0
114.085,0
114.086,0
114.087,0
114.088,0
114.089,0
114.09,0
114.091,0
114.092,0
114.093,0
114.094,0
114.095,0
114.096,0
114.097,0
114.098,0
114.099,0
114.1,0
114.101,0
114.102,0
114.103,0
114.104,0
114.105,0
114.106,0
114.107,0
114.108,0
114.109,0
114.11,0
114.111,0
114.112,0
114.113,0
114.114,0
114.115,0
114.116,0
114.117,0
114.118,0
114.119,0
114.12,0
114.121,0
114.122,0
114.123,0
114.124,0
114.125,0
114.126,0
114.127,0
114.128,0
114.129,0
114.13,0
114.131,0
114.132,0
114.133,0
114.134,0
114.135,0
114.136,0
114.137,0
114.138,0
114.139,0
114.14,0
114.141,0
114.142,0
114.143,0
114.144,0
114.145,0
114.146,0
114.147,0
114.148,0
114.149,0
114.15,0
114.151,0
114.152,0
114.153,0
114.154,0
114.155,0
114.156,0
114.157,0
114.158,0
114.159,0
114.16,0
114.161,0
114.162,0
114.163,0
114.164,0
114.165,0
114.166,0
114.167,0
114.168,0
114.169,0
114.17,0
114.171,0
114.172,0
114.173,0
114.174,0
114.175,0
114.176,0
114.177,0
114.178,0
114.179,0
114.18,0
114.181,0
114.182,0
114.183,0
114.184,0
114.185,0
114.186,0
114.187,0
114.188,0
114.189,0
114.19,0
114.191,0
114.192,0
114.193,0
114.194,0
114.195,0
114.196,0
114.197,0
114.198,0
114.199,0
114.2,0
114.201,0
114.202,0
114.203,0
114.204,0
114.205,0
114.206,0
114.207,0
114.208,0
114.209,0
114.21,0
114.211,0
114.212,0
114.213,0
114.214,0
114.215,0
114.216,0
114.217,0
114.218,0
114.219,0
114.22,0
114.221,0
114.222,0
114.223,0
114.224,0
114.225,0
114.226,0
114.227,0
114.228,0
114.229,0
114.23,0
114.231,0
114.232,0
114.233,0
114.234,0
114.235,0
114.236,0
114.237,0
114.238,0
114.239,0
114.24,0
114.241,0
114.242,0
114.243,0
114.244,0
114.245,0
114.246,0
114.247,0
114.248,0
114.249,0
114.25,0
114.251,0
114.252,0
114.253,0
114.254,0
114.255,0
114.256,0
114.257,0
114.258,0
114.259,0
114.26,0
114.261,0
114.262,0
114.263,0
114.264,0
114.265,0
114.266,0
114.267,0
114.268,0
114.269,0
114.27,0
114.271,0
114.272,0
114.273,0
114.274,0
114.275,0
114.276,0
114.277,0
114.278,0
114.279,0
114.28,0
114.281,0
114.282,0
114.283,0
114.284,0
114.285,0
114.286,0
114.287,0
114.288,0
114.289,0
114.29,0
114.291,0
114.292,0
114.293,0
114.294,0
114.295,0
114.296,0
114.297,0
114.298,0
114.299,0
114.3,0
114.301,0
114.302,0
114.303,0
114.304,0
114.305,0
114.306,0
114.307,0
114.308,0
114.309,0
114.31,0
114.311,0
114.312,0
114.313,0
114.314,0
114.315,0
114.316,0
114.317,0
114.318,0
114.319,0
114.32,0
114.321,0
114.322,0
114.323,0
114.324,0
114.325,0
114.326,0
114.327,0
114.328,0
114.329,0
114.33,0
114.331,0
114.332,0
114.333,0
114.334,0
114.335,0
114.336,0
114.337,0
114.338,0
114.339,0
114.34,0
114.341,0
114.342,0
114.343,0
114.344,0
114.345,0
114.346,0
114.347,0
114.348,0
114.349,0
114.35,0
114.351,0
114.352,0
114.353,0
114.354,0
114.355,0
114.356,0
114.357,0
114.358,0
114.359,0
114.36,0
114.361,0
114.362,0
114.363,0
114.364,0
114.365,0
114.366,0
114.367,0
114.368,0
114.369,0
114.37,0
114.371,0
114.372,0
114.373,0
114.374,0
114.375,0
114.376,0
114.377,0
114.378,0
114.379,0
114.38,0
114.381,0
114.382,0
114.383,0
114.384,0
114.385,0
114.386,0
114.387,0
114.388,0
114.389,0
114.39,0
114.391,0
114.392,0
114.393,0
114.394,0
114.395,0
114.396,0
114.397,0
114.398,0
114.399,0
114.4,0
114.401,0
114.402,0
114.403,0
114.404,0
114.405,0
114.406,0
114.407,0
114.408,0
114.409,0
114.41,0
114.411,0
114.412,0
114.413,0
114.414,0
114.415,0
114.416,0
114.417,0
114.418,0
114.419,0
114.42,0
114.421,0
114.422,0
114.423,0
114.424,0
114.425,0
114.426,0
114.427,0
114.428,0
114.429,0
114.43,0
114.431,0
114.432,0
114.433,0
114.434,0
114.435,0
114.436,0
114.437,0
114.438,0
114.439,0
114.44,0
114.441,0
114.442,0
114.443,0
114.444,0
114.445,0
114.446,0
114.447,0
114.448,0
114.449,0
114.45,0
114.451,0
114.452,0
114.453,0
114.454,0
114.455,0
114.456,0
114.457,0
114.458,0
114.459,0
114.46,0
114.461,0
114.462,0
114.463,0
114.464,0
114.465,0
114.466,0
114.467,0
114.468,0
114.469,0
114.47,0
114.471,0
114.472,0
114.473,0
114.474,0
114.475,0
114.476,0
114.477,0
114.478,0
114.479,0
114.48,0
114.481,0
114.482,0
114.483,0
114.484,0
114.485,0
114.486,0
114.487,0
114.488,0
114.489,0
114.49,0
114.491,0
114.492,0
114.493,0
114.494,0
114.495,0
114.496,0
114.497,0
114.498,0
114.499,0
114.5,0
114.501,0
114.502,0
114.503,0
114.504,0
114.505,0
114.506,0
114.507,0
114.508,0
114.509,0
114.51,0
114.511,0
114.512,0
114.513,0
114.514,0
114.515,0
114.516,0
114.517,0
114.518,0
114.519,0
114.52,0
114.521,0
114.522,0
114.523,0
114.524,0
114.525,0
114.526,0
114.527,0
114.528,0
114.529,0
114.53,0
114.531,0
114.532,0
114.533,0
114.534,0
114.535,0
114.536,0
114.537,0
114.538,0
114.539,0
114.54,0
114.541,0
114.542,0
114.543,0
114.544,0
114.545,0
114.546,0
114.547,0
114.548,0
114.549,0
114.55,0
114.551,0
114.552,0
114.553,0
114.554,0
114.555,0
114.556,0
114.557,0
114.558,0
114.559,0
114.56,0
114.561,0
114.562,0
114.563,0
114.564,0
114.565,0
114.566,0
114.567,0
114.568,0
114.569,0
114.57,0
114.571,0
114.572,0
114.573,0
114.574,0
114.575,0
114.576,0
114.577,0
114.578,0
114.579,0
114.58,0
114.581,0
114.582,0
114.583,0
114.584,0
114.585,0
114.586,0
114.587,0
114.588,0
114.589,0
114.59,0
114.591,0
114.592,0
114.593,0
114.594,0
114.595,0
114.596,0
114.597,0
114.598,0
114.599,0
114.6,0
114.601,0
114.602,0
114.603,0
114.604,0
114.605,0
114.606,0
114.607,0
114.608,0
114.609,0
114.61,0
114.611,0
114.612,0
114.613,0
114.614,0
114.615,0
114.616,0
114.617,0
114.618,0
114.619,0
114.62,0
114.621,0
114.622,0
114.623,0
114.624,0
114.625,0
114.626,0
114.627,0
114.628,0
114.629,0
114.63,0
114.631,0
114.632,0
114.633,0
114.634,0
114.635,0
114.636,0
114.637,0
114.638,0
114.639,0
114.64,0
114.641,0
114.642,0
114.643,0
114.644,0
114.645,0
114.646,0
114.647,0
114.648,0
114.649,0
114.65,0
114.651,0
114.652,0
114.653,0
114.654,0
114.655,0
114.656,0
114.657,0
114.658,0
114.659,0
114.66,0
114.661,0
114.662,0
114.663,0
114.664,0
114.665,0
114.666,0
114.667,0
114.668,0
114.669,0
114.67,0
114.671,0
114.672,0
114.673,0
114.674,0
114.675,0
114.676,0
114.677,0
114.678,0
114.679,0
114.68,0
114.681,0
114.682,0
114.683,0
114.684,0
114.685,0
114.686,0
114.687,0
114.688,0
114.689,0
114.69,0
114.691,0
114.692,0
114.693,0
114.694,0
114.695,0
114.696,0
114.697,0
114.698,0
114.699,0
114.7,0
114.701,0
114.702,0
114.703,0
114.704,0
114.705,0
114.706,0
114.707,0
114.708,0
114.709,0
114.71,0
114.711,0
114.712,0
114.713,0
114.714,0
114.715,0
114.716,0
114.717,0
114.718,0
114.719,0
114.72,0
114.721,0
114.722,0
114.723,0
114.724,0
114.725,0
114.726,0
114.727,0
114.728,0
114.729,0
114.73,0
114.731,0
114.732,0
114.733,0
114.734,0
114.735,0
114.736,0
114.737,0
114.738,0
114.739,0
114.74,0
114.741,0
114.742,0
114.743,0
114.744,0
114.745,0
114.746,0
114.747,0
114.748,0
114.749,0
114.75,0
114.751,0
114.752,0
114.753,0
114.754,0
114.755,0
114.756,0
114.757,0
114.758,0
114.759,0
114.76,0
114.761,0
114.762,0
114.763,0
114.764,0
114.765,0
114.766,0
114.767,0
114.768,0
114.769,0
114.77,0
114.771,0
114.772,0
114.773,0
114.774,0
114.775,0
114.776,0
114.777,0
114.778,0
114.779,0
114.78,0
114.781,0
114.782,0
114.783,0
114.784,0
114.785,0
114.786,0
114.787,0
114.788,0
114.789,0
114.79,0
114.791,0
114.792,0
114.793,0
114.794,0
114.795,0
114.796,0
114.797,0
114.798,0
114.799,0
114.8,0
114.801,0
114.802,0
114.803,0
114.804,0
114.805,0
114.806,0
114.807,0
114.808,0
114.809,0
114.81,0
114.811,0
114.812,0
114.813,0
114.814,0
114.815,0
114.816,0
114.817,0
114.818,0
114.819,0
114.82,0
114.821,0
114.822,0
114.823,0
114.824,0
114.825,0
114.826,0
114.827,0
114.828,0
114.829,0
114.83,0
114.831,0
114.832,0
114.833,0
114.834,0
114.835,0
114.836,0
114.837,0
114.838,0
114.839,0
114.84,0
114.841,0
114.842,0
114.843,0
114.844,0
114.845,0
114.846,0
114.847,0
114.848,0
114.849,0
114.85,0
114.851,0
114.852,0
114.853,0
114.8539805058,1
114.854,0
114.855,0
114.856,0
114.857,0
114.858,0
114.859,0
114.86,0
114.861,0
114.862,0
114.863,0
114.864,0
114.865,0
114.866,0
114.867,0
114.868,0
114.869,0
114.87,0
114.871,0
114.872,0
114.873,0
114.874,0
114.875,0
114.876,0
114.877,0
114.878,0
114.879,0
114.88,0
114.881,0
114.882,0
114.883,0
114.884,0
114.885,0
114.886,0
114.887,0
114.888,0
114.889,0
114.89,0
114.891,0
114.892,0
114.893,0
114.894,0
114.895,0
114.896,0
114.897,0
114.898,0
114.899,0
114.9,0
114.901,0
114.902,0
114.903,0
114.904,0
114.905,0
114.906,0
114.907,0
114.908,0
114.909,0
114.91,0
114.911,0
114.912,0
114.913,0
114.914,0
114.915,0
114.916,0
114.917,0
114.918,0
114.919,0
114.92,0
114.921,0
114.922,0
114.923,0
114.924,0
114.925,0
114.926,0
114.927,0
114.928,0
114.929,0
114.93,0
114.931,0
114.932,0
114.933,0
114.934,0
114.935,0
114.936,0
114.937,0
114.938,0
114.939,0
114.94,0
114.941,0
114.942,0
114.943,0
114.944,0
114.945,0
114.946,0
114.947,0
114.948,0
114.949,0
114.95,0
114.951,0
114.952,0
114.953,0
114.954,0
114.955,0
114.956,0
114.957,0
114.958,0
114.96,0
114.961,0
114.962,0
114.963,0
114.964,0
114.965,0
114.966,0
114.967,0
114.968,0
114.969,0
114.97,0
114.971,0
114.972,0
114.973,0
114.974,0
114.975,0
114.976,0
114.977,0
114.978,0
114.979,0
114.98,0
114.981,0
114.982,0
114.983,0
114.984,0
114.985,0
114.986,0
114.987,0
114.988,0
114.989,0
114.99,0
114.991,0
114.992,0
114.993,0
114.994,0
114.995,0
114.996,0
114.997,0
114.998,0
114.999,0
115,0
115.001,0
115.002,0
115.003,0
115.004,0
115.005,0
115.006,0
115.007,0
115.008,0
115.009,0
115.01,0
115.011,0
115.012,0
115.013,0
115.014,0
115.015,0
115.016,0
115.017,0
115.018,0
115.019,0
115.02,0
115.021,0
115.022,0
115.023,0
115.024,0
115.025,0
115.026,0
115.027,0
115.028,0
115.029,0
115.03,0
115.031,0
115.032,0
115.033,0
115.034,0
115.035,0
115.036,0
115.037,0
115.038,0
115.039,0
115.04,0
115.041,0
115.042,0
115.043,0
115.044,0
115.045,0
115.046,0
115.047,0
115.048,0
115.049,0
115.05,0
115.051,0
115.052,0
115.053,0
115.054,0
115.055,0
115.056,0
115.057,0
115.058,0
115.059,0
115.06,0
115.061,0
115.062,0
115.063,0
115.064,0
115.065,0
115.066,0
115.067,0
115.068,0
115.069,0
115.07,0
115.071,0
115.072,0
115.073,0
115.074,0
115.075,0
115.076,0
115.077,0
115.078,0
115.079,0
115.08,0
115.081,0
115.082,0
115.083,0
115.084,0
115.085,0
115.086,0
115.087,0
115.088,0
115.089,0
115.09,0
115.091,0
115.092,0
115.093,0
115.094,0
115.095,0
115.096,0
115.097,0
115.098,0
115.099,0
115.1,0
115.101,0
115.102,0
115.103,0
115.104,0
115.105,0
115.106,0
115.107,0
115.108,0
115.109,0
115.11,0
115.111,0
115.112,0
115.113,0
115.114,0
115.115,0
115.116,0
115.117,0
115.118,0
115.119,0
115.12,0
115.121,0
115.122,0
115.123,0
115.124,0
115.125,0
115.126,0
115.127,0
115.128,0
115.129,0
115.13,0
115.131,0
115.132,0
115.133,0
115.134,0
115.135,0
115.136,0
115.137,0
115.138,0
115.139,0
115.14,0
115.141,0
115.142,0
115.143,0
115.144,0
115.145,0
115.146,0
115.147,0
115.148,0
115.149,0
115.15,0
115.151,0
115.152,0
115.153,0
115.154,0
115.155,0
115.156,0
115.157,0
115.158,0
115.159,0
115.16,0
115.161,0
115.162,0
115.163,0
115.164,0
115.165,0
115.166,0
115.167,0
115.168,0
115.169,0
115.17,0
115.171,0
115.172,0
115.173,0
115.174,0
115.175,0
115.176,0
115.177,0
115.178,0
115.179,0
115.18,0
115.181,0
115.182,0
115.183,0
115.184,0
115.185,0
115.186,0
115.187,0
115.188,0
115.189,0
115.19,0
115.191,0
115.192,0
115.193,0
115.194,0
115.195,0
115.196,0
115.197,0
115.198,0
115.199,0
115.2,0
115.201,0
115.202,0
115.203,0
115.204,0
115.205,0
115.206,0
115.207,0
115.208,0
115.209,0
115.21,0
115.211,0
115.212,0
115.213,0
115.214,0
115.215,0
115.216,0
115.217,0
115.218,0
115.219,0
115.22,0
115.221,0
115.222,0
115.223,0
115.224,0
115.225,0
115.226,0
115.227,0
115.228,0
115.229,0
115.23,0
115.231,0
115.232,0
115.233,0
115.234,0
115.235,0
115.236,0
115.237,0
115.238,0
115.239,0
115.24,0
115.241,0
115.242,0
115.243,0
115.244,0
115.245,0
115.246,0
115.247,0
115.248,0
115.249,0
115.25,0
115.251,0
115.252,0
115.253,0
115.254,0
115.255,0
115.256,0
115.257,0
115.258,0
115.259,0
115.26,0
115.261,0
115.262,0
115.263,0
115.264,0
115.265,0
115.266,0
115.267,0
115.268,0
115.269,0
115.27,0
115.271,0
115.272,0
115.273,0
115.274,0
115.275,0
115.276,0
115.277,0
115.278,0
115.279,0
115.28,0
115.281,0
115.282,0
115.283,0
115.284,0
115.285,0
115.286,0
115.287,0
115.288,0
115.289,0
115.29,0
115.291,0
115.292,0
115.293,0
115.294,0
115.295,0
115.296,0
115.297,0
115.298,0
115.299,0
115.3,0
115.301,0
115.302,0
115.303,0
115.304,0
115.305,0
115.306,0
115.307,0
115.308,0
115.309,0
115.31,0
115.311,0
115.312,0
115.313,0
115.314,0
115.315,0
115.316,0
115.317,0
115.318,0
115.319,0
115.32,0
115.321,0
115.322,0
115.323,0
115.324,0
115.325,0
115.326,0
115.327,0
115.328,0
115.329,0
115.33,0
115.331,0
115.332,0
115.333,0
115.334,0
115.335,0
115.336,0
115.337,0
115.338,0
115.339,0
115.34,0
115.341,0
115.342,0
115.343,0
115.344,0
115.345,0
115.346,0
115.347,0
115.348,0
115.349,0
115.35,0
115.351,0
115.352,0
115.353,0
115.354,0
115.355,0
115.356,0
115.357,0
115.358,0
115.359,0
115.36,0
115.361,0
115.362,0
115.363,0
115.364,0
115.365,0
115.366,0
115.367,0
115.368,0
115.369,0
115.37,0
115.371,0
115.372,0
115.373,0
115.374,0
115.375,0
115.376,0
115.377,0
115.378,0
115.379,0
115.38,0
115.381,0
115.382,0
115.383,0
115.384,0
115.385,0
115.386,0
115.387,0
115.388,0
115.389,0
115.39,0
115.391,0
115.392,0
115.393,0
115.394,0
115.395,0
115.396,0
115.397,0
115.398,0
115.399,0
115.4,0
115.401,0
115.402,0
115.403,0
115.404,0
115.405,0
115.406,0
115.407,0
115.408,0
115.409,0
115.41,0
115.411,0
115.412,0
115.413,0
115.414,0
115.415,0
115.416,0
115.417,0
115.418,0
115.419,0
115.42,0
115.421,0
115.422,0
115.423,0
115.424,0
115.425,0
115.426,0
115.427,0
115.428,0
115.429,0
115.43,0
115.431,0
115.432,0
115.433,0
115.434,0
115.435,0
115.436,0
115.437,0
115.438,0
115.439,0
115.44,0
115.441,0
115.442,0
115.443,0
115.444,0
115.445,0
115.446,0
115.447,0
115.448,0
115.449,0
115.45,0
115.451,0
115.452,0
115.453,0
115.454,0
115.455,0
115.456,0
115.457,0
115.458,0
115.459,0
115.46,0
115.461,0
115.462,0
115.463,0
115.464,0
115.465,0
115.466,0
115.467,0
115.468,0
115.469,0
115.47,0
115.471,0
115.472,0
115.473,0
115.474,0
115.475,0
115.476,0
115.477,0
115.478,0
115.479,0
115.48,0
115.481,0
115.482,0
115.483,0
115.484,0
115.485,0
115.486,0
115.487,0
115.488,0
115.489,0
115.49,0
115.491,0
115.492,0
115.493,0
115.494,0
115.495,0
115.496,0
115.497,0
115.498,0
115.499,0
115.5,0
115.501,0
115.502,0
115.503,0
115.504,0
115.505,0
115.506,0
115.507,0
115.508,0
115.509,0
115.51,0
115.511,0
115.512,0
115.513,0
115.514,0
115.515,0
115.516,0
115.517,0
115.518,0
115.519,0
115.52,0
115.521,0
115.522,0
115.523,0
115.524,0
115.525,0
115.526,0
115.527,0
115.528,0
115.529,0
115.53,0
115.531,0
115.532,0
115.533,0
115.534,0
115.535,0
115.536,0
115.537,0
115.538,0
115.539,0
115.54,0
115.541,0
115.542,0
115.543,0
115.544,0
115.545,0
115.546,0
115.547,0
115.548,0
115.549,0
115.55,0
115.551,0
115.552,0
115.553,0
115.554,0
115.555,0
115.556,0
115.557,0
115.558,0
115.559,0
115.56,0
115.561,0
115.562,0
115.563,0
115.564,0
115.565,0
115.566,0
115.567,0
115.568,0
115.569,0
115.57,0
115.571,0
115.572,0
115.573,0
115.574,0
115.575,0
115.576,0
115.577,0
115.578,0
115.579,0
115.58,0
115.581,0
115.582,0
115.583,0
115.584,0
115.585,0
115.586,0
115.587,0
115.588,0
115.589,0
115.59,0
115.592,0
115.593,0
115.594,0
115.595,0
115.596,0
115.599,0
115.6,0
115.601,0
115.603,0
115.604,0
115.605,0
115.606,0
115.607,0
115.608,0
115.61,0
115.611,0
115.612,0
115.613,0
115.614,0
115.615,0
115.616,0
115.617,0
115.618,0
115.62,0
115.621,0
115.622,0
115.623,0
115.624,0
115.625,0
115.626,0
115.627,0
115.628,0
115.629,0
115.63,0
115.631,0
115.632,0
115.633,0
115.634,0
115.635,0
115.636,0
115.637,0
115.638,0
115.639,0
115.64,0
115.641,0
115.642,0
115.643,0
115.644,0
115.645,0
115.646,0
115.647,0
115.648,0
115.649,0
115.65,0
115.651,0
115.652,0
115.653,0
115.654,0
115.655,0
115.656,0
115.657,0
115.658,0
115.659,0
115.66,0
115.661,0
115.662,0
115.663,0
115.664,0
115.665,0
115.666,0
115.667,0
115.668,0
115.669,0
115.67,0
115.671,0
115.672,0
115.673,0
115.674,0
115.675,0
115.676,0
115.677,0
115.678,0
115.679,0
115.68,0
115.681,0
115.682,0
115.683,0
115.684,0
115.685,0
115.686,0
115.687,0
115.688,0
115.689,0
115.69,0
115.691,0
115.692,0
115.693,0
115.694,0
115.695,0
115.696,0
115.697,0
115.698,0
115.699,0
115.7,0
115.701,0
115.702,0
115.703,0
115.704,0
115.705,0
115.706,0
115.707,0
115.708,0
115.709,0
115.71,0
115.711,0
115.712,0
115.713,0
115.714,0
115.715,0
115.716,0
115.717,0
115.718,0
115.719,0
115.72,0
115.721,0
115.722,0
115.723,0
115.724,0
115.725,0
115.726,0
115.727,0
115.728,0
115.729,0
115.73,0
115.731,0
115.732,0
115.733,0
115.734,0
115.735,0
115.736,0
115.737,0
115.738,0
115.739,0
115.74,0
115.741,0
115.742,0
115.743,0
115.744,0
115.745,0
115.746,0
115.747,0
115.748,0
115.749,0
115.75,0
115.751,0
115.752,0
115.753,0
115.754,0
115.755,0
115.756,0
115.757,0
115.758,0
115.759,0
115.76,0
115.761,0
115.762,0
115.763,0
115.764,0
115.765,0
115.766,0
115.767,0
115.768,0
115.769,0
115.77,0
115.771,0
115.772,0
115.773,0
115.774,0
115.775,0
115.776,0
115.777,0
115.778,0
115.779,0
115.78,0
115.781,0
115.782,0
115.783,0
115.784,0
115.785,0
115.786,0
115.787,0
115.788,0
115.789,0
115.79,0
115.791,0
115.792,0
115.793,0
115.794,0
115.795,0
115.796,0
115.797,0
115.798,0
115.799,0
115.8,0
115.801,0
115.802,0
115.803,0
115.804,0
115.805,0
115.806,0
115.807,0
115.808,0
115.809,0
115.81,0
115.811,0
115.812,0
115.813,0
115.814,0
115.815,0
115.816,0
115.817,0
115.818,0
115.819,0
115.82,0
115.821,0
115.822,0
115.823,0
115.824,0
115.825,0
115.826,0
115.827,0
115.828,0
115.829,0
115.83,0
115.831,0
115.832,0
115.833,0
115.834,0
115.835,0
115.836,0
115.837,0
115.838,0
115.839,0
115.84,0
115.841,0
115.842,0
115.843,0
115.844,0
115.845,0
115.846,0
115.847,0
115.848,0
115.849,0
115.85,0
115.851,0
115.852,0
115.853,0
115.854,0
115.855,0
115.856,0
115.857,0
115.858,0
115.859,0
115.86,0
115.861,0
115.862,0
115.863,0
115.864,0
115.865,0
115.866,0
115.867,0
115.868,0
115.869,0
115.87,0
115.871,0
115.872,0
115.873,0
115.874,0
115.875,0
115.876,0
115.877,0
115.878,0
115.879,0
115.88,0
115.881,0
115.882,0
115.883,0
115.884,0
115.885,0
115.886,0
115.887,0
115.888,0
115.889,0
115.89,0
115.891,0
115.892,0
115.893,0
115.894,0
115.895,0
115.896,0
115.897,0
115.898,0
115.899,0
115.9,0
115.901,0
115.902,0
115.903,0
115.904,0
115.905,0
115.906,0
115.907,0
115.908,0
115.909,0
115.91,0
115.911,0
115.912,0
115.913,0
115.914,0
115.915,0
115.916,0
115.917,0
115.918,0
115.919,0
115.92,0
115.921,0
115.922,0
115.923,0
115.924,0
115.925,0
115.926,0
115.927,0
115.928,0
115.929,0
115.93,0
115.931,0
115.932,0
115.933,0
115.934,0
115.935,0
115.936,0
115.937,0
115.938,0
115.939,0
115.94,0
115.941,0
115.942,0
115.943,0
115.944,0
115.945,0
115.946,0
115.947,0
115.948,0
115.949,0
115.95,0
115.951,0
115.952,0
115.953,0
115.954,0
115.955,0
115.956,0
115.957,0
115.958,0
115.959,0
115.96,0
115.961,0
115.962,0
115.963,0
115.964,0
115.965,0
115.966,0
115.967,0
115.968,0
115.969,0
115.97,0
115.971,0
115.972,0
115.973,0
115.974,0
115.975,0
115.976,0
115.977,0
115.978,0
115.979,0
115.98,0
115.981,0
115.982,0
115.983,0
115.984,0
115.985,0
115.986,0
115.987,0
115.988,0
115.989,0
115.99,0
115.991,0
115.992,0
115.993,0
115.994,0
115.995,0
115.996,0
115.997,0
115.998,0
115.999,0
116,0
116.001,0
116.002,0
116.003,0
116.004,0
116.005,0
116.006,0
116.007,0
116.008,0
116.009,0
116.01,0
116.011,0
116.012,0
116.013,0
116.014,0
116.015,0
116.016,0
116.017,0
116.018,0
116.019,0
116.02,0
116.021,0
116.022,0
116.023,0
116.024,0
116.025,0
116.026,0
116.027,0
116.028,0
116.029,0
116.03,0
116.031,0
116.032,0
116.033,0
116.034,0
116.035,0
116.036,0
116.037,0
116.038,0
116.039,0
116.04,0
116.041,0
116.042,0
116.043,0
116.044,0
116.045,0
116.046,0
116.047,0
116.048,0
116.049,0
116.05,0
116.051,0
116.052,0
116.053,0
116.054,0
116.055,0
116.056,0
116.057,0
116.058,0
116.059,0
116.06,0
116.061,0
116.062,0
116.063,0
116.064,0
116.065,0
116.066,0
116.067,0
116.068,0
116.069,0
116.07,0
116.071,0
116.072,0
116.073,0
116.074,0
116.075,0
116.076,0
116.077,0
116.078,0
116.079,0
116.08,0
116.081,0
116.082,0
116.083,0
116.084,0
116.085,0
116.086,0
116.087,0
116.088,0
116.089,0
116.09,0
116.091,0
116.092,0
116.093,0
116.094,0
116.095,0
116.096,0
116.097,0
116.098,0
116.099,0
116.1,0
116.101,0
116.102,0
116.103,0
116.104,0
116.105,0
116.106,0
116.107,0
116.108,0
116.109,0
116.11,0
116.111,0
116.112,0
116.113,0
116.114,0
116.115,0
116.116,0
116.117,0
116.118,0
116.119,0
116.12,0
116.121,0
116.122,0
116.123,0
116.124,0
116.125,0
116.126,0
116.127,0
116.128,0
116.129,0
116.13,0
116.131,0
116.132,0
116.133,0
116.134,0
116.135,0
116.136,0
116.137,0
116.138,0
116.139,0
116.14,0
116.141,0
116.142,0
116.143,0
116.144,0
116.145,0
116.146,0
116.147,0
116.148,0
116.149,0
116.15,0
116.151,0
116.152,0
116.153,0
116.154,0
116.155,0
116.156,0
116.157,0
116.158,0
116.159,0
116.16,0
116.161,0
116.162,0
116.163,0
116.164,0
116.165,0
116.166,0
116.167,0
116.168,0
116.169,0
116.17,0
116.171,0
116.172,0
116.173,0
116.174,0
116.175,0
116.176,0
116.177,0
116.178,0
116.179,0
116.18,0
116.181,0
116.182,0
116.183,0
116.184,0
116.185,0
116.186,0
116.187,0
116.188,0
116.189,0
116.19,0
116.191,0
116.192,0
116.193,0
116.194,0
116.195,0
116.196,0
116.197,0
116.198,0
116.199,0
116.2,0
116.201,0
116.202,0
116.203,0
116.204,0
116.205,0
116.206,0
116.207,0
116.208,0
116.209,0
116.21,0
116.211,0
116.212,0
116.213,0
116.214,0
116.215,0
116.216,0
116.217,0
116.218,0
116.219,0
116.22,0
116.221,0
116.222,0
116.223,0
116.224,0
116.225,0
116.226,0
116.227,0
116.228,0
116.229,0
116.23,0
116.231,0
116.232,0
116.233,0
116.234,0
116.235,0
116.236,0
116.237,0
116.238,0
116.239,0
116.24,0
116.241,0
116.242,0
116.243,0
116.244,0
116.245,0
116.246,0
116.247,0
116.248,0
116.249,0
116.25,0
116.251,0
116.252,0
116.253,0
116.254,0
116.255,0
116.256,0
116.257,0
116.258,0
116.259,0
116.26,0
116.261,0
116.262,0
116.263,0
116.264,0
116.265,0
116.266,0
116.267,0
116.268,0
116.269,0
116.27,0
116.271,0
116.272,0
116.273,0
116.274,0
116.275,0
116.276,0
116.277,0
116.278,0
116.279,0
116.28,0
116.281,0
116.282,0
116.283,0
116.284,0
116.285,0
116.286,0
116.287,0
116.288,0
116.289,0
116.29,0
116.291,0
116.292,0
116.293,0
116.294,0
116.295,0
116.296,0
116.297,0
116.298,0
116.299,0
116.3,0
116.301,0
116.302,0
116.303,0
116.304,0
116.305,0
116.306,0
116.307,0
116.308,0
116.309,0
116.31,0
116.311,0
116.312,0
116.313,0
116.314,0
116.315,0
116.316,0
116.3168048018,1
116.317,0
116.318,0
116.319,0
116.32,0
116.321,0
116.322,0
116.323,0
116.324,0
116.325,0
116.326,0
116.327,0
116.328,0
116.329,0
116.33,0
116.331,0
116.332,0
116.333,0
116.334,0
116.335,0
116.336,0
116.337,0
116.338,0
116.339,0
116.34,0
116.341,0
116.342,0
116.343,0
116.344,0
116.345,0
116.346,0
116.347,0
116.348,0
116.349,0
116.35,0
116.351,0
116.352,0
116.353,0
116.354,0
116.355,0
116.356,0
116.357,0
116.358,0
116.359,0
116.36,0
116.361,0
116.362,0
116.363,0
116.364,0
116.365,0
116.366,0
116.367,0
116.368,0
116.369,0
116.37,0
116.371,0
116.372,0
116.373,0
116.374,0
116.375,0
116.376,0
116.377,0
116.378,0
116.379,0
116.38,0
116.381,0
116.382,0
116.383,0
116.384,0
116.385,0
116.386,0
116.387,0
116.388,0
116.389,0
116.39,0
116.391,0
116.392,0
116.393,0
116.394,0
116.395,0
116.396,0
116.397,0
116.398,0
116.399,0
116.4,0
116.401,0
116.402,0
116.403,0
116.404,0
116.405,0
116.406,0
116.407,0
116.408,0
116.409,0
116.412,0
116.413,0
116.414,0
116.415,0
116.416,0
116.417,0
116.418,0
116.419,0
116.42,0
116.421,0
116.422,0
116.423,0
116.424,0
116.425,0
116.426,0
116.427,0
116.428,0
116.429,0
116.43,0
116.431,0
116.432,0
116.433,0
116.434,0
116.435,0
116.436,0
116.437,0
116.438,0
116.439,0
116.44,0
116.441,0
116.442,0
116.443,0
116.444,0
116.445,0
116.446,0
116.447,0
116.448,0
116.449,0
116.45,0
116.451,0
116.452,0
116.453,0
116.454,0
116.456,0
116.457,0
116.458,0
116.459,0
116.46,0
116.461,0
116.462,0
116.463,0
116.464,0
116.465,0
116.466,0
116.467,0
116.468,0
116.469,0
116.47,0
116.471,0
116.472,0
116.473,0
116.474,0
116.475,0
116.476,0
116.477,0
116.478,0
116.479,0
116.48,0
116.481,0
116.482,0
116.483,0
116.484,0
116.485,0
116.486,0
116.487,0
116.488,0
116.489,0
116.49,0
116.491,0
116.492,0
116.493,0
116.494,0
116.495,0
116.496,0
116.497,0
116.498,0
116.499,0
116.5,0
116.501,0
116.502,0
116.503,0
116.504,0
116.505,0
116.506,0
116.507,0
116.508,0
116.509,0
116.51,0
116.511,0
116.512,0
116.513,0
116.514,0
116.515,0
116.516,0
116.517,0
116.518,0
116.519,0
116.52,0
116.521,0
116.522,0
116.523,0
116.524,0
116.525,0
116.526,0
116.527,0
116.528,0
116.529,0
116.53,0
116.531,0
116.532,0
116.533,0
116.534,0
116.535,0
116.536,0
116.537,0
116.538,0
116.539,0
116.54,0
116.541,0
116.542,0
116.543,0
116.544,0
116.545,0
116.546,0
116.547,0
116.548,0
116.549,0
116.55,0
116.551,0
116.552,0
116.553,0
116.554,0
116.555,0
116.556,0
116.557,0
116.558,0
116.559,0
116.56,0
116.561,0
116.562,0
116.563,0
116.564,0
116.565,0
116.566,0
116.567,0
116.568,0
116.569,0
116.57,0
116.571,0
116.572,0
116.573,0
116.574,0
116.575,0
116.576,0
116.577,0
116.578,0
116.579,0
116.58,0
116.581,0
116.582,0
116.583,0
116.584,0
116.585,0
116.586,0
116.587,0
116.588,0
116.589,0
116.59,0
116.591,0
116.592,0
116.593,0
116.594,0
116.595,0
116.596,0
116.597,0
116.598,0
116.599,0
116.6,0
116.601,0
116.602,0
116.603,0
116.604,0
116.605,0
116.606,0
116.607,0
116.608,0
116.609,0
116.61,0
116.611,0
116.612,0
116.613,0
116.614,0
116.615,0
116.616,0
116.617,0
116.618,0
116.619,0
116.62,0
116.621,0
116.622,0
116.623,0
116.624,0
116.625,0
116.626,0
116.627,0
116.628,0
116.629,0
116.63,0
116.631,0
116.632,0
116.633,0
116.634,0
116.635,0
116.636,0
116.637,0
116.638,0
116.639,0
116.64,0
116.641,0
116.642,0
116.643,0
116.644,0
116.645,0
116.646,0
116.647,0
116.648,0
116.649,0
116.65,0
116.651,0
116.652,0
116.653,0
116.654,0
116.655,0
116.656,0
116.657,0
116.658,0
116.659,0
116.66,0
116.661,0
116.662,0
116.663,0
116.664,0
116.665,0
116.666,0
116.667,0
116.668,0
116.669,0
116.67,0
116.671,0
116.672,0
116.673,0
116.674,0
116.675,0
116.676,0
116.677,0
116.678,0
116.679,0
116.68,0
116.681,0
116.682,0
116.683,0
116.684,0
116.685,0
116.686,0
116.687,0
116.688,0
116.689,0
116.69,0
116.691,0
116.692,0
116.693,0
116.694,0
116.695,0
116.696,0
116.697,0
116.698,0
116.699,0
116.7,0
116.701,0
116.702,0
116.703,0
116.704,0
116.705,0
116.706,0
116.707,0
116.708,0
116.709,0
116.71,0
116.711,0
116.712,0
116.713,0
116.714,0
116.715,0
116.716,0
116.717,0
116.718,0
116.719,0
116.72,0
116.721,0
116.722,0
116.723,0
116.724,0
116.725,0
116.726,0
116.727,0
116.728,0
116.729,0
116.73,0
116.731,0
116.732,0
116.733,0
116.734,0
116.735,0
116.736,0
116.737,0
116.738,0
116.739,0
116.74,0
116.741,0
116.742,0
116.743,0
116.744,0
116.745,0
116.746,0
116.747,0
116.748,0
116.749,0
116.75,0
116.751,0
116.752,0
116.753,0
116.754,0
116.755,0
116.756,0
116.757,0
116.758,0
116.759,0
116.76,0
116.761,0
116.762,0
116.763,0
116.764,0
116.765,0
116.766,0
116.767,0
116.768,0
116.769,0
116.77,0
116.771,0
116.772,0
116.773,0
116.774,0
116.775,0
116.776,0
116.777,0
116.778,0
116.779,0
116.78,0
116.781,0
116.782,0
116.783,0
116.784,0
116.785,0
116.786,0
116.787,0
116.788,0
116.789,0
116.79,0
116.791,0
116.792,0
116.793,0
116.794,0
116.795,0
116.796,0
116.797,0
116.798,0
116.799,0
116.8,0
116.801,0
116.802,0
116.803,0
116.804,0
116.805,0
116.806,0
116.807,0
116.808,0
116.809,0
116.81,0
116.811,0
116.812,0
116.813,0
116.814,0
116.815,0
116.816,0
116.817,0
116.818,0
116.819,0
116.82,0
116.821,0
116.822,0
116.823,0
116.824,0
116.825,0
116.826,0
116.827,0
116.828,0
116.829,0
116.83,0
116.831,0
116.832,0
116.833,0
116.834,0
116.835,0
116.836,0
116.837,0
116.838,0
116.839,0
116.84,0
116.841,0
116.842,0
116.843,0
116.844,0
116.845,0
116.846,0
116.847,0
116.848,0
116.849,0
116.85,0
116.851,0
116.852,0
116.853,0
116.854,0
116.855,0
116.856,0
116.857,0
116.858,0
116.859,0
116.86,0
116.861,0
116.862,0
116.863,0
116.864,0
116.865,0
116.866,0
116.867,0
116.868,0
116.869,0
116.87,0
116.871,0
116.872,0
116.873,0
116.874,0
116.875,0
116.876,0
116.877,0
116.878,0
116.879,0
116.88,0
116.881,0
116.882,0
116.883,0
116.884,0
116.885,0
116.886,0
116.887,0
116.888,0
116.889,0
116.89,0
116.891,0
116.892,0
116.893,0
116.894,0
116.895,0
116.896,0
116.897,0
116.898,0
116.899,0
116.9,0
116.901,0
116.902,0
116.903,0
116.904,0
116.905,0
116.906,0
116.907,0
116.908,0
116.909,0
116.91,0
116.911,0
116.912,0
116.913,0
116.914,0
116.915,0
116.916,0
116.917,0
116.918,0
116.919,0
116.92,0
116.921,0
116.922,0
116.923,0
116.924,0
116.925,0
116.926,0
116.927,0
116.928,0
116.929,0
116.93,0
116.931,0
116.932,0
116.933,0
116.934,0
116.935,0
116.936,0
116.937,0
116.938,0
116.939,0
116.94,0
116.941,0
116.942,0
116.943,0
116.944,0
116.945,0
116.946,0
116.947,0
116.948,0
116.949,0
116.95,0
116.951,0
116.952,0
116.953,0
116.954,0
116.955,0
116.956,0
116.957,0
116.958,0
116.959,0
116.96,0
116.961,0
116.962,0
116.963,0
116.964,0
116.965,0
116.966,0
116.967,0
116.968,0
116.969,0
116.97,0
116.971,0
116.972,0
116.973,0
116.974,0
116.975,0
116.976,0
116.977,0
116.978,0
116.979,0
116.98,0
116.981,0
116.982,0
116.983,0
116.984,0
116.985,0
116.986,0
116.987,0
116.988,0
116.989,0
116.99,0
116.991,0
116.992,0
116.993,0
116.994,0
116.995,0
116.996,0
116.997,0
116.998,0
116.999,0
117,0
117.001,0
117.002,0
117.003,0
117.004,0
117.005,0
117.006,0
117.007,0
117.008,0
117.009,0
117.01,0
117.011,0
117.012,0
117.013,0
117.014,0
117.015,0
117.016,0
117.017,0
117.018,0
117.019,0
117.02,0
117.021,0
117.022,0
117.023,0
117.024,0
117.025,0
117.026,0
117.027,0
117.028,0
117.029,0
117.03,0
117.031,0
117.032,0
117.033,0
117.034,0
117.035,0
117.036,0
117.037,0
117.038,0
117.039,0
117.04,0
117.041,0
117.042,0
117.043,0
117.044,0
117.045,0
117.046,0
117.047,0
117.048,0
117.049,0
117.05,0
117.051,0
117.052,0
117.053,0
117.054,0
117.055,0
117.056,0
117.057,0
117.058,0
117.059,0
117.06,0
117.061,0
117.062,0
117.063,0
117.064,0
117.065,0
117.066,0
117.067,0
117.068,0
117.069,0
117.07,0
117.071,0
117.072,0
117.073,0
117.074,0
117.075,0
117.076,0
117.077,0
117.078,0
117.079,0
117.08,0
117.081,0
117.082,0
117.083,0
117.084,0
117.085,0
117.086,0
117.087,0
117.088,0
117.089,0
117.09,0
117.091,0
117.092,0
117.093,0
117.094,0
117.095,0
117.096,0
117.097,0
117.098,0
117.099,0
117.1,0
117.101,0
117.102,0
117.103,0
117.104,0
117.105,0
117.106,0
117.107,0
117.108,0
117.109,0
117.11,0
117.111,0
117.112,0
117.113,0
117.114,0
117.115,0
117.116,0
117.117,0
117.118,0
117.119,0
117.12,0
117.121,0
117.122,0
117.123,0
117.124,0
117.125,0
117.126,0
117.127,0
117.128,0
117.129,0
117.13,0
117.131,0
117.132,0
117.133,0
117.134,0
117.135,0
117.136,0
117.137,0
117.138,0
117.139,0
117.14,0
117.141,0
117.142,0
117.143,0
117.144,0
117.145,0
117.146,0
117.147,0
117.148,0
117.149,0
117.15,0
117.151,0
117.152,0
117.153,0
117.154,0
117.155,0
117.156,0
117.157,0
117.158,0
117.159,0
117.16,0
117.161,0
117.162,0
117.163,0
117.164,0
117.165,0
117.166,0
117.167,0
117.168,0
117.169,0
117.17,0
117.171,0
117.172,0
117.173,0
117.174,0
117.175,0
117.176,0
117.177,0
117.178,0
117.179,0
117.18,0
117.181,0
117.182,0
117.183,0
117.184,0
117.185,0
117.186,0
117.187,0
117.188,0
117.189,0
117.19,0
117.191,0
117.192,0
117.193,0
117.194,0
117.195,0
117.196,0
117.197,0
117.198,0
117.199,0
117.2,0
117.201,0
117.202,0
117.203,0
117.204,0
117.205,0
117.206,0
117.207,0
117.208,0
117.209,0
117.21,0
117.211,0
117.212,0
117.213,0
117.214,0
117.215,0
117.216,0
117.217,0
117.218,0
117.219,0
117.22,0
117.221,0
117.222,0
117.223,0
117.224,0
117.225,0
117.226,0
117.227,0
117.228,0
117.229,0
117.23,0
117.231,0
117.232,0
117.233,0
117.234,0
117.235,0
117.236,0
117.237,0
117.238,0
117.239,0
117.24,0
117.241,0
117.242,0
117.243,0
117.244,0
117.245,0
117.246,0
117.247,0
117.248,0
117.249,0
117.25,0
117.251,0
117.252,0
117.253,0
117.254,0
117.255,0
117.256,0
117.257,0
117.258,0
117.259,0
117.26,0
117.261,0
117.262,0
117.263,0
117.264,0
117.265,0
117.266,0
117.267,0
117.268,0
117.269,0
117.27,0
117.271,0
117.272,0
117.273,0
117.274,0
117.275,0
117.276,0
117.277,0
117.278,0
117.279,0
117.28,0
117.281,0
117.282,0
117.283,0
117.284,0
117.285,0
117.286,0
117.287,0
117.288,0
117.289,0
117.29,0
117.291,0
117.292,0
117.293,0
117.294,0
117.295,0
117.296,0
117.297,0
117.298,0
117.299,0
117.3,0
117.301,0
117.302,0
117.303,0
117.304,0
117.305,0
117.306,0
117.307,0
117.308,0
117.309,0
117.31,0
117.311,0
117.312,0
117.313,0
117.314,0
117.315,0
117.316,0
117.317,0
117.318,0
117.319,0
117.32,0
117.321,0
117.322,0
117.323,0
117.324,0
117.325,0
117.326,0
117.327,0
117.328,0
117.329,0
117.33,0
117.331,0
117.332,0
117.333,0
117.334,0
117.335,0
117.336,0
117.337,0
117.338,0
117.339,0
117.34,0
117.341,0
117.342,0
117.343,0
117.344,0
117.345,0
117.346,0
117.347,0
117.348,0
117.349,0
117.35,0
117.351,0
117.352,0
117.353,0
117.354,0
117.355,0
117.356,0
117.357,0
117.358,0
117.359,0
117.36,0
117.361,0
117.362,0
117.363,0
117.364,0
117.365,0
117.366,0
117.367,0
117.368,0
117.369,0
117.37,0
117.371,0
117.372,0
117.373,0
117.374,0
117.375,0
117.376,0
117.377,0
117.378,0
117.379,0
117.38,0
117.381,0
117.382,0
117.383,0
117.384,0
117.385,0
117.386,0
117.387,0
117.388,0
117.389,0
117.39,0
117.391,0
117.392,0
117.393,0
117.394,0
117.395,0
117.396,0
117.397,0
117.398,0
117.399,0
117.4,0
117.401,0
117.402,0
117.403,0
117.404,0
117.405,0
117.406,0
117.407,0
117.408,0
117.409,0
117.41,0
117.411,0
117.412,0
117.413,0
117.414,0
117.415,0
117.416,0
117.417,0
117.418,0
117.419,0
117.42,0
117.421,0
117.422,0
117.423,0
117.424,0
117.425,0
117.426,0
117.427,0
117.428,0
117.429,0
117.43,0
117.431,0
117.432,0
117.433,0
117.434,0
117.435,0
117.436,0
117.437,0
117.438,0
117.439,0
117.44,0
117.441,0
117.442,0
117.443,0
117.444,0
117.445,0
117.446,0
117.447,0
117.448,0
117.449,0
117.45,0
117.451,0
117.452,0
117.453,0
117.454,0
117.455,0
117.456,0
117.457,0
117.458,0
117.459,0
117.46,0
117.461,0
117.462,0
117.463,0
117.464,0
117.465,0
117.466,0
117.467,0
117.468,0
117.469,0
117.47,0
117.471,0
117.472,0
117.473,0
117.474,0
117.475,0
117.476,0
117.477,0
117.478,0
117.479,0
117.48,0
117.481,0
117.482,0
117.483,0
117.484,0
117.485,0
117.486,0
117.487,0
117.488,0
117.489,0
117.49,0
117.491,0
117.492,0
117.493,0
117.494,0
117.495,0
117.496,0
117.497,0
117.498,0
117.499,0
117.5,0
117.501,0
117.502,0
117.503,0
117.504,0
117.505,0
117.506,0
117.507,0
117.508,0
117.509,0
117.51,0
117.511,0
117.512,0
117.513,0
117.514,0
117.515,0
117.516,0
117.517,0
117.518,0
117.519,0
117.52,0
117.521,0
117.522,0
117.523,0
117.524,0
117.525,0
117.526,0
117.527,0
117.528,0
117.529,0
117.53,0
117.531,0
117.532,0
117.533,0
117.534,0
117.535,0
117.536,0
117.537,0
117.538,0
117.539,0
117.54,0
117.541,0
117.542,0
117.543,0
117.544,0
117.545,0
117.546,0
117.547,0
117.548,0
117.549,0
117.55,0
117.551,0
117.552,0
117.553,0
117.554,0
117.555,0
117.556,0
117.557,0
117.558,0
117.559,0
117.56,0
117.561,0
117.562,0
117.563,0
117.564,0
117.565,0
117.566,0
117.567,0
117.568,0
117.569,0
117.57,0
117.571,0
117.572,0
117.573,0
117.574,0
117.575,0
117.576,0
117.577,0
117.578,0
117.579,0
117.58,0
117.581,0
117.582,0
117.583,0
117.584,0
117.585,0
117.586,0
117.587,0
117.588,0
117.589,0
117.59,0
117.591,0
117.592,0
117.593,0
117.594,0
117.595,0
117.596,0
117.597,0
117.598,0
117.599,0
117.6,0
117.601,0
117.602,0
117.603,0
117.604,0
117.605,0
117.606,0
117.607,0
117.608,0
117.609,0
117.61,0
117.611,0
117.612,0
117.613,0
117.614,0
117.615,0
117.616,0
117.617,0
117.618,0
117.619,0
117.62,0
117.621,0
117.622,0
117.623,0
117.624,0
117.625,0
117.626,0
117.627,0
117.628,0
117.629,0
117.63,0
117.631,0
117.632,0
117.633,0
117.634,0
117.635,0
117.636,0
117.637,0
117.638,0
117.639,0
117.64,0
117.641,0
117.642,0
117.643,0
117.644,0
117.645,0
117.646,0
117.647,0
117.648,0
117.649,0
117.65,0
117.651,0
117.652,0
117.653,0
117.654,0
117.655,0
117.656,0
117.657,0
117.658,0
117.659,0
117.66,0
117.661,0
117.662,0
117.663,0
117.664,0
117.665,0
117.666,0
117.667,0
117.668,0
117.669,0
117.67,0
117.671,0
117.672,0
117.673,0
117.674,0
117.675,0
117.676,0
117.677,0
117.678,0
117.679,0
117.68,0
117.681,0
117.682,0
117.683,0
117.684,0
117.685,0
117.686,0
117.687,0
117.688,0
117.689,0
117.69,0
117.691,0
117.692,0
117.693,0
117.694,0
117.695,0
117.696,0
117.697,0
117.698,0
117.699,0
117.7,0
117.701,0
117.702,0
117.703,0
117.704,0
117.705,0
117.706,0
117.707,0
117.708,0
117.709,0
117.71,0
117.711,0
117.712,0
117.713,0
117.714,0
117.715,0
117.716,0
117.717,0
117.718,0
117.719,0
117.72,0
117.721,0
117.722,0
117.723,0
117.724,0
117.7246326418,1
117.725,0
117.726,0
117.727,0
117.728,0
117.729,0
117.73,0
117.731,0
117.732,0
117.733,0
117.734,0
117.735,0
117.736,0
117.737,0
117.738,0
117.739,0
117.74,0
117.741,0
117.742,0
117.743,0
117.744,0
117.745,0
117.746,0
117.747,0
117.748,0
117.749,0
117.75,0
117.751,0
117.752,0
117.753,0
117.754,0
117.755,0
117.756,0
117.757,0
117.758,0
117.759,0
117.76,0
117.761,0
117.762,0
117.763,0
117.764,0
117.765,0
117.766,0
117.767,0
117.768,0
117.769,0
117.77,0
117.771,0
117.772,0
117.773,0
117.774,0
117.775,0
117.776,0
117.777,0
117.778,0
117.779,0
117.78,0
117.781,0
117.782,0
117.783,0
117.784,0
117.785,0
117.786,0
117.787,0
117.788,0
117.789,0
117.79,0
117.791,0
117.792,0
117.793,0
117.794,0
117.795,0
117.796,0
117.797,0
117.798,0
117.799,0
117.8,0
117.801,0
117.802,0
117.803,0
117.804,0
117.805,0
117.806,0
117.807,0
117.808,0
117.809,0
117.81,0
117.811,0
117.812,0
117.813,0
117.814,0
117.815,0
117.816,0
117.817,0
117.818,0
117.819,0
117.82,0
117.821,0
117.822,0
117.823,0
117.824,0
117.825,0
117.826,0
117.827,0
117.828,0
117.829,0
117.83,0
117.831,0
117.832,0
117.833,0
117.834,0
117.835,0
117.836,0
117.837,0
117.838,0
117.839,0
117.84,0
117.842,0
117.843,0
117.844,0
117.845,0
117.846,0
117.847,0
117.848,0
117.849,0
117.85,0
117.851,0
117.852,0
117.853,0
117.854,0
117.855,0
117.856,0
117.857,0
117.858,0
117.859,0
117.86,0
117.861,0
117.862,0
117.863,0
117.864,0
117.865,0
117.866,0
117.867,0
117.868,0
117.869,0
117.87,0
117.871,0
117.872,0
117.873,0
117.874,0
117.875,0
117.876,0
117.877,0
117.878,0
117.879,0
117.88,0
117.881,0
117.882,0
117.883,0
117.884,0
117.885,0
117.886,0
117.887,0
117.888,0
117.889,0
117.89,0
117.891,0
117.892,0
117.893,0
117.894,0
117.895,0
117.896,0
117.897,0
117.898,0
117.899,0
117.9,0
117.901,0
117.902,0
117.903,0
117.904,0
117.905,0
117.906,0
117.907,0
117.908,0
117.909,0
117.91,0
117.911,0
117.912,0
117.913,0
117.914,0
117.915,0
117.916,0
117.917,0
117.918,0
117.919,0
117.92,0
117.921,0
117.922,0
117.923,0
117.924,0
117.925,0
117.926,0
117.927,0
117.928,0
117.929,0
117.93,0
117.931,0
117.932,0
117.933,0
117.934,0
117.935,0
117.936,0
117.937,0
117.938,0
117.939,0
117.94,0
117.941,0
117.942,0
117.943,0
117.944,0
117.945,0
117.946,0
117.947,0
117.948,0
117.949,0
117.95,0
117.951,0
117.952,0
117.953,0
117.954,0
117.955,0
117.956,0
117.957,0
117.958,0
117.959,0
117.96,0
117.961,0
117.962,0
117.963,0
117.964,0
117.965,0
117.966,0
117.967,0
117.968,0
117.969,0
117.97,0
117.971,0
117.972,0
117.973,0
117.974,0
117.975,0
117.976,0
117.977,0
117.978,0
117.979,0
117.98,0
117.981,0
117.982,0
117.983,0
117.984,0
117.985,0
117.986,0
117.987,0
117.988,0
117.989,0
117.99,0
117.991,0
117.992,0
117.993,0
117.994,0
117.995,0
117.996,0
117.997,0
117.998,0
117.999,0
118,0
118.001,0
118.002,0
118.003,0
118.004,0
118.005,0
118.006,0
118.007,0
118.008,0
118.009,0
118.01,0
118.011,0
118.012,0
118.013,0
118.014,0
118.015,0
118.016,0
118.017,0
118.018,0
118.019,0
118.02,0
118.021,0
118.022,0
118.023,0
118.024,0
118.025,0
118.026,0
118.027,0
118.028,0
118.029,0
118.03,0
118.031,0
118.032,0
118.033,0
118.034,0
118.035,0
118.036,0
118.037,0
118.038,0
118.039,0
118.04,0
118.041,0
118.042,0
118.043,0
118.044,0
118.045,0
118.046,0
118.047,0
118.048,0
118.049,0
118.05,0
118.051,0
118.052,0
118.053,0
118.054,0
118.055,0
118.056,0
118.057,0
118.058,0
118.059,0
118.06,0
118.061,0
118.062,0
118.063,0
118.064,0
118.065,0
118.066,0
118.067,0
118.068,0
118.069,0
118.07,0
118.071,0
118.072,0
118.073,0
118.074,0
118.075,0
118.076,0
118.077,0
118.078,0
118.079,0
118.08,0
118.081,0
118.082,0
118.083,0
118.084,0
118.085,0
118.086,0
118.087,0
118.088,0
118.089,0
118.09,0
118.091,0
118.092,0
118.093,0
118.094,0
118.095,0
118.096,0
118.097,0
118.098,0
118.099,0
118.1,0
118.101,0
118.102,0
118.103,0
118.104,0
118.105,0
118.106,0
118.107,0
118.108,0
118.109,0
118.11,0
118.111,0
118.112,0
118.113,0
118.114,0
118.115,0
118.116,0
118.117,0
118.118,0
118.119,0
118.12,0
118.121,0
118.122,0
118.123,0
118.124,0
118.125,0
118.126,0
118.127,0
118.128,0
118.129,0
118.13,0
118.131,0
118.132,0
118.133,0
118.134,0
118.135,0
118.136,0
118.137,0
118.138,0
118.139,0
118.14,0
118.141,0
118.142,0
118.143,0
118.144,0
118.145,0
118.146,0
118.147,0
118.148,0
118.149,0
118.15,0
118.151,0
118.152,0
118.153,0
118.154,0
118.155,0
118.156,0
118.157,0
118.158,0
118.159,0
118.16,0
118.161,0
118.162,0
118.163,0
118.164,0
118.165,0
118.166,0
118.167,0
118.168,0
118.169,0
118.17,0
118.171,0
118.172,0
118.173,0
118.174,0
118.175,0
118.176,0
118.177,0
118.178,0
118.179,0
118.18,0
118.181,0
118.182,0
118.183,0
118.184,0
118.185,0
118.186,0
118.187,0
118.188,0
118.189,0
118.19,0
118.191,0
118.192,0
118.193,0
118.194,0
118.195,0
118.196,0
118.197,0
118.198,0
118.199,0
118.2,0
118.201,0
118.202,0
118.203,0
118.204,0
118.205,0
118.206,0
118.207,0
118.208,0
118.209,0
118.21,0
118.211,0
118.212,0
118.213,0
118.214,0
118.215,0
118.216,0
118.217,0
118.218,0
118.219,0
118.22,0
118.221,0
118.222,0
118.223,0
118.224,0
118.225,0
118.226,0
118.227,0
118.228,0
118.229,0
118.23,0
118.231,0
118.232,0
118.233,0
118.234,0
118.235,0
118.236,0
118.237,0
118.238,0
118.239,0
118.24,0
118.241,0
118.242,0
118.243,0
118.244,0
118.245,0
118.246,0
118.247,0
118.248,0
118.249,0
118.25,0
118.251,0
118.252,0
118.253,0
118.254,0
118.255,0
118.256,0
118.257,0
118.258,0
118.259,0
118.26,0
118.261,0
118.262,0
118.263,0
118.264,0
118.265,0
118.266,0
118.267,0
118.268,0
118.269,0
118.27,0
118.271,0
118.272,0
118.273,0
118.274,0
118.275,0
118.276,0
118.277,0
118.278,0
118.279,0
118.28,0
118.281,0
118.282,0
118.283,0
118.284,0
118.285,0
118.286,0
118.287,0
118.288,0
118.289,0
118.29,0
118.291,0
118.292,0
118.293,0
118.294,0
118.295,0
118.296,0
118.297,0
118.298,0
118.299,0
118.3,0
118.301,0
118.302,0
118.303,0
118.304,0
118.305,0
118.306,0
118.307,0
118.308,0
118.309,0
118.31,0
118.311,0
118.316,0
118.317,0
118.318,0
118.319,0
118.32,0
118.321,0
118.322,0
118.323,0
118.324,0
118.325,0
118.326,0
118.327,0
118.328,0
118.329,0
118.33,0
118.331,0
118.332,0
118.333,0
118.334,0
118.335,0
118.336,0
118.337,0
118.338,0
118.339,0
118.34,0
118.341,0
118.342,0
118.343,0
118.344,0
118.345,0
118.346,0
118.347,0
118.348,0
118.349,0
118.35,0
118.351,0
118.352,0
118.353,0
118.354,0
118.355,0
118.356,0
118.357,0
118.358,0
118.359,0
118.36,0
118.361,0
118.362,0
118.363,0
118.364,0
118.365,0
118.366,0
118.367,0
118.368,0
118.369,0
118.37,0
118.371,0
118.372,0
118.373,0
118.374,0
118.375,0
118.376,0
118.377,0
118.378,0
118.379,0
118.38,0
118.381,0
118.382,0
118.383,0
118.384,0
118.385,0
118.386,0
118.387,0
118.388,0
118.389,0
118.39,0
118.391,0
118.392,0
118.393,0
118.394,0
118.395,0
118.396,0
118.397,0
118.398,0
118.399,0
118.4,0
118.401,0
118.402,0
118.403,0
118.404,0
118.405,0
118.406,0
118.407,0
118.408,0
118.409,0
118.41,0
118.411,0
118.412,0
118.413,0
118.414,0
118.415,0
118.416,0
118.417,0
118.418,0
118.419,0
118.42,0
118.421,0
118.422,0
118.423,0
118.424,0
118.425,0
118.426,0
118.427,0
118.428,0
118.429,0
118.43,0
118.431,0
118.432,0
118.433,0
118.434,0
118.435,0
118.436,0
118.437,0
118.438,0
118.439,0
118.44,0
118.441,0
118.442,0
118.443,0
118.444,0
118.445,0
118.446,0
118.447,0
118.448,0
118.449,0
118.45,0
118.451,0
118.452,0
118.453,0
118.454,0
118.455,0
118.456,0
118.457,0
118.458,0
118.459,0
118.46,0
118.461,0
118.462,0
118.463,0
118.464,0
118.465,0
118.466,0
118.467,0
118.468,0
118.469,0
118.47,0
118.471,0
118.472,0
118.473,0
118.474,0
118.475,0
118.476,0
118.477,0
118.478,0
118.479,0
118.48,0
118.481,0
118.482,0
118.483,0
118.484,0
118.485,0
118.486,0
118.487,0
118.488,0
118.489,0
118.49,0
118.491,0
118.492,0
118.493,0
118.494,0
118.495,0
118.496,0
118.497,0
118.498,0
118.499,0
118.5,0
118.501,0
118.502,0
118.503,0
118.504,0
118.505,0
118.506,0
118.507,0
118.508,0
118.509,0
118.51,0
118.511,0
118.512,0
118.513,0
118.514,0
118.515,0
118.516,0
118.517,0
118.518,0
118.519,0
118.52,0
118.521,0
118.522,0
118.523,0
118.524,0
118.525,0
118.526,0
118.527,0
118.528,0
118.529,0
118.53,0
118.531,0
118.532,0
118.533,0
118.534,0
118.535,0
118.536,0
118.537,0
118.538,0
118.539,0
118.54,0
118.541,0
118.542,0
118.543,0
118.544,0
118.545,0
118.546,0
118.547,0
118.548,0
118.549,0
118.55,0
118.551,0
118.552,0
118.553,0
118.554,0
118.555,0
118.556,0
118.557,0
118.558,0
118.559,0
118.56,0
118.561,0
118.562,0
118.563,0
118.564,0
118.565,0
118.566,0
118.567,0
118.568,0
118.569,0
118.57,0
118.571,0
118.572,0
118.573,0
118.574,0
118.575,0
118.576,0
118.577,0
118.578,0
118.579,0
118.58,0
118.581,0
118.582,0
118.583,0
118.584,0
118.585,0
118.586,0
118.587,0
118.588,0
118.589,0
118.59,0
118.591,0
118.592,0
118.593,0
118.594,0
118.595,0
118.596,0
118.597,0
118.598,0
118.599,0
118.6,0
118.601,0
118.602,0
118.603,0
118.604,0
118.605,0
118.606,0
118.607,0
118.608,0
118.609,0
118.61,0
118.611,0
118.612,0
118.613,0
118.614,0
118.615,0
118.616,0
118.617,0
118.618,0
118.619,0
118.62,0
118.621,0
118.622,0
118.623,0
118.624,0
118.625,0
118.626,0
118.627,0
118.628,0
118.629,0
118.63,0
118.631,0
118.632,0
118.633,0
118.634,0
118.635,0
118.636,0
118.637,0
118.638,0
118.639,0
118.64,0
118.641,0
118.642,0
118.643,0
118.644,0
118.645,0
118.646,0
118.647,0
118.648,0
118.649,0
118.65,0
118.651,0
118.652,0
118.653,0
118.654,0
118.655,0
118.656,0
118.657,0
118.658,0
118.659,0
118.66,0
118.661,0
118.662,0
118.663,0
118.664,0
118.665,0
118.666,0
118.667,0
118.668,0
118.669,0
118.67,0
118.671,0
118.672,0
118.673,0
118.674,0
118.675,0
118.676,0
118.677,0
118.678,0
118.679,0
118.68,0
118.681,0
118.682,0
118.683,0
118.684,0
118.685,0
118.686,0
118.687,0
118.688,0
118.689,0
118.69,0
118.691,0
118.692,0
118.693,0
118.694,0
118.695,0
118.696,0
118.697,0
118.698,0
118.699,0
118.7,0
118.701,0
118.702,0
118.703,0
118.704,0
118.705,0
118.706,0
118.707,0
118.708,0
118.709,0
118.71,0
118.711,0
118.712,0
118.713,0
118.714,0
118.715,0
118.716,0
118.717,0
118.718,0
118.719,0
118.72,0
118.721,0
118.722,0
118.723,0
118.724,0
118.725,0
118.726,0
118.727,0
118.728,0
118.729,0
118.73,0
118.731,0
118.732,0
118.733,0
118.734,0
118.735,0
118.736,0
118.737,0
118.738,0
118.739,0
118.74,0
118.741,0
118.742,0
118.743,0
118.744,0
118.745,0
118.746,0
118.747,0
118.748,0
118.749,0
118.75,0
118.751,0
118.752,0
118.753,0
118.754,0
118.755,0
118.756,0
118.757,0
118.758,0
118.759,0
118.76,0
118.761,0
118.762,0
118.763,0
118.764,0
118.765,0
118.766,0
118.767,0
118.768,0
118.769,0
118.77,0
118.771,0
118.772,0
118.773,0
118.774,0
118.775,0
118.776,0
118.777,0
118.778,0
118.779,0
118.78,0
118.781,0
118.782,0
118.783,0
118.784,0
118.785,0
118.786,0
118.787,0
118.788,0
118.789,0
118.79,0
118.791,0
118.792,0
118.793,0
118.794,0
118.795,0
118.796,0
118.797,0
118.798,0
118.799,0
118.8,0
118.801,0
118.802,0
118.803,0
118.804,0
118.805,0
118.806,0
118.807,0
118.808,0
118.809,0
118.81,0
118.811,0
118.812,0
118.813,0
118.814,0
118.815,0
118.816,0
118.817,0
118.818,0
118.819,0
118.82,0
118.821,0
118.822,0
118.823,0
118.824,0
118.825,0
118.826,0
118.827,0
118.828,0
118.829,0
118.83,0
118.831,0
118.832,0
118.833,0
118.834,0
118.835,0
118.836,0
118.837,0
118.838,0
118.839,0
118.84,0
118.841,0
118.842,0
118.843,0
118.844,0
118.845,0
118.846,0
118.847,0
118.848,0
118.849,0
118.85,0
118.851,0
118.852,0
118.853,0
118.854,0
118.855,0
118.856,0
118.857,0
118.858,0
118.859,0
118.86,0
118.861,0
118.862,0
118.863,0
118.864,0
118.865,0
118.866,0
118.867,0
118.868,0
118.869,0
118.87,0
118.871,0
118.872,0
118.873,0
118.874,0
118.875,0
118.876,0
118.877,0
118.878,0
118.879,0
118.88,0
118.881,0
118.882,0
118.883,0
118.884,0
118.885,0
118.886,0
118.887,0
118.888,0
118.889,0
118.89,0
118.891,0
118.892,0
118.893,0
118.894,0
118.895,0
118.896,0
118.897,0
118.898,0
118.899,0
118.9,0
118.901,0
118.902,0
118.903,0
118.904,0
118.905,0
118.906,0
118.907,0
118.908,0
118.909,0
118.91,0
118.911,0
118.912,0
118.913,0
118.914,0
118.915,0
118.916,0
118.917,0
118.918,0
118.919,0
118.92,0
118.921,0
118.922,0
118.923,0
118.924,0
118.925,0
118.926,0
118.927,0
118.928,0
118.929,0
118.93,0
118.931,0
118.932,0
118.933,0
118.934,0
118.935,0
118.936,0
118.937,0
118.938,0
118.939,0
118.94,0
118.941,0
118.942,0
118.943,0
118.944,0
118.945,0
118.946,0
118.947,0
118.948,0
118.949,0
118.95,0
118.951,0
118.952,0
118.953,0
118.954,0
118.955,0
118.956,0
118.957,0
118.958,0
118.959,0
118.96,0
118.961,0
118.962,0
118.963,0
118.964,0
118.965,0
118.966,0
118.967,0
118.968,0
118.969,0
118.97,0
118.971,0
118.972,0
118.973,0
118.974,0
118.975,0
118.976,0
118.977,0
118.978,0
118.979,0
118.98,0
118.981,0
118.982,0
118.983,0
118.984,0
118.985,0
118.986,0
118.987,0
118.988,0
118.989,0
118.99,0
118.991,0
118.992,0
118.993,0
118.994,0
118.995,0
118.996,0
118.997,0
118.998,0
118.999,0
119,0
119.001,0
119.002,0
119.003,0
119.004,0
119.005,0
119.006,0
119.007,0
119.008,0
119.009,0
119.01,0
119.011,0
119.012,0
119.013,0
119.014,0
119.015,0
119.016,0
119.017,0
119.018,0
119.019,0
119.02,0
119.021,0
119.022,0
119.023,0
119.024,0
119.025,0
119.026,0
119.027,0
119.028,0
119.029,0
119.03,0
119.031,0
119.032,0
119.033,0
119.034,0
119.035,0
119.036,0
119.037,0
119.038,0
119.039,0
119.04,0
119.041,0
119.042,0
119.043,0
119.044,0
119.045,0
119.046,0
119.047,0
119.048,0
119.049,0
119.05,0
119.051,0
119.052,0
119.053,0
119.054,0
119.055,0
119.056,0
119.057,0
119.058,0
119.059,0
119.06,0
119.061,0
119.062,0
119.063,0
119.064,0
119.065,0
119.066,0
119.067,0
119.068,0
119.069,0
119.07,0
119.071,0
119.072,0
119.073,0
119.074,0
119.075,0
119.076,0
119.077,0
119.078,0
119.079,0
119.08,0
119.081,0
119.082,0
119.083,0
119.084,0
119.085,0
119.086,0
119.087,0
119.088,0
119.089,0
119.09,0
119.091,0
119.092,0
119.0928273958,1
119.093,0
119.094,0
119.095,0
119.096,0
119.097,0
119.098,0
119.099,0
119.1,0
119.101,0
119.102,0
119.103,0
119.104,0
119.105,0
119.106,0
119.107,0
119.108,0
119.109,0
119.11,0
119.111,0
119.112,0
119.113,0
119.114,0
119.115,0
119.116,0
119.117,0
119.118,0
119.119,0
119.12,0
119.121,0
119.122,0
119.123,0
119.124,0
119.125,0
119.126,0
119.127,0
119.128,0
119.129,0
119.13,0
119.131,0
119.132,0
119.133,0
119.134,0
119.135,0
119.136,0
119.137,0
119.138,0
119.139,0
119.14,0
119.141,0
119.142,0
119.143,0
119.144,0
119.145,0
119.146,0
119.147,0
119.148,0
119.149,0
119.15,0
119.151,0
119.152,0
119.153,0
119.154,0
119.155,0
119.156,0
119.157,0
119.158,0
119.159,0
119.16,0
119.161,0
119.162,0
119.163,0
119.164,0
119.165,0
119.166,0
119.167,0
119.168,0
119.169,0
119.17,0
119.171,0
119.172,0
119.173,0
119.174,0
119.175,0
119.176,0
119.177,0
119.178,0
119.179,0
119.18,0
119.181,0
119.182,0
119.183,0
119.184,0
119.185,0
119.186,0
119.19,0
119.191,0
119.192,0
119.193,0
119.194,0
119.195,0
119.196,0
119.197,0
119.198,0
119.199,0
119.2,0
119.201,0
119.202,0
119.203,0
119.204,0
119.205,0
119.206,0
119.207,0
119.208,0
119.209,0
119.21,0
119.211,0
119.212,0
119.213,0
119.214,0
119.215,0
119.216,0
119.217,0
119.218,0
119.219,0
119.22,0
119.223,0
119.224,0
119.225,0
119.226,0
119.227,0
119.228,0
119.229,0
119.23,0
119.231,0
119.232,0
119.233,0
119.234,0
119.235,0
119.236,0
119.237,0
119.238,0
119.239,0
119.24,0
119.241,0
119.242,0
119.243,0
119.244,0
119.245,0
119.246,0
119.247,0
119.248,0
119.249,0
119.25,0
119.251,0
119.252,0
119.253,0
119.254,0
119.255,0
119.256,0
119.257,0
119.258,0
119.259,0
119.26,0
119.261,0
119.262,0
119.263,0
119.264,0
119.265,0
119.266,0
119.267,0
119.268,0
119.269,0
119.27,0
119.271,0
119.272,0
119.273,0
119.274,0
119.275,0
119.276,0
119.278,0
119.279,0
119.28,0
119.281,0
119.282,0
119.283,0
119.284,0
119.285,0
119.286,0
119.287,0
119.288,0
119.289,0
119.29,0
119.291,0
119.292,0
119.293,0
119.294,0
119.295,0
119.296,0
119.297,0
119.298,0
119.299,0
119.3,0
119.301,0
119.302,0
119.303,0
119.304,0
119.305,0
119.306,0
119.307,0
119.308,0
119.309,0
119.31,0
119.311,0
119.312,0
119.313,0
119.314,0
119.315,0
119.316,0
119.317,0
119.318,0
119.319,0
119.32,0
119.321,0
119.322,0
119.323,0
119.324,0
119.325,0
119.326,0
119.327,0
119.328,0
119.329,0
119.33,0
119.331,0
119.332,0
119.333,0
119.334,0
119.335,0
119.336,0
119.337,0
119.338,0
119.339,0
119.34,0
119.341,0
119.342,0
119.343,0
119.344,0
119.345,0
119.346,0
119.347,0
119.348,0
119.349,0
119.35,0
119.351,0
119.352,0
119.353,0
119.354,0
119.355,0
119.356,0
119.357,0
119.358,0
119.359,0
119.36,0
119.361,0
119.362,0
119.363,0
119.364,0
119.365,0
119.366,0
119.367,0
119.368,0
119.369,0
119.37,0
119.371,0
119.372,0
119.373,0
119.374,0
119.375,0
119.376,0
119.377,0
119.378,0
119.379,0
119.386,0
119.387,0
119.388,0
119.389,0
119.39,0
119.391,0
119.392,0
119.393,0
119.394,0
119.395,0
119.396,0
119.397,0
119.398,0
119.399,0
119.4,0
119.401,0
119.402,0
119.403,0
119.404,0
119.405,0
119.406,0
119.407,0
119.408,0
119.409,0
119.41,0
119.411,0
119.412,0
119.413,0
119.414,0
119.415,0
119.416,0
119.417,0
119.418,0
119.419,0
119.42,0
119.421,0
119.422,0
119.423,0
119.424,0
119.425,0
119.426,0
119.427,0
119.428,0
119.429,0
119.43,0
119.431,0
119.432,0
119.433,0
119.434,0
119.435,0
119.436,0
119.437,0
119.438,0
119.439,0
119.44,0
119.441,0
119.442,0
119.443,0
119.444,0
119.445,0
119.446,0
119.447,0
119.448,0
119.449,0
119.45,0
119.451,0
119.452,0
119.453,0
119.454,0
119.455,0
119.456,0
119.457,0
119.458,0
119.459,0
119.46,0
119.461,0
119.462,0
119.463,0
119.464,0
119.465,0
119.466,0
119.467,0
119.468,0
119.469,0
119.47,0
119.471,0
119.472,0
119.473,0
119.474,0
119.475,0
119.476,0
119.477,0
119.478,0
119.479,0
119.48,0
119.481,0
119.482,0
119.483,0
119.484,0
119.485,0
119.486,0
119.487,0
119.488,0
119.489,0
119.49,0
119.491,0
119.492,0
119.493,0
119.494,0
119.495,0
119.496,0
119.497,0
119.498,0
119.499,0
119.5,0
119.501,0
119.502,0
119.503,0
119.504,0
119.505,0
119.506,0
119.507,0
119.508,0
119.509,0
119.51,0
119.511,0
119.512,0
119.513,0
119.514,0
119.515,0
119.516,0
119.517,0
119.518,0
119.519,0
119.52,0
119.521,0
119.522,0
119.523,0
119.524,0
119.525,0
119.526,0
119.527,0
119.528,0
119.529,0
119.53,0
119.531,0
119.532,0
119.533,0
119.534,0
119.535,0
119.536,0
119.537,0
119.538,0
119.539,0
119.54,0
119.541,0
119.542,0
119.543,0
119.544,0
119.545,0
119.546,0
119.547,0
119.548,0
119.549,0
119.55,0
119.551,0
119.552,0
119.553,0
119.554,0
119.555,0
119.556,0
119.557,0
119.558,0
119.559,0
119.56,0
119.561,0
119.562,0
119.563,0
119.564,0
119.565,0
119.566,0
119.567,0
119.568,0
119.569,0
119.57,0
119.571,0
119.572,0
119.573,0
119.574,0
119.575,0
119.576,0
119.577,0
119.578,0
119.579,0
119.58,0
119.581,0
119.582,0
119.583,0
119.584,0
119.585,0
119.586,0
119.587,0
119.588,0
119.589,0
119.59,0
119.591,0
119.592,0
119.593,0
119.594,0
119.595,0
119.596,0
119.597,0
119.598,0
119.599,0
119.6,0
119.601,0
119.602,0
119.603,0
119.604,0
119.605,0
119.606,0
119.607,0
119.608,0
119.609,0
119.61,0
119.611,0
119.612,0
119.613,0
119.614,0
119.615,0
119.616,0
119.617,0
119.618,0
119.619,0
119.62,0
119.621,0
119.622,0
119.623,0
119.624,0
119.625,0
119.626,0
119.627,0
119.628,0
119.629,0
119.63,0
119.631,0
119.632,0
119.633,0
119.634,0
119.635,0
119.636,0
119.637,0
119.638,0
119.639,0
119.64,0
119.641,0
119.642,0
119.643,0
119.644,0
119.645,0
119.646,0
119.647,0
119.648,0
119.649,0
119.65,0
119.651,0
119.652,0
119.653,0
119.654,0
119.655,0
119.656,0
119.657,0
119.658,0
119.659,0
119.66,0
119.661,0
119.662,0
119.663,0
119.664,0
119.665,0
119.666,0
119.667,0
119.668,0
119.669,0
119.67,0
119.671,0
119.672,0
119.673,0
119.674,0
119.675,0
119.676,0
119.677,0
119.678,0
119.679,0
119.68,0
119.681,0
119.682,0
119.683,0
119.684,0
119.685,0
119.686,0
119.687,0
119.688,0
119.689,0
119.69,0
119.691,0
119.692,0
119.693,0
119.694,0
119.695,0
119.696,0
119.697,0
119.698,0
119.699,0
119.7,0
119.701,0
119.702,0
119.703,0
119.704,0
119.705,0
119.706,0
119.707,0
119.708,0
119.709,0
119.71,0
119.711,0
119.712,0
119.713,0
119.714,0
119.715,0
119.716,0
119.717,0
119.718,0
119.719,0
119.72,0
119.721,0
119.722,0
119.723,0
119.724,0
119.725,0
119.726,0
119.727,0
119.728,0
119.729,0
119.73,0
119.731,0
119.732,0
119.733,0
119.734,0
119.735,0
119.736,0
119.737,0
119.738,0
119.739,0
119.74,0
119.741,0
119.742,0
119.743,0
119.744,0
119.745,0
119.746,0
119.747,0
119.748,0
119.749,0
119.75,0
119.751,0
119.752,0
119.753,0
119.754,0
119.755,0
119.756,0
119.757,0
119.758,0
119.759,0
119.76,0
119.761,0
119.762,0
119.763,0
119.764,0
119.765,0
119.766,0
119.767,0
119.768,0
119.769,0
119.77,0
119.771,0
119.772,0
119.773,0
119.774,0
119.775,0
119.776,0
119.777,0
119.789,0
119.79,0
119.791,0
119.792,0
119.793,0
119.794,0
119.795,0
119.796,0
119.797,0
119.798,0
119.799,0
119.8,0
119.801,0
119.802,0
119.803,0
119.804,0
119.805,0
119.806,0
119.807,0
119.808,0
119.809,0
119.81,0
119.811,0
119.812,0
119.813,0
119.814,0
119.815,0
119.816,0
119.817,0
119.818,0
119.819,0
119.82,0
119.821,0
119.822,0
119.823,0
119.824,0
119.825,0
119.826,0
119.827,0
119.828,0
119.829,0
119.83,0
119.831,0
119.832,0
119.833,0
119.834,0
119.835,0
119.836,0
119.837,0
119.838,0
119.839,0
119.84,0
119.841,0
119.842,0
119.843,0
119.844,0
119.845,0
119.846,0
119.847,0
119.848,0
119.849,0
119.85,0
119.851,0
119.852,0
119.853,0
119.854,0
119.855,0
119.856,0
119.857,0
119.858,0
119.859,0
119.86,0
119.861,0
119.862,0
119.863,0
119.864,0
119.865,0
119.866,0
119.867,0
119.868,0
119.869,0
119.87,0
119.871,0
119.872,0
119.873,0
119.874,0
119.875,0
119.876,0
119.877,0
119.878,0
119.879,0
119.88,0
119.881,0
119.882,0
119.883,0
119.884,0
119.885,0
119.886,0
119.887,0
119.888,0
119.889,0
119.89,0
119.891,0
119.892,0
119.893,0
119.894,0
119.895,0
119.896,0
119.897,0
119.898,0
119.899,0
119.9,0
119.901,0
119.902,0
119.903,0
119.904,0
119.905,0
119.906,0
119.907,0
119.908,0
119.909,0
119.91,0
119.911,0
119.912,0
119.913,0
119.914,0
119.915,0
119.916,0
119.917,0
119.918,0
119.919,0
119.92,0
119.921,0
119.922,0
119.923,0
119.924,0
119.925,0
119.926,0
119.927,0
119.928,0
119.929,0
119.93,0
119.931,0
119.932,0
119.933,0
119.934,0
119.935,0
119.936,0
119.937,0
119.938,0
119.939,0
119.94,0
119.941,0
119.942,0
119.943,0
119.944,0
119.945,0
119.946,0
119.947,0
119.948,0
119.949,0
119.95,0
119.951,0
119.952,0
119.953,0
119.954,0
119.955,0
119.956,0
119.957,0
119.958,0
119.959,0
119.96,0
119.961,0
119.962,0
119.963,0
119.964,0
119.965,0
119.966,0
119.967,0
119.968,0
119.969,0
119.97,0
119.971,0
119.972,0
119.973,0
119.974,0
119.975,0
119.976,0
119.977,0
119.978,0
119.979,0
119.98,0
119.981,0
119.982,0
119.983,0
119.984,0
